equipamento_id,periodo,condicao_ambiente,modo_operacao,score_base,fator_ambiente,fator_operacao,score_risco,classificacao,fator_principal,alerta
Caminhão do Francisco 3,Abril 2026,-,-,23,1.0,1.0,23,BAIXO,Dificuldade da rota,[OK] Caminhão do Francisco 3: risco 23 - dentro do esperado.
Caminhão da Teresa,Abril 2026,-,-,63,1.0,1.0,63,ALTO,Estilo de condução,[ALERTA] Caminhão da Teresa: risco 63 - agendar inspeção em breve.
Caminhão do Eduardo 2,Abril 2026,-,-,55,1.0,1.0,55,ALTO,Estilo de condução,[ALERTA] Caminhão do Eduardo 2: risco 55 - agendar inspeção em breve.
Caminhão do Paulo 6,Abril 2026,-,-,37,1.0,1.0,37,MODERADO,Desaceleração/frenagem brusca,[ATENÇÃO] Caminhão do Paulo 6: risco 37 - monitorar na próxima vistoria.
Caminhão do Tiago 3,Abril 2026,-,-,37,1.0,1.0,37,MODERADO,Dificuldade da rota,[ATENÇÃO] Caminhão do Tiago 3: risco 37 - monitorar na próxima vistoria.
Caminhão da Larissa 3,Abril 2026,-,-,51,1.0,1.0,51,ALTO,Desaceleração/frenagem brusca,[ALERTA] Caminhão da Larissa 3: risco 51 - agendar inspeção em breve.
Caminhão da Érica 3,Abril 2026,-,-,23,1.0,1.0,23,BAIXO,Dificuldade da rota,[OK] Caminhão da Érica 3: risco 23 - dentro do esperado.
Caminhão do Gustavo 4,Abril 2026,-,-,36,1.0,1.0,36,MODERADO,Estilo de condução,[ATENÇÃO] Caminhão do Gustavo 4: risco 36 - monitorar na próxima vistoria.
Caminhão da Fernanda,Abril 2026,-,-,18,1.0,1.0,18,BAIXO,Dificuldade da rota,[OK] Caminhão da Fernanda: risco 18 - dentro do esperado.
Caminhão do Gabriel 2,Abril 2026,-,-,33,1.0,1.0,33,MODERADO,Dificuldade da rota,[ATENÇÃO] Caminhão do Gabriel 2: risco 33 - monitorar na próxima vistoria.
Caminhão do Miguel,Abril 2026,-,-,45,1.0,1.0,45,MODERADO,Estilo de condução,[ATENÇÃO] Caminhão do Miguel: risco 45 - monitorar na próxima vistoria.
Caminhão da Sandra 2,Abril 2026,-,-,52,1.0,1.0,52,ALTO,Estilo de condução,[ALERTA] Caminhão da Sandra 2: risco 52 - agendar inspeção em breve.
Caminhão da Vanessa 3,Abril 2026,-,-,41,1.0,1.0,41,MODERADO,Estilo de condução,[ATENÇÃO] Caminhão da Vanessa 3: risco 41 - monitorar na próxima vistoria.
Caminhão da Patrícia 5,Abril 2026,-,-,38,1.0,1.0,38,MODERADO,Estilo de condução,[ATENÇÃO] Caminhão da Patrícia 5: risco 38 - monitorar na próxima vistoria.
Caminhão do Davi 3,Abril 2026,-,-,37,1.0,1.0,37,MODERADO,Dificuldade da rota,[ATENÇÃO] Caminhão do Davi 3: risco 37 - monitorar na próxima vistoria.
Caminhão do Miguel 3,Abril 2026,-,-,49,1.0,1.0,49,MODERADO,Desaceleração/frenagem brusca,[ATENÇÃO] Caminhão do Miguel 3: risco 49 - monitorar na próxima vistoria.
Caminhão do José 6,Abril 2026,-,-,45,1.0,1.0,45,MODERADO,Desaceleração/frenagem brusca,[ATENÇÃO] Caminhão do José 6: risco 45 - monitorar na próxima vistoria.
Caminhão do Tadeu 4,Abril 2026,-,-,41,1.0,1.0,41,MODERADO,Desaceleração/frenagem brusca,[ATENÇÃO] Caminhão do Tadeu 4: risco 41 - monitorar na próxima vistoria.
Caminhão da Daniela 4,Abril 2026,-,-,36,1.0,1.0,36,MODERADO,Desaceleração/frenagem brusca,[ATENÇÃO] Caminhão da Daniela 4: risco 36 - monitorar na próxima vistoria.
Caminhão do Gabriel 3,Abril 2026,-,-,49,1.0,1.0,49,MODERADO,Desaceleração/frenagem brusca,[ATENÇÃO] Caminhão do Gabriel 3: risco 49 - monitorar na próxima vistoria.
Caminhão da Giovana,Abril 2026,-,-,37,1.0,1.0,37,MODERADO,Dificuldade da rota,[ATENÇÃO] Caminhão da Giovana: risco 37 - monitorar na próxima vistoria.
Caminhão do Zeca 5,Abril 2026,-,-,27,1.0,1.0,27,MODERADO,Dificuldade da rota,[ATENÇÃO] Caminhão do Zeca 5: risco 27 - monitorar na próxima vistoria.
Caminhão do Lucas 6,Abril 2026,-,-,30,1.0,1.0,30,MODERADO,Dificuldade da rota,[ATENÇÃO] Caminhão do Lucas 6: risco 30 - monitorar na próxima vistoria.
Caminhão do Marcelo 4,Abril 2026,-,-,38,1.0,1.0,38,MODERADO,Desaceleração/frenagem brusca,[ATENÇÃO] Caminhão do Marcelo 4: risco 38 - monitorar na próxima vistoria.
Caminhão do Fernando 5,Abril 2026,-,-,57,1.0,1.0,57,ALTO,Estilo de condução,[ALERTA] Caminhão do Fernando 5: risco 57 - agendar inspeção em breve.
Caminhão da Carla 4,Abril 2026,-,-,45,1.0,1.0,45,MODERADO,Estilo de condução,[ATENÇÃO] Caminhão da Carla 4: risco 45 - monitorar na próxima vistoria.
Caminhão do Saulo 5,Abril 2026,-,-,37,1.0,1.0,37,MODERADO,Desaceleração/frenagem brusca,[ATENÇÃO] Caminhão do Saulo 5: risco 37 - monitorar na próxima vistoria.
Caminhão da Renata 5,Abril 2026,-,-,53,1.0,1.0,53,ALTO,Estilo de condução,[ALERTA] Caminhão da Renata 5: risco 53 - agendar inspeção em breve.
Caminhão da Úrsula 5,Abril 2026,-,-,39,1.0,1.0,39,MODERADO,Dificuldade da rota,[ATENÇÃO] Caminhão da Úrsula 5: risco 39 - monitorar na próxima vistoria.
Caminhão do Felipe 3,Abril 2026,-,-,51,1.0,1.0,51,ALTO,Estilo de condução,[ALERTA] Caminhão do Felipe 3: risco 51 - agendar inspeção em breve.
Caminhão do Marcelo 5,Abril 2026,-,-,43,1.0,1.0,43,MODERADO,Estilo de condução,[ATENÇÃO] Caminhão do Marcelo 5: risco 43 - monitorar na próxima vistoria.
Caminhão do Márcio 2,Abril 2026,-,-,37,1.0,1.0,37,MODERADO,Desaceleração/frenagem brusca,[ATENÇÃO] Caminhão do Márcio 2: risco 37 - monitorar na próxima vistoria.
Caminhão da Renata,Abril 2026,-,-,50,1.0,1.0,50,MODERADO,Estilo de condução,[ATENÇÃO] Caminhão da Renata: risco 50 - monitorar na próxima vistoria.
Caminhão do Renato 4,Abril 2026,-,-,40,1.0,1.0,40,MODERADO,Estilo de condução,[ATENÇÃO] Caminhão do Renato 4: risco 40 - monitorar na próxima vistoria.
Caminhão da Joana 3,Abril 2026,-,-,44,1.0,1.0,44,MODERADO,Dificuldade da rota,[ATENÇÃO] Caminhão da Joana 3: risco 44 - monitorar na próxima vistoria.
Caminhão da Juliana 5,Abril 2026,-,-,32,1.0,1.0,32,MODERADO,Desaceleração/frenagem brusca,[ATENÇÃO] Caminhão da Juliana 5: risco 32 - monitorar na próxima vistoria.
Caminhão do Tadeu 2,Abril 2026,-,-,40,1.0,1.0,40,MODERADO,Estilo de condução,[ATENÇÃO] Caminhão do Tadeu 2: risco 40 - monitorar na próxima vistoria.
Caminhão do Yuri,Abril 2026,-,-,54,1.0,1.0,54,ALTO,Estilo de condução,[ALERTA] Caminhão do Yuri: risco 54 - agendar inspeção em breve.
Caminhão da Ana 2,Abril 2026,-,-,38,1.0,1.0,38,MODERADO,Estilo de condução,[ATENÇÃO] Caminhão da Ana 2: risco 38 - monitorar na próxima vistoria.
Caminhão da Vanessa,Abril 2026,-,-,46,1.0,1.0,46,MODERADO,Desaceleração/frenagem brusca,[ATENÇÃO] Caminhão da Vanessa: risco 46 - monitorar na próxima vistoria.
Caminhão da Marta 2,Abril 2026,-,-,39,1.0,1.0,39,MODERADO,Desaceleração/frenagem brusca,[ATENÇÃO] Caminhão da Marta 2: risco 39 - monitorar na próxima vistoria.
Caminhão da Isabela 5,Abril 2026,-,-,30,1.0,1.0,30,MODERADO,Desaceleração/frenagem brusca,[ATENÇÃO] Caminhão da Isabela 5: risco 30 - monitorar na próxima vistoria.
Caminhão da Larissa 4,Abril 2026,-,-,43,1.0,1.0,43,MODERADO,Desaceleração/frenagem brusca,[ATENÇÃO] Caminhão da Larissa 4: risco 43 - monitorar na próxima vistoria.
Caminhão do Pedro 6,Abril 2026,-,-,47,1.0,1.0,47,MODERADO,Desaceleração/frenagem brusca,[ATENÇÃO] Caminhão do Pedro 6: risco 47 - monitorar na próxima vistoria.
Caminhão do Valter 3,Abril 2026,-,-,57,1.0,1.0,57,ALTO,Estilo de condução,[ALERTA] Caminhão do Valter 3: risco 57 - agendar inspeção em breve.
Caminhão do Fernando 2,Abril 2026,-,-,57,1.0,1.0,57,ALTO,Estilo de condução,[ALERTA] Caminhão do Fernando 2: risco 57 - agendar inspeção em breve.
Caminhão do Caio 3,Abril 2026,-,-,36,1.0,1.0,36,MODERADO,Estilo de condução,[ATENÇÃO] Caminhão do Caio 3: risco 36 - monitorar na próxima vistoria.
Caminhão do Benedito 4,Abril 2026,-,-,38,1.0,1.0,38,MODERADO,Dificuldade da rota,[ATENÇÃO] Caminhão do Benedito 4: risco 38 - monitorar na próxima vistoria.
Caminhão do Valter 5,Abril 2026,-,-,45,1.0,1.0,45,MODERADO,Estilo de condução,[ATENÇÃO] Caminhão do Valter 5: risco 45 - monitorar na próxima vistoria.
Caminhão do André 4,Abril 2026,-,-,47,1.0,1.0,47,MODERADO,Estilo de condução,[ATENÇÃO] Caminhão do André 4: risco 47 - monitorar na próxima vistoria.
Caminhão do Roberto 6,Abril 2026,-,-,54,1.0,1.0,54,ALTO,Estilo de condução,[ALERTA] Caminhão do Roberto 6: risco 54 - agendar inspeção em breve.
Caminhão do Eduardo,Abril 2026,-,-,56,1.0,1.0,56,ALTO,Estilo de condução,[ALERTA] Caminhão do Eduardo: risco 56 - agendar inspeção em breve.
Caminhão do Carlos 6,Abril 2026,-,-,31,1.0,1.0,31,MODERADO,Dificuldade da rota,[ATENÇÃO] Caminhão do Carlos 6: risco 31 - monitorar na próxima vistoria.
Caminhão do Joaquim 4,Abril 2026,-,-,35,1.0,1.0,35,MODERADO,Desaceleração/frenagem brusca,[ATENÇÃO] Caminhão do Joaquim 4: risco 35 - monitorar na próxima vistoria.
Caminhão do Francisco 2,Abril 2026,-,-,46,1.0,1.0,46,MODERADO,Estilo de condução,[ATENÇÃO] Caminhão do Francisco 2: risco 46 - monitorar na próxima vistoria.
Caminhão do Zeca,Abril 2026,-,-,41,1.0,1.0,41,MODERADO,Estilo de condução,[ATENÇÃO] Caminhão do Zeca: risco 41 - monitorar na próxima vistoria.
Caminhão da Lúcia 2,Abril 2026,-,-,38,1.0,1.0,38,MODERADO,Dificuldade da rota,[ATENÇÃO] Caminhão da Lúcia 2: risco 38 - monitorar na próxima vistoria.
Caminhão do Mateus 6,Abril 2026,-,-,42,1.0,1.0,42,MODERADO,Estilo de condução,[ATENÇÃO] Caminhão do Mateus 6: risco 42 - monitorar na próxima vistoria.
Caminhão da Maria 4,Abril 2026,-,-,29,1.0,1.0,29,MODERADO,Dificuldade da rota,[ATENÇÃO] Caminhão da Maria 4: risco 29 - monitorar na próxima vistoria.
Caminhão do Antônio,Abril 2026,-,-,45,1.0,1.0,45,MODERADO,Estilo de condução,[ATENÇÃO] Caminhão do Antônio: risco 45 - monitorar na próxima vistoria.
Caminhão do Francisco 4,Abril 2026,-,-,39,1.0,1.0,39,MODERADO,Desaceleração/frenagem brusca,[ATENÇÃO] Caminhão do Francisco 4: risco 39 - monitorar na próxima vistoria.
Caminhão do Heitor 2,Abril 2026,-,-,63,1.0,1.0,63,ALTO,Estilo de condução,[ALERTA] Caminhão do Heitor 2: risco 63 - agendar inspeção em breve.
Caminhão do José 4,Abril 2026,-,-,58,1.0,1.0,58,ALTO,Estilo de condução,[ALERTA] Caminhão do José 4: risco 58 - agendar inspeção em breve.
Caminhão do Jorge,Abril 2026,-,-,51,1.0,1.0,51,ALTO,Estilo de condução,[ALERTA] Caminhão do Jorge: risco 51 - agendar inspeção em breve.
Caminhão do Yuri 4,Abril 2026,-,-,54,1.0,1.0,54,ALTO,Estilo de frenagem,[ALERTA] Caminhão do Yuri 4: risco 54 - agendar inspeção em breve.
Caminhão do Márcio 3,Abril 2026,-,-,62,1.0,1.0,62,ALTO,Estilo de condução,[ALERTA] Caminhão do Márcio 3: risco 62 - agendar inspeção em breve.
Caminhão da Natália 5,Abril 2026,-,-,36,1.0,1.0,36,MODERADO,Desaceleração/frenagem brusca,[ATENÇÃO] Caminhão da Natália 5: risco 36 - monitorar na próxima vistoria.
Caminhão do Marcelo,Abril 2026,-,-,42,1.0,1.0,42,MODERADO,Desaceleração/frenagem brusca,[ATENÇÃO] Caminhão do Marcelo: risco 42 - monitorar na próxima vistoria.
Caminhão do Cristiano 4,Abril 2026,-,-,50,1.0,1.0,50,MODERADO,Estilo de condução,[ATENÇÃO] Caminhão do Cristiano 4: risco 50 - monitorar na próxima vistoria.
Caminhão da Talita 5,Abril 2026,-,-,26,1.0,1.0,26,MODERADO,Dificuldade da rota,[ATENÇÃO] Caminhão da Talita 5: risco 26 - monitorar na próxima vistoria.
Caminhão da Gabriela 4,Abril 2026,-,-,41,1.0,1.0,41,MODERADO,Desaceleração/frenagem brusca,[ATENÇÃO] Caminhão da Gabriela 4: risco 41 - monitorar na próxima vistoria.
Caminhão da Eliana 3,Abril 2026,-,-,44,1.0,1.0,44,MODERADO,Dificuldade da rota,[ATENÇÃO] Caminhão da Eliana 3: risco 44 - monitorar na próxima vistoria.
Caminhão do João 6,Abril 2026,-,-,29,1.0,1.0,29,MODERADO,Dificuldade da rota,[ATENÇÃO] Caminhão do João 6: risco 29 - monitorar na próxima vistoria.
Caminhão do Rodrigo 5,Abril 2026,-,-,25,1.0,1.0,25,BAIXO,Desaceleração/frenagem brusca,[OK] Caminhão do Rodrigo 5: risco 25 - dentro do esperado.
Caminhão do Tiago,Abril 2026,-,-,41,1.0,1.0,41,MODERADO,Dificuldade da rota,[ATENÇÃO] Caminhão do Tiago: risco 41 - monitorar na próxima vistoria.
Caminhão da Karina,Abril 2026,-,-,51,1.0,1.0,51,ALTO,Estilo de condução,[ALERTA] Caminhão da Karina: risco 51 - agendar inspeção em breve.
Caminhão da Sabrina,Abril 2026,-,-,38,1.0,1.0,38,MODERADO,Desaceleração/frenagem brusca,[ATENÇÃO] Caminhão da Sabrina: risco 38 - monitorar na próxima vistoria.
Caminhão do Pablo 4,Abril 2026,-,-,47,1.0,1.0,47,MODERADO,Estilo de frenagem,[ATENÇÃO] Caminhão do Pablo 4: risco 47 - monitorar na próxima vistoria.
Caminhão da Giovana 5,Abril 2026,-,-,38,1.0,1.0,38,MODERADO,Dificuldade da rota,[ATENÇÃO] Caminhão da Giovana 5: risco 38 - monitorar na próxima vistoria.
Caminhão da Érica 5,Abril 2026,-,-,34,1.0,1.0,34,MODERADO,Desaceleração/frenagem brusca,[ATENÇÃO] Caminhão da Érica 5: risco 34 - monitorar na próxima vistoria.
Caminhão do Gilberto 5,Abril 2026,-,-,62,1.0,1.0,62,ALTO,Estilo de condução,[ALERTA] Caminhão do Gilberto 5: risco 62 - agendar inspeção em breve.
Caminhão do Samuel 3,Abril 2026,-,-,49,1.0,1.0,49,MODERADO,Dificuldade da rota,[ATENÇÃO] Caminhão do Samuel 3: risco 49 - monitorar na próxima vistoria.
Caminhão do Rafael 5,Abril 2026,-,-,58,1.0,1.0,58,ALTO,Estilo de condução,[ALERTA] Caminhão do Rafael 5: risco 58 - agendar inspeção em breve.
Caminhão da Heloísa 4,Abril 2026,-,-,36,1.0,1.0,36,MODERADO,Dificuldade da rota,[ATENÇÃO] Caminhão da Heloísa 4: risco 36 - monitorar na próxima vistoria.
Caminhão do Jorge 4,Abril 2026,-,-,43,1.0,1.0,43,MODERADO,Estilo de condução,[ATENÇÃO] Caminhão do Jorge 4: risco 43 - monitorar na próxima vistoria.
Caminhão do Benedito 2,Abril 2026,-,-,45,1.0,1.0,45,MODERADO,Estilo de condução,[ATENÇÃO] Caminhão do Benedito 2: risco 45 - monitorar na próxima vistoria.
Caminhão da Sandra 5,Abril 2026,-,-,55,1.0,1.0,55,ALTO,Estilo de condução,[ALERTA] Caminhão da Sandra 5: risco 55 - agendar inspeção em breve.
Caminhão do Luiz 4,Abril 2026,-,-,33,1.0,1.0,33,MODERADO,Desaceleração/frenagem brusca,[ATENÇÃO] Caminhão do Luiz 4: risco 33 - monitorar na próxima vistoria.
Caminhão do Henrique,Abril 2026,-,-,33,1.0,1.0,33,MODERADO,Desaceleração/frenagem brusca,[ATENÇÃO] Caminhão do Henrique: risco 33 - monitorar na próxima vistoria.
Caminhão do Leonardo 4,Abril 2026,-,-,35,1.0,1.0,35,MODERADO,Estilo de condução,[ATENÇÃO] Caminhão do Leonardo 4: risco 35 - monitorar na próxima vistoria.
Caminhão do Roberto 3,Abril 2026,-,-,39,1.0,1.0,39,MODERADO,Dificuldade da rota,[ATENÇÃO] Caminhão do Roberto 3: risco 39 - monitorar na próxima vistoria.
Caminhão da Heloísa 5,Abril 2026,-,-,40,1.0,1.0,40,MODERADO,Desaceleração/frenagem brusca,[ATENÇÃO] Caminhão da Heloísa 5: risco 40 - monitorar na próxima vistoria.
Caminhão do Carlos,Abril 2026,-,-,49,1.0,1.0,49,MODERADO,Desaceleração/frenagem brusca,[ATENÇÃO] Caminhão do Carlos: risco 49 - monitorar na próxima vistoria.
Caminhão da Beatriz 2,Abril 2026,-,-,54,1.0,1.0,54,ALTO,Estilo de condução,[ALERTA] Caminhão da Beatriz 2: risco 54 - agendar inspeção em breve.
Caminhão do Caio,Abril 2026,-,-,36,1.0,1.0,36,MODERADO,Desaceleração/frenagem brusca,[ATENÇÃO] Caminhão do Caio: risco 36 - monitorar na próxima vistoria.
Caminhão da Zilda 2,Abril 2026,-,-,43,1.0,1.0,43,MODERADO,Estilo de condução,[ATENÇÃO] Caminhão da Zilda 2: risco 43 - monitorar na próxima vistoria.
Caminhão da Clotilde 5,Abril 2026,-,-,60,1.0,1.0,60,ALTO,Estilo de condução,[ALERTA] Caminhão da Clotilde 5: risco 60 - agendar inspeção em breve.
Caminhão do Jorge 2,Abril 2026,-,-,41,1.0,1.0,41,MODERADO,Desaceleração/frenagem brusca,[ATENÇÃO] Caminhão do Jorge 2: risco 41 - monitorar na próxima vistoria.
Caminhão da Priscila,Abril 2026,-,-,50,1.0,1.0,50,MODERADO,Estilo de condução,[ATENÇÃO] Caminhão da Priscila: risco 50 - monitorar na próxima vistoria.
Caminhão do Paulo 4,Abril 2026,-,-,27,1.0,1.0,27,MODERADO,Desaceleração/frenagem brusca,[ATENÇÃO] Caminhão do Paulo 4: risco 27 - monitorar na próxima vistoria.
Caminhão da Adriana,Abril 2026,-,-,21,1.0,1.0,21,BAIXO,Desaceleração/frenagem brusca,[OK] Caminhão da Adriana: risco 21 - dentro do esperado.
Caminhão da Úrsula 2,Abril 2026,-,-,50,1.0,1.0,50,MODERADO,Estilo de condução,[ATENÇÃO] Caminhão da Úrsula 2: risco 50 - monitorar na próxima vistoria.
Caminhão do Rafael,Abril 2026,-,-,31,1.0,1.0,31,MODERADO,Dificuldade da rota,[ATENÇÃO] Caminhão do Rafael: risco 31 - monitorar na próxima vistoria.
Caminhão do Marcos,Abril 2026,-,-,62,1.0,1.0,62,ALTO,Estilo de condução,[ALERTA] Caminhão do Marcos: risco 62 - agendar inspeção em breve.
Caminhão do Fábio 2,Abril 2026,-,-,39,1.0,1.0,39,MODERADO,Dificuldade da rota,[ATENÇÃO] Caminhão do Fábio 2: risco 39 - monitorar na próxima vistoria.
Caminhão do Davi 5,Abril 2026,-,-,36,1.0,1.0,36,MODERADO,Estilo de condução,[ATENÇÃO] Caminhão do Davi 5: risco 36 - monitorar na próxima vistoria.
Caminhão do Rodrigo 6,Abril 2026,-,-,41,1.0,1.0,41,MODERADO,Desaceleração/frenagem brusca,[ATENÇÃO] Caminhão do Rodrigo 6: risco 41 - monitorar na próxima vistoria.
Caminhão do Renato 6,Abril 2026,-,-,48,1.0,1.0,48,MODERADO,Estilo de condução,[ATENÇÃO] Caminhão do Renato 6: risco 48 - monitorar na próxima vistoria.
Caminhão da Juliana 3,Abril 2026,-,-,41,1.0,1.0,41,MODERADO,Dificuldade da rota,[ATENÇÃO] Caminhão da Juliana 3: risco 41 - monitorar na próxima vistoria.
Caminhão da Carla 2,Abril 2026,-,-,33,1.0,1.0,33,MODERADO,Dificuldade da rota,[ATENÇÃO] Caminhão da Carla 2: risco 33 - monitorar na próxima vistoria.
Caminhão do Caio 5,Abril 2026,-,-,34,1.0,1.0,34,MODERADO,Dificuldade da rota,[ATENÇÃO] Caminhão do Caio 5: risco 34 - monitorar na próxima vistoria.
Caminhão da Marta 5,Abril 2026,-,-,61,1.0,1.0,61,ALTO,Estilo de condução,[ALERTA] Caminhão da Marta 5: risco 61 - agendar inspeção em breve.
Caminhão do Marcos 6,Abril 2026,-,-,35,1.0,1.0,35,MODERADO,Desaceleração/frenagem brusca,[ATENÇÃO] Caminhão do Marcos 6: risco 35 - monitorar na próxima vistoria.
Caminhão do Elias 5,Abril 2026,-,-,50,1.0,1.0,50,MODERADO,Dificuldade da rota,[ATENÇÃO] Caminhão do Elias 5: risco 50 - monitorar na próxima vistoria.
Caminhão do Tadeu 5,Abril 2026,-,-,59,1.0,1.0,59,ALTO,Estilo de condução,[ALERTA] Caminhão do Tadeu 5: risco 59 - agendar inspeção em breve.
Caminhão do Heitor,Abril 2026,-,-,40,1.0,1.0,40,MODERADO,Desaceleração/frenagem brusca,[ATENÇÃO] Caminhão do Heitor: risco 40 - monitorar na próxima vistoria.
Caminhão do Paulo 5,Abril 2026,-,-,29,1.0,1.0,29,MODERADO,Dificuldade da rota,[ATENÇÃO] Caminhão do Paulo 5: risco 29 - monitorar na próxima vistoria.
Caminhão da Patrícia 3,Abril 2026,-,-,31,1.0,1.0,31,MODERADO,Desaceleração/frenagem brusca,[ATENÇÃO] Caminhão da Patrícia 3: risco 31 - monitorar na próxima vistoria.
Caminhão do Vinícius 6,Abril 2026,-,-,34,1.0,1.0,34,MODERADO,Dificuldade da rota,[ATENÇÃO] Caminhão do Vinícius 6: risco 34 - monitorar na próxima vistoria.
Caminhão do Henrique 4,Abril 2026,-,-,50,1.0,1.0,50,MODERADO,Estilo de condução,[ATENÇÃO] Caminhão do Henrique 4: risco 50 - monitorar na próxima vistoria.
Caminhão da Sabrina 3,Abril 2026,-,-,43,1.0,1.0,43,MODERADO,Estilo de condução,[ATENÇÃO] Caminhão da Sabrina 3: risco 43 - monitorar na próxima vistoria.
Caminhão do Mateus 4,Abril 2026,-,-,47,1.0,1.0,47,MODERADO,Estilo de condução,[ATENÇÃO] Caminhão do Mateus 4: risco 47 - monitorar na próxima vistoria.
Caminhão da Yasmin 4,Abril 2026,-,-,56,1.0,1.0,56,ALTO,Estilo de condução,[ALERTA] Caminhão da Yasmin 4: risco 56 - agendar inspeção em breve.
Caminhão da Mariana 4,Abril 2026,-,-,57,1.0,1.0,57,ALTO,Estilo de condução,[ALERTA] Caminhão da Mariana 4: risco 57 - agendar inspeção em breve.
Caminhão do Orlando 4,Abril 2026,-,-,46,1.0,1.0,46,MODERADO,Estilo de condução,[ATENÇÃO] Caminhão do Orlando 4: risco 46 - monitorar na próxima vistoria.
Caminhão do Alexandre 4,Abril 2026,-,-,27,1.0,1.0,27,MODERADO,Dificuldade da rota,[ATENÇÃO] Caminhão do Alexandre 4: risco 27 - monitorar na próxima vistoria.
Caminhão do Eduardo 5,Abril 2026,-,-,37,1.0,1.0,37,MODERADO,Desaceleração/frenagem brusca,[ATENÇÃO] Caminhão do Eduardo 5: risco 37 - monitorar na próxima vistoria.
Caminhão do Lucas 3,Abril 2026,-,-,50,1.0,1.0,50,MODERADO,Estilo de condução,[ATENÇÃO] Caminhão do Lucas 3: risco 50 - monitorar na próxima vistoria.
Caminhão da Bianca 3,Abril 2026,-,-,35,1.0,1.0,35,MODERADO,Dificuldade da rota,[ATENÇÃO] Caminhão da Bianca 3: risco 35 - monitorar na próxima vistoria.
Caminhão do Roberto 5,Abril 2026,-,-,25,1.0,1.0,25,BAIXO,Desaceleração/frenagem brusca,[OK] Caminhão do Roberto 5: risco 25 - dentro do esperado.
Caminhão da Clotilde,Abril 2026,-,-,44,1.0,1.0,44,MODERADO,Estilo de condução,[ATENÇÃO] Caminhão da Clotilde: risco 44 - monitorar na próxima vistoria.
Caminhão do Luiz 5,Abril 2026,-,-,32,1.0,1.0,32,MODERADO,Dificuldade da rota,[ATENÇÃO] Caminhão do Luiz 5: risco 32 - monitorar na próxima vistoria.
Caminhão da Nádia,Abril 2026,-,-,40,1.0,1.0,40,MODERADO,Desaceleração/frenagem brusca,[ATENÇÃO] Caminhão da Nádia: risco 40 - monitorar na próxima vistoria.
Caminhão da Helena 4,Abril 2026,-,-,29,1.0,1.0,29,MODERADO,Dificuldade da rota,[ATENÇÃO] Caminhão da Helena 4: risco 29 - monitorar na próxima vistoria.
Caminhão do Henrique 3,Abril 2026,-,-,45,1.0,1.0,45,MODERADO,Desaceleração/frenagem brusca,[ATENÇÃO] Caminhão do Henrique 3: risco 45 - monitorar na próxima vistoria.
Caminhão do Rafael 4,Abril 2026,-,-,36,1.0,1.0,36,MODERADO,Dificuldade da rota,[ATENÇÃO] Caminhão do Rafael 4: risco 36 - monitorar na próxima vistoria.
Caminhão do Francisco,Abril 2026,-,-,22,1.0,1.0,22,BAIXO,Dificuldade da rota,[OK] Caminhão do Francisco: risco 22 - dentro do esperado.
Caminhão do Yuri 5,Abril 2026,-,-,39,1.0,1.0,39,MODERADO,Dificuldade da rota,[ATENÇÃO] Caminhão do Yuri 5: risco 39 - monitorar na próxima vistoria.
Caminhão do Roberto 2,Abril 2026,-,-,29,1.0,1.0,29,MODERADO,Dificuldade da rota,[ATENÇÃO] Caminhão do Roberto 2: risco 29 - monitorar na próxima vistoria.
Caminhão do Samuel 4,Abril 2026,-,-,53,1.0,1.0,53,ALTO,Estilo de condução,[ALERTA] Caminhão do Samuel 4: risco 53 - agendar inspeção em breve.
Caminhão do Carlos 3,Abril 2026,-,-,57,1.0,1.0,57,ALTO,Estilo de condução,[ALERTA] Caminhão do Carlos 3: risco 57 - agendar inspeção em breve.
Caminhão do Pedro 2,Abril 2026,-,-,37,1.0,1.0,37,MODERADO,Dificuldade da rota,[ATENÇÃO] Caminhão do Pedro 2: risco 37 - monitorar na próxima vistoria.
Caminhão da Eliana,Abril 2026,-,-,45,1.0,1.0,45,MODERADO,Desaceleração/frenagem brusca,[ATENÇÃO] Caminhão da Eliana: risco 45 - monitorar na próxima vistoria.
Caminhão do Sérgio 4,Abril 2026,-,-,43,1.0,1.0,43,MODERADO,Estilo de condução,[ATENÇÃO] Caminhão do Sérgio 4: risco 43 - monitorar na próxima vistoria.
Caminhão da Wilma 5,Abril 2026,-,-,41,1.0,1.0,41,MODERADO,Desaceleração/frenagem brusca,[ATENÇÃO] Caminhão da Wilma 5: risco 41 - monitorar na próxima vistoria.
Caminhão da Yasmin,Abril 2026,-,-,42,1.0,1.0,42,MODERADO,Dificuldade da rota,[ATENÇÃO] Caminhão da Yasmin: risco 42 - monitorar na próxima vistoria.
Caminhão do Valter 2,Abril 2026,-,-,39,1.0,1.0,39,MODERADO,Dificuldade da rota,[ATENÇÃO] Caminhão do Valter 2: risco 39 - monitorar na próxima vistoria.
Caminhão da Olívia 2,Abril 2026,-,-,46,1.0,1.0,46,MODERADO,Desaceleração/frenagem brusca,[ATENÇÃO] Caminhão da Olívia 2: risco 46 - monitorar na próxima vistoria.
Caminhão do Benedito 3,Abril 2026,-,-,60,1.0,1.0,60,ALTO,Estilo de condução,[ALERTA] Caminhão do Benedito 3: risco 60 - agendar inspeção em breve.
Caminhão do Diego 3,Abril 2026,-,-,48,1.0,1.0,48,MODERADO,Estilo de condução,[ATENÇÃO] Caminhão do Diego 3: risco 48 - monitorar na próxima vistoria.
Caminhão da Flávia 3,Abril 2026,-,-,45,1.0,1.0,45,MODERADO,Estilo de condução,[ATENÇÃO] Caminhão da Flávia 3: risco 45 - monitorar na próxima vistoria.
Caminhão da Talita 4,Abril 2026,-,-,48,1.0,1.0,48,MODERADO,Estilo de condução,[ATENÇÃO] Caminhão da Talita 4: risco 48 - monitorar na próxima vistoria.
Caminhão da Valéria 5,Abril 2026,-,-,50,1.0,1.0,50,MODERADO,Estilo de condução,[ATENÇÃO] Caminhão da Valéria 5: risco 50 - monitorar na próxima vistoria.
Caminhão da Valéria,Abril 2026,-,-,37,1.0,1.0,37,MODERADO,Desaceleração/frenagem brusca,[ATENÇÃO] Caminhão da Valéria: risco 37 - monitorar na próxima vistoria.
Caminhão da Camila,Abril 2026,-,-,21,1.0,1.0,21,BAIXO,Estilo de condução,[OK] Caminhão da Camila: risco 21 - dentro do esperado.
Caminhão do Leandro 3,Abril 2026,-,-,45,1.0,1.0,45,MODERADO,Estilo de condução,[ATENÇÃO] Caminhão do Leandro 3: risco 45 - monitorar na próxima vistoria.
Caminhão da Valéria 2,Abril 2026,-,-,37,1.0,1.0,37,MODERADO,Estilo de condução,[ATENÇÃO] Caminhão da Valéria 2: risco 37 - monitorar na próxima vistoria.
Caminhão da Sabrina 5,Abril 2026,-,-,34,1.0,1.0,34,MODERADO,Estilo de condução,[ATENÇÃO] Caminhão da Sabrina 5: risco 34 - monitorar na próxima vistoria.
Caminhão do Miguel 4,Abril 2026,-,-,44,1.0,1.0,44,MODERADO,Estilo de condução,[ATENÇÃO] Caminhão do Miguel 4: risco 44 - monitorar na próxima vistoria.
Caminhão do Orlando,Abril 2026,-,-,22,1.0,1.0,22,BAIXO,Estilo de condução,[OK] Caminhão do Orlando: risco 22 - dentro do esperado.
Caminhão do Felipe 4,Abril 2026,-,-,23,1.0,1.0,23,BAIXO,Dificuldade da rota,[OK] Caminhão do Felipe 4: risco 23 - dentro do esperado.
Caminhão do Gabriel 6,Abril 2026,-,-,49,1.0,1.0,49,MODERADO,Estilo de condução,[ATENÇÃO] Caminhão do Gabriel 6: risco 49 - monitorar na próxima vistoria.
Caminhão do Mateus 5,Abril 2026,-,-,56,1.0,1.0,56,ALTO,Estilo de condução,[ALERTA] Caminhão do Mateus 5: risco 56 - agendar inspeção em breve.
Caminhão da Carla,Abril 2026,-,-,33,1.0,1.0,33,MODERADO,Dificuldade da rota,[ATENÇÃO] Caminhão da Carla: risco 33 - monitorar na próxima vistoria.
Caminhão da Giovana 2,Abril 2026,-,-,51,1.0,1.0,51,ALTO,Desaceleração/frenagem brusca,[ALERTA] Caminhão da Giovana 2: risco 51 - agendar inspeção em breve.
Caminhão do Elias 4,Abril 2026,-,-,48,1.0,1.0,48,MODERADO,Desaceleração/frenagem brusca,[ATENÇÃO] Caminhão do Elias 4: risco 48 - monitorar na próxima vistoria.
Caminhão do Vinícius,Abril 2026,-,-,47,1.0,1.0,47,MODERADO,Estilo de condução,[ATENÇÃO] Caminhão do Vinícius: risco 47 - monitorar na próxima vistoria.
Caminhão da Isabela 3,Abril 2026,-,-,31,1.0,1.0,31,MODERADO,Dificuldade da rota,[ATENÇÃO] Caminhão da Isabela 3: risco 31 - monitorar na próxima vistoria.
Caminhão do Fernando,Abril 2026,-,-,45,1.0,1.0,45,MODERADO,Desaceleração/frenagem brusca,[ATENÇÃO] Caminhão do Fernando: risco 45 - monitorar na próxima vistoria.
Caminhão da Camila 3,Abril 2026,-,-,38,1.0,1.0,38,MODERADO,Desaceleração/frenagem brusca,[ATENÇÃO] Caminhão da Camila 3: risco 38 - monitorar na próxima vistoria.
Caminhão da Renata 4,Abril 2026,-,-,32,1.0,1.0,32,MODERADO,Desaceleração/frenagem brusca,[ATENÇÃO] Caminhão da Renata 4: risco 32 - monitorar na próxima vistoria.
Caminhão da Mariana 2,Abril 2026,-,-,41,1.0,1.0,41,MODERADO,Estilo de condução,[ATENÇÃO] Caminhão da Mariana 2: risco 41 - monitorar na próxima vistoria.
Caminhão do Benedito 5,Abril 2026,-,-,46,1.0,1.0,46,MODERADO,Estilo de condução,[ATENÇÃO] Caminhão do Benedito 5: risco 46 - monitorar na próxima vistoria.
Caminhão do Pablo,Abril 2026,-,-,54,1.0,1.0,54,ALTO,Estilo de condução,[ALERTA] Caminhão do Pablo: risco 54 - agendar inspeção em breve.
Caminhão do Heitor 4,Abril 2026,-,-,41,1.0,1.0,41,MODERADO,Desaceleração/frenagem brusca,[ATENÇÃO] Caminhão do Heitor 4: risco 41 - monitorar na próxima vistoria.
Caminhão da Raquel 2,Abril 2026,-,-,43,1.0,1.0,43,MODERADO,Estilo de condução,[ATENÇÃO] Caminhão da Raquel 2: risco 43 - monitorar na próxima vistoria.
Caminhão do Gabriel 5,Abril 2026,-,-,47,1.0,1.0,47,MODERADO,Estilo de condução,[ATENÇÃO] Caminhão do Gabriel 5: risco 47 - monitorar na próxima vistoria.
Caminhão da Nádia 2,Abril 2026,-,-,55,1.0,1.0,55,ALTO,Estilo de condução,[ALERTA] Caminhão da Nádia 2: risco 55 - agendar inspeção em breve.
Caminhão do Fernando 3,Abril 2026,-,-,55,1.0,1.0,55,ALTO,Estilo de condução,[ALERTA] Caminhão do Fernando 3: risco 55 - agendar inspeção em breve.
Caminhão do Arthur 3,Abril 2026,-,-,50,1.0,1.0,50,MODERADO,Estilo de condução,[ATENÇÃO] Caminhão do Arthur 3: risco 50 - monitorar na próxima vistoria.
Caminhão da Valéria 4,Abril 2026,-,-,25,1.0,1.0,25,BAIXO,Desaceleração/frenagem brusca,[OK] Caminhão da Valéria 4: risco 25 - dentro do esperado.
Caminhão do Valter 4,Abril 2026,-,-,42,1.0,1.0,42,MODERADO,Estilo de condução,[ATENÇÃO] Caminhão do Valter 4: risco 42 - monitorar na próxima vistoria.
Caminhão do Marcelo 3,Abril 2026,-,-,33,1.0,1.0,33,MODERADO,Desaceleração/frenagem brusca,[ATENÇÃO] Caminhão do Marcelo 3: risco 33 - monitorar na próxima vistoria.
Caminhão da Camila 5,Abril 2026,-,-,40,1.0,1.0,40,MODERADO,Desaceleração/frenagem brusca,[ATENÇÃO] Caminhão da Camila 5: risco 40 - monitorar na próxima vistoria.
Caminhão do Marcos 2,Abril 2026,-,-,42,1.0,1.0,42,MODERADO,Desaceleração/frenagem brusca,[ATENÇÃO] Caminhão do Marcos 2: risco 42 - monitorar na próxima vistoria.
Caminhão do Leandro 2,Abril 2026,-,-,30,1.0,1.0,30,MODERADO,Dificuldade da rota,[ATENÇÃO] Caminhão do Leandro 2: risco 30 - monitorar na próxima vistoria.
Caminhão da Maria 3,Abril 2026,-,-,54,1.0,1.0,54,ALTO,Estilo de condução,[ALERTA] Caminhão da Maria 3: risco 54 - agendar inspeção em breve.
Caminhão do Ricardo 3,Abril 2026,-,-,60,1.0,1.0,60,ALTO,Estilo de condução,[ALERTA] Caminhão do Ricardo 3: risco 60 - agendar inspeção em breve.
Caminhão do Joaquim,Abril 2026,-,-,48,1.0,1.0,48,MODERADO,Dificuldade da rota,[ATENÇÃO] Caminhão do Joaquim: risco 48 - monitorar na próxima vistoria.
Caminhão da Teresa 4,Abril 2026,-,-,29,1.0,1.0,29,MODERADO,Dificuldade da rota,[ATENÇÃO] Caminhão da Teresa 4: risco 29 - monitorar na próxima vistoria.
Caminhão do Joaquim 3,Abril 2026,-,-,38,1.0,1.0,38,MODERADO,Estilo de condução,[ATENÇÃO] Caminhão do Joaquim 3: risco 38 - monitorar na próxima vistoria.
Caminhão do Nelson 3,Abril 2026,-,-,56,1.0,1.0,56,ALTO,Estilo de condução,[ALERTA] Caminhão do Nelson 3: risco 56 - agendar inspeção em breve.
Caminhão do Fábio 4,Abril 2026,-,-,42,1.0,1.0,42,MODERADO,Desaceleração/frenagem brusca,[ATENÇÃO] Caminhão do Fábio 4: risco 42 - monitorar na próxima vistoria.
Caminhão da Sandra 4,Abril 2026,-,-,29,1.0,1.0,29,MODERADO,Desaceleração/frenagem brusca,[ATENÇÃO] Caminhão da Sandra 4: risco 29 - monitorar na próxima vistoria.
Caminhão do Daniel 5,Abril 2026,-,-,31,1.0,1.0,31,MODERADO,Dificuldade da rota,[ATENÇÃO] Caminhão do Daniel 5: risco 31 - monitorar na próxima vistoria.
Caminhão da Érica,Abril 2026,-,-,45,1.0,1.0,45,MODERADO,Desaceleração/frenagem brusca,[ATENÇÃO] Caminhão da Érica: risco 45 - monitorar na próxima vistoria.
Caminhão do Wagner 5,Abril 2026,-,-,43,1.0,1.0,43,MODERADO,Estilo de condução,[ATENÇÃO] Caminhão do Wagner 5: risco 43 - monitorar na próxima vistoria.
Caminhão da Úrsula 3,Abril 2026,-,-,60,1.0,1.0,60,ALTO,Estilo de condução,[ALERTA] Caminhão da Úrsula 3: risco 60 - agendar inspeção em breve.
Caminhão do Vitor,Abril 2026,-,-,51,1.0,1.0,51,ALTO,Estilo de condução,[ALERTA] Caminhão do Vitor: risco 51 - agendar inspeção em breve.
Caminhão do Leandro,Abril 2026,-,-,31,1.0,1.0,31,MODERADO,Desaceleração/frenagem brusca,[ATENÇÃO] Caminhão do Leandro: risco 31 - monitorar na próxima vistoria.
Caminhão da Mariana 3,Abril 2026,-,-,59,1.0,1.0,59,ALTO,Estilo de condução,[ALERTA] Caminhão da Mariana 3: risco 59 - agendar inspeção em breve.
Caminhão da Ana 5,Abril 2026,-,-,60,1.0,1.0,60,ALTO,Estilo de condução,[ALERTA] Caminhão da Ana 5: risco 60 - agendar inspeção em breve.
Caminhão do Diego 2,Abril 2026,-,-,40,1.0,1.0,40,MODERADO,Dificuldade da rota,[ATENÇÃO] Caminhão do Diego 2: risco 40 - monitorar na próxima vistoria.
Caminhão da Marta 4,Abril 2026,-,-,34,1.0,1.0,34,MODERADO,Dificuldade da rota,[ATENÇÃO] Caminhão da Marta 4: risco 34 - monitorar na próxima vistoria.
Caminhão do Arthur,Abril 2026,-,-,37,1.0,1.0,37,MODERADO,Desaceleração/frenagem brusca,[ATENÇÃO] Caminhão do Arthur: risco 37 - monitorar na próxima vistoria.
Caminhão da Débora 3,Abril 2026,-,-,44,1.0,1.0,44,MODERADO,Estilo de condução,[ATENÇÃO] Caminhão da Débora 3: risco 44 - monitorar na próxima vistoria.
Caminhão da Juliana,Abril 2026,-,-,43,1.0,1.0,43,MODERADO,Desaceleração/frenagem brusca,[ATENÇÃO] Caminhão da Juliana: risco 43 - monitorar na próxima vistoria.
Caminhão do Ícaro 5,Abril 2026,-,-,36,1.0,1.0,36,MODERADO,Desaceleração/frenagem brusca,[ATENÇÃO] Caminhão do Ícaro 5: risco 36 - monitorar na próxima vistoria.
Caminhão da Raquel 4,Abril 2026,-,-,36,1.0,1.0,36,MODERADO,Dificuldade da rota,[ATENÇÃO] Caminhão da Raquel 4: risco 36 - monitorar na próxima vistoria.
Caminhão da Isabela 2,Abril 2026,-,-,37,1.0,1.0,37,MODERADO,Dificuldade da rota,[ATENÇÃO] Caminhão da Isabela 2: risco 37 - monitorar na próxima vistoria.
Caminhão do Gilberto 2,Abril 2026,-,-,24,1.0,1.0,24,BAIXO,Dificuldade da rota,[OK] Caminhão do Gilberto 2: risco 24 - dentro do esperado.
Caminhão da Beatriz 4,Abril 2026,-,-,58,1.0,1.0,58,ALTO,Estilo de condução,[ALERTA] Caminhão da Beatriz 4: risco 58 - agendar inspeção em breve.
Caminhão do Renato 3,Abril 2026,-,-,38,1.0,1.0,38,MODERADO,Desaceleração/frenagem brusca,[ATENÇÃO] Caminhão do Renato 3: risco 38 - monitorar na próxima vistoria.
Caminhão do Ricardo 5,Abril 2026,-,-,41,1.0,1.0,41,MODERADO,Desaceleração/frenagem brusca,[ATENÇÃO] Caminhão do Ricardo 5: risco 41 - monitorar na próxima vistoria.
Caminhão do Davi 2,Abril 2026,-,-,49,1.0,1.0,49,MODERADO,Desaceleração/frenagem brusca,[ATENÇÃO] Caminhão do Davi 2: risco 49 - monitorar na próxima vistoria.
Caminhão do Rogério 4,Abril 2026,-,-,48,1.0,1.0,48,MODERADO,Estilo de condução,[ATENÇÃO] Caminhão do Rogério 4: risco 48 - monitorar na próxima vistoria.
Caminhão do Alexandre 3,Abril 2026,-,-,57,1.0,1.0,57,ALTO,Estilo de condução,[ALERTA] Caminhão do Alexandre 3: risco 57 - agendar inspeção em breve.
Caminhão da Fernanda 5,Abril 2026,-,-,33,1.0,1.0,33,MODERADO,Desaceleração/frenagem brusca,[ATENÇÃO] Caminhão da Fernanda 5: risco 33 - monitorar na próxima vistoria.
Caminhão da Marta 3,Abril 2026,-,-,40,1.0,1.0,40,MODERADO,Desaceleração/frenagem brusca,[ATENÇÃO] Caminhão da Marta 3: risco 40 - monitorar na próxima vistoria.
Caminhão do Gustavo 3,Abril 2026,-,-,45,1.0,1.0,45,MODERADO,Dificuldade da rota,[ATENÇÃO] Caminhão do Gustavo 3: risco 45 - monitorar na próxima vistoria.
Caminhão do João 5,Abril 2026,-,-,28,1.0,1.0,28,MODERADO,Dificuldade da rota,[ATENÇÃO] Caminhão do João 5: risco 28 - monitorar na próxima vistoria.
Caminhão da Lúcia,Abril 2026,-,-,51,1.0,1.0,51,ALTO,Estilo de condução,[ALERTA] Caminhão da Lúcia: risco 51 - agendar inspeção em breve.
Caminhão do Bruno,Abril 2026,-,-,41,1.0,1.0,41,MODERADO,Dificuldade da rota,[ATENÇÃO] Caminhão do Bruno: risco 41 - monitorar na próxima vistoria.
Caminhão do Saulo 3,Abril 2026,-,-,49,1.0,1.0,49,MODERADO,Estilo de condução,[ATENÇÃO] Caminhão do Saulo 3: risco 49 - monitorar na próxima vistoria.
Caminhão do Felipe 5,Abril 2026,-,-,57,1.0,1.0,57,ALTO,Estilo de condução,[ALERTA] Caminhão do Felipe 5: risco 57 - agendar inspeção em breve.
Caminhão da Olívia 3,Abril 2026,-,-,43,1.0,1.0,43,MODERADO,Desaceleração/frenagem brusca,[ATENÇÃO] Caminhão da Olívia 3: risco 43 - monitorar na próxima vistoria.
Caminhão do Leandro 5,Abril 2026,-,-,46,1.0,1.0,46,MODERADO,Estilo de condução,[ATENÇÃO] Caminhão do Leandro 5: risco 46 - monitorar na próxima vistoria.
Caminhão da Wilma 4,Abril 2026,-,-,56,1.0,1.0,56,ALTO,Estilo de condução,[ALERTA] Caminhão da Wilma 4: risco 56 - agendar inspeção em breve.
Caminhão do Tiago 4,Abril 2026,-,-,29,1.0,1.0,29,MODERADO,Desaceleração/frenagem brusca,[ATENÇÃO] Caminhão do Tiago 4: risco 29 - monitorar na próxima vistoria.
Caminhão do Otávio 3,Abril 2026,-,-,40,1.0,1.0,40,MODERADO,Desaceleração/frenagem brusca,[ATENÇÃO] Caminhão do Otávio 3: risco 40 - monitorar na próxima vistoria.
Caminhão do Rogério 5,Abril 2026,-,-,53,1.0,1.0,53,ALTO,Estilo de condução,[ALERTA] Caminhão do Rogério 5: risco 53 - agendar inspeção em breve.
Caminhão do Rogério 2,Abril 2026,-,-,59,1.0,1.0,59,ALTO,Estilo de condução,[ALERTA] Caminhão do Rogério 2: risco 59 - agendar inspeção em breve.
Caminhão do Lucas 5,Abril 2026,-,-,60,1.0,1.0,60,ALTO,Estilo de condução,[ALERTA] Caminhão do Lucas 5: risco 60 - agendar inspeção em breve.
Caminhão da Helena 5,Abril 2026,-,-,36,1.0,1.0,36,MODERADO,Dificuldade da rota,[ATENÇÃO] Caminhão da Helena 5: risco 36 - monitorar na próxima vistoria.
Caminhão do Renato,Abril 2026,-,-,49,1.0,1.0,49,MODERADO,Estilo de condução,[ATENÇÃO] Caminhão do Renato: risco 49 - monitorar na próxima vistoria.
Caminhão do Alexandre 2,Abril 2026,-,-,41,1.0,1.0,41,MODERADO,Dificuldade da rota,[ATENÇÃO] Caminhão do Alexandre 2: risco 41 - monitorar na próxima vistoria.
Caminhão do Ricardo 4,Abril 2026,-,-,58,1.0,1.0,58,ALTO,Estilo de condução,[ALERTA] Caminhão do Ricardo 4: risco 58 - agendar inspeção em breve.
Caminhão da Adriana 2,Abril 2026,-,-,38,1.0,1.0,38,MODERADO,Desaceleração/frenagem brusca,[ATENÇÃO] Caminhão da Adriana 2: risco 38 - monitorar na próxima vistoria.
Caminhão da Raquel 3,Abril 2026,-,-,41,1.0,1.0,41,MODERADO,Estilo de frenagem,[ATENÇÃO] Caminhão da Raquel 3: risco 41 - monitorar na próxima vistoria.
Caminhão da Bianca,Abril 2026,-,-,47,1.0,1.0,47,MODERADO,Estilo de condução,[ATENÇÃO] Caminhão da Bianca: risco 47 - monitorar na próxima vistoria.
Caminhão da Nádia 4,Abril 2026,-,-,43,1.0,1.0,43,MODERADO,Desaceleração/frenagem brusca,[ATENÇÃO] Caminhão da Nádia 4: risco 43 - monitorar na próxima vistoria.
Caminhão do Gustavo 2,Abril 2026,-,-,47,1.0,1.0,47,MODERADO,Estilo de condução,[ATENÇÃO] Caminhão do Gustavo 2: risco 47 - monitorar na próxima vistoria.
Caminhão da Zilda 5,Abril 2026,-,-,40,1.0,1.0,40,MODERADO,Desaceleração/frenagem brusca,[ATENÇÃO] Caminhão da Zilda 5: risco 40 - monitorar na próxima vistoria.
Caminhão do José 5,Abril 2026,-,-,50,1.0,1.0,50,MODERADO,Estilo de condução,[ATENÇÃO] Caminhão do José 5: risco 50 - monitorar na próxima vistoria.
Caminhão da Daniela,Abril 2026,-,-,25,1.0,1.0,25,BAIXO,Dificuldade da rota,[OK] Caminhão da Daniela: risco 25 - dentro do esperado.
Caminhão do Fábio 5,Abril 2026,-,-,57,1.0,1.0,57,ALTO,Estilo de condução,[ALERTA] Caminhão do Fábio 5: risco 57 - agendar inspeção em breve.
Caminhão do Cristiano 2,Abril 2026,-,-,43,1.0,1.0,43,MODERADO,Desaceleração/frenagem brusca,[ATENÇÃO] Caminhão do Cristiano 2: risco 43 - monitorar na próxima vistoria.
Caminhão do Fábio,Abril 2026,-,-,54,1.0,1.0,54,ALTO,Estilo de condução,[ALERTA] Caminhão do Fábio: risco 54 - agendar inspeção em breve.
Caminhão do Vitor 5,Abril 2026,-,-,43,1.0,1.0,43,MODERADO,Estilo de condução,[ATENÇÃO] Caminhão do Vitor 5: risco 43 - monitorar na próxima vistoria.
Caminhão do Wagner 2,Abril 2026,-,-,36,1.0,1.0,36,MODERADO,Dificuldade da rota,[ATENÇÃO] Caminhão do Wagner 2: risco 36 - monitorar na próxima vistoria.
Caminhão do Orlando 2,Abril 2026,-,-,53,1.0,1.0,53,ALTO,Estilo de condução,[ALERTA] Caminhão do Orlando 2: risco 53 - agendar inspeção em breve.
Caminhão do Rodrigo 4,Abril 2026,-,-,32,1.0,1.0,32,MODERADO,Dificuldade da rota,[ATENÇÃO] Caminhão do Rodrigo 4: risco 32 - monitorar na próxima vistoria.
Caminhão da Helena 2,Abril 2026,-,-,48,1.0,1.0,48,MODERADO,Estilo de condução,[ATENÇÃO] Caminhão da Helena 2: risco 48 - monitorar na próxima vistoria.
Caminhão do Marcelo 2,Abril 2026,-,-,37,1.0,1.0,37,MODERADO,Desaceleração/frenagem brusca,[ATENÇÃO] Caminhão do Marcelo 2: risco 37 - monitorar na próxima vistoria.
Caminhão da Carla 3,Abril 2026,-,-,41,1.0,1.0,41,MODERADO,Dificuldade da rota,[ATENÇÃO] Caminhão da Carla 3: risco 41 - monitorar na próxima vistoria.
Caminhão do Gilberto 4,Abril 2026,-,-,57,1.0,1.0,57,ALTO,Estilo de condução,[ALERTA] Caminhão do Gilberto 4: risco 57 - agendar inspeção em breve.
Caminhão do Diego 4,Abril 2026,-,-,58,1.0,1.0,58,ALTO,Estilo de condução,[ALERTA] Caminhão do Diego 4: risco 58 - agendar inspeção em breve.
Caminhão da Heloísa 2,Abril 2026,-,-,46,1.0,1.0,46,MODERADO,Estilo de condução,[ATENÇÃO] Caminhão da Heloísa 2: risco 46 - monitorar na próxima vistoria.
Caminhão do Otávio,Abril 2026,-,-,60,1.0,1.0,60,ALTO,Estilo de condução,[ALERTA] Caminhão do Otávio: risco 60 - agendar inspeção em breve.
Caminhão do Lucas 4,Abril 2026,-,-,31,1.0,1.0,31,MODERADO,Dificuldade da rota,[ATENÇÃO] Caminhão do Lucas 4: risco 31 - monitorar na próxima vistoria.
Caminhão da Mariana,Abril 2026,-,-,45,1.0,1.0,45,MODERADO,Estilo de condução,[ATENÇÃO] Caminhão da Mariana: risco 45 - monitorar na próxima vistoria.
Caminhão da Gabriela 2,Abril 2026,-,-,53,1.0,1.0,53,ALTO,Estilo de condução,[ALERTA] Caminhão da Gabriela 2: risco 53 - agendar inspeção em breve.
Caminhão do Rogério 3,Abril 2026,-,-,48,1.0,1.0,48,MODERADO,Estilo de condução,[ATENÇÃO] Caminhão do Rogério 3: risco 48 - monitorar na próxima vistoria.
Caminhão da Ivone 4,Abril 2026,-,-,52,1.0,1.0,52,ALTO,Estilo de condução,[ALERTA] Caminhão da Ivone 4: risco 52 - agendar inspeção em breve.
Caminhão do Miguel 6,Abril 2026,-,-,54,1.0,1.0,54,ALTO,Estilo de condução,[ALERTA] Caminhão do Miguel 6: risco 54 - agendar inspeção em breve.
Caminhão do Arthur 5,Abril 2026,-,-,55,1.0,1.0,55,ALTO,Estilo de condução,[ALERTA] Caminhão do Arthur 5: risco 55 - agendar inspeção em breve.
Caminhão da Yasmin 3,Abril 2026,-,-,20,1.0,1.0,20,BAIXO,Dificuldade da rota,[OK] Caminhão da Yasmin 3: risco 20 - dentro do esperado.
Caminhão do Sérgio 2,Abril 2026,-,-,57,1.0,1.0,57,ALTO,Estilo de condução,[ALERTA] Caminhão do Sérgio 2: risco 57 - agendar inspeção em breve.
Caminhão da Joana 5,Abril 2026,-,-,37,1.0,1.0,37,MODERADO,Desaceleração/frenagem brusca,[ATENÇÃO] Caminhão da Joana 5: risco 37 - monitorar na próxima vistoria.
Caminhão do Maurício 5,Abril 2026,-,-,56,1.0,1.0,56,ALTO,Estilo de condução,[ALERTA] Caminhão do Maurício 5: risco 56 - agendar inspeção em breve.
Caminhão da Bianca 4,Abril 2026,-,-,34,1.0,1.0,34,MODERADO,Dificuldade da rota,[ATENÇÃO] Caminhão da Bianca 4: risco 34 - monitorar na próxima vistoria.
Caminhão do Alexandre,Abril 2026,-,-,60,1.0,1.0,60,ALTO,Estilo de condução,[ALERTA] Caminhão do Alexandre: risco 60 - agendar inspeção em breve.
Caminhão da Yasmin 5,Abril 2026,-,-,32,1.0,1.0,32,MODERADO,Desaceleração/frenagem brusca,[ATENÇÃO] Caminhão da Yasmin 5: risco 32 - monitorar na próxima vistoria.
Caminhão da Sabrina 4,Abril 2026,-,-,47,1.0,1.0,47,MODERADO,Estilo de condução,[ATENÇÃO] Caminhão da Sabrina 4: risco 47 - monitorar na próxima vistoria.
Caminhão do Rafael 6,Abril 2026,-,-,41,1.0,1.0,41,MODERADO,Estilo de condução,[ATENÇÃO] Caminhão do Rafael 6: risco 41 - monitorar na próxima vistoria.
Caminhão do Yuri 3,Abril 2026,-,-,36,1.0,1.0,36,MODERADO,Desaceleração/frenagem brusca,[ATENÇÃO] Caminhão do Yuri 3: risco 36 - monitorar na próxima vistoria.
Caminhão da Priscila 4,Abril 2026,-,-,24,1.0,1.0,24,BAIXO,Desaceleração/frenagem brusca,[OK] Caminhão da Priscila 4: risco 24 - dentro do esperado.
Caminhão da Natália,Abril 2026,-,-,35,1.0,1.0,35,MODERADO,Estilo de condução,[ATENÇÃO] Caminhão da Natália: risco 35 - monitorar na próxima vistoria.
Caminhão do Vinícius 5,Abril 2026,-,-,28,1.0,1.0,28,MODERADO,Desaceleração/frenagem brusca,[ATENÇÃO] Caminhão do Vinícius 5: risco 28 - monitorar na próxima vistoria.
Caminhão do Daniel 3,Abril 2026,-,-,47,1.0,1.0,47,MODERADO,Desaceleração/frenagem brusca,[ATENÇÃO] Caminhão do Daniel 3: risco 47 - monitorar na próxima vistoria.
Caminhão do Luiz 6,Abril 2026,-,-,52,1.0,1.0,52,ALTO,Estilo de condução,[ALERTA] Caminhão do Luiz 6: risco 52 - agendar inspeção em breve.
Caminhão do Tadeu 3,Abril 2026,-,-,39,1.0,1.0,39,MODERADO,Desaceleração/frenagem brusca,[ATENÇÃO] Caminhão do Tadeu 3: risco 39 - monitorar na próxima vistoria.
Caminhão do Rodrigo 3,Abril 2026,-,-,36,1.0,1.0,36,MODERADO,Desaceleração/frenagem brusca,[ATENÇÃO] Caminhão do Rodrigo 3: risco 36 - monitorar na próxima vistoria.
Caminhão da Maria 5,Abril 2026,-,-,53,1.0,1.0,53,ALTO,Estilo de condução,[ALERTA] Caminhão da Maria 5: risco 53 - agendar inspeção em breve.
Caminhão da Eliana 4,Abril 2026,-,-,38,1.0,1.0,38,MODERADO,Desaceleração/frenagem brusca,[ATENÇÃO] Caminhão da Eliana 4: risco 38 - monitorar na próxima vistoria.
Caminhão da Clotilde 2,Abril 2026,-,-,29,1.0,1.0,29,MODERADO,Desaceleração/frenagem brusca,[ATENÇÃO] Caminhão da Clotilde 2: risco 29 - monitorar na próxima vistoria.
Caminhão do Tiago 2,Abril 2026,-,-,59,1.0,1.0,59,ALTO,Estilo de condução,[ALERTA] Caminhão do Tiago 2: risco 59 - agendar inspeção em breve.
Caminhão do Luiz,Abril 2026,-,-,59,1.0,1.0,59,ALTO,Estilo de condução,[ALERTA] Caminhão do Luiz: risco 59 - agendar inspeção em breve.
Caminhão do Otávio 2,Abril 2026,-,-,59,1.0,1.0,59,ALTO,Estilo de condução,[ALERTA] Caminhão do Otávio 2: risco 59 - agendar inspeção em breve.
Caminhão do Márcio 4,Abril 2026,-,-,52,1.0,1.0,52,ALTO,Estilo de condução,[ALERTA] Caminhão do Márcio 4: risco 52 - agendar inspeção em breve.
Caminhão da Lúcia 3,Abril 2026,-,-,55,1.0,1.0,55,ALTO,Estilo de condução,[ALERTA] Caminhão da Lúcia 3: risco 55 - agendar inspeção em breve.
Caminhão do Heitor 3,Abril 2026,-,-,35,1.0,1.0,35,MODERADO,Desaceleração/frenagem brusca,[ATENÇÃO] Caminhão do Heitor 3: risco 35 - monitorar na próxima vistoria.
Caminhão do André 3,Abril 2026,-,-,57,1.0,1.0,57,ALTO,Estilo de condução,[ALERTA] Caminhão do André 3: risco 57 - agendar inspeção em breve.
Caminhão do Fábio 3,Abril 2026,-,-,21,1.0,1.0,21,BAIXO,Desaceleração/frenagem brusca,[OK] Caminhão do Fábio 3: risco 21 - dentro do esperado.
Caminhão do Otávio 5,Abril 2026,-,-,29,1.0,1.0,29,MODERADO,Desaceleração/frenagem brusca,[ATENÇÃO] Caminhão do Otávio 5: risco 29 - monitorar na próxima vistoria.
Caminhão do Joaquim 2,Abril 2026,-,-,50,1.0,1.0,50,MODERADO,Estilo de condução,[ATENÇÃO] Caminhão do Joaquim 2: risco 50 - monitorar na próxima vistoria.
Caminhão da Olívia,Abril 2026,-,-,39,1.0,1.0,39,MODERADO,Desaceleração/frenagem brusca,[ATENÇÃO] Caminhão da Olívia: risco 39 - monitorar na próxima vistoria.
Caminhão do Mateus,Abril 2026,-,-,31,1.0,1.0,31,MODERADO,Estilo de condução,[ATENÇÃO] Caminhão do Mateus: risco 31 - monitorar na próxima vistoria.
Caminhão do Fernando 6,Abril 2026,-,-,41,1.0,1.0,41,MODERADO,Desaceleração/frenagem brusca,[ATENÇÃO] Caminhão do Fernando 6: risco 41 - monitorar na próxima vistoria.
Caminhão do Marcos 4,Abril 2026,-,-,53,1.0,1.0,53,ALTO,Estilo de condução,[ALERTA] Caminhão do Marcos 4: risco 53 - agendar inspeção em breve.
Caminhão do Rogério,Abril 2026,-,-,36,1.0,1.0,36,MODERADO,Dificuldade da rota,[ATENÇÃO] Caminhão do Rogério: risco 36 - monitorar na próxima vistoria.
Caminhão do Orlando 3,Abril 2026,-,-,49,1.0,1.0,49,MODERADO,Estilo de condução,[ATENÇÃO] Caminhão do Orlando 3: risco 49 - monitorar na próxima vistoria.
Caminhão do André 6,Abril 2026,-,-,38,1.0,1.0,38,MODERADO,Estilo de condução,[ATENÇÃO] Caminhão do André 6: risco 38 - monitorar na próxima vistoria.
Caminhão da Valéria 3,Abril 2026,-,-,42,1.0,1.0,42,MODERADO,Estilo de condução,[ATENÇÃO] Caminhão da Valéria 3: risco 42 - monitorar na próxima vistoria.
Caminhão do Cristiano,Abril 2026,-,-,27,1.0,1.0,27,MODERADO,Dificuldade da rota,[ATENÇÃO] Caminhão do Cristiano: risco 27 - monitorar na próxima vistoria.
Caminhão do Roberto,Abril 2026,-,-,52,1.0,1.0,52,ALTO,Estilo de condução,[ALERTA] Caminhão do Roberto: risco 52 - agendar inspeção em breve.
Caminhão da Eliana 2,Abril 2026,-,-,26,1.0,1.0,26,MODERADO,Dificuldade da rota,[ATENÇÃO] Caminhão da Eliana 2: risco 26 - monitorar na próxima vistoria.
Caminhão da Érica 4,Abril 2026,-,-,43,1.0,1.0,43,MODERADO,Estilo de condução,[ATENÇÃO] Caminhão da Érica 4: risco 43 - monitorar na próxima vistoria.
Caminhão do Antônio 5,Abril 2026,-,-,39,1.0,1.0,39,MODERADO,Estilo de condução,[ATENÇÃO] Caminhão do Antônio 5: risco 39 - monitorar na próxima vistoria.
Caminhão do Felipe,Abril 2026,-,-,50,1.0,1.0,50,MODERADO,Estilo de condução,[ATENÇÃO] Caminhão do Felipe: risco 50 - monitorar na próxima vistoria.
Caminhão do Kleber 2,Abril 2026,-,-,32,1.0,1.0,32,MODERADO,Desaceleração/frenagem brusca,[ATENÇÃO] Caminhão do Kleber 2: risco 32 - monitorar na próxima vistoria.
Caminhão da Yasmin 2,Abril 2026,-,-,39,1.0,1.0,39,MODERADO,Desaceleração/frenagem brusca,[ATENÇÃO] Caminhão da Yasmin 2: risco 39 - monitorar na próxima vistoria.
Caminhão do Saulo 4,Abril 2026,-,-,31,1.0,1.0,31,MODERADO,Desaceleração/frenagem brusca,[ATENÇÃO] Caminhão do Saulo 4: risco 31 - monitorar na próxima vistoria.
Caminhão do Henrique 5,Abril 2026,-,-,37,1.0,1.0,37,MODERADO,Desaceleração/frenagem brusca,[ATENÇÃO] Caminhão do Henrique 5: risco 37 - monitorar na próxima vistoria.
Caminhão da Clotilde 4,Abril 2026,-,-,51,1.0,1.0,51,ALTO,Estilo de condução,[ALERTA] Caminhão da Clotilde 4: risco 51 - agendar inspeção em breve.
Caminhão do Henrique 2,Abril 2026,-,-,28,1.0,1.0,28,MODERADO,Desaceleração/frenagem brusca,[ATENÇÃO] Caminhão do Henrique 2: risco 28 - monitorar na próxima vistoria.
Caminhão do Gustavo 5,Abril 2026,-,-,22,1.0,1.0,22,BAIXO,Estilo de condução,[OK] Caminhão do Gustavo 5: risco 22 - dentro do esperado.
Caminhão da Flávia,Abril 2026,-,-,21,1.0,1.0,21,BAIXO,Dificuldade da rota,[OK] Caminhão da Flávia: risco 21 - dentro do esperado.
Caminhão do Vitor 3,Abril 2026,-,-,41,1.0,1.0,41,MODERADO,Dificuldade da rota,[ATENÇÃO] Caminhão do Vitor 3: risco 41 - monitorar na próxima vistoria.
Caminhão da Larissa 5,Abril 2026,-,-,36,1.0,1.0,36,MODERADO,Dificuldade da rota,[ATENÇÃO] Caminhão da Larissa 5: risco 36 - monitorar na próxima vistoria.
Caminhão do Maurício,Abril 2026,-,-,26,1.0,1.0,26,MODERADO,Dificuldade da rota,[ATENÇÃO] Caminhão do Maurício: risco 26 - monitorar na próxima vistoria.
Caminhão do Gilberto,Abril 2026,-,-,58,1.0,1.0,58,ALTO,Estilo de condução,[ALERTA] Caminhão do Gilberto: risco 58 - agendar inspeção em breve.
Caminhão da Carla 5,Abril 2026,-,-,53,1.0,1.0,53,ALTO,Estilo de condução,[ALERTA] Caminhão da Carla 5: risco 53 - agendar inspeção em breve.
Caminhão da Flávia 4,Abril 2026,-,-,31,1.0,1.0,31,MODERADO,Dificuldade da rota,[ATENÇÃO] Caminhão da Flávia 4: risco 31 - monitorar na próxima vistoria.
Caminhão do Bruno 6,Abril 2026,-,-,36,1.0,1.0,36,MODERADO,Desaceleração/frenagem brusca,[ATENÇÃO] Caminhão do Bruno 6: risco 36 - monitorar na próxima vistoria.
Caminhão da Fernanda 4,Abril 2026,-,-,29,1.0,1.0,29,MODERADO,Dificuldade da rota,[ATENÇÃO] Caminhão da Fernanda 4: risco 29 - monitorar na próxima vistoria.
Caminhão do Davi 4,Abril 2026,-,-,32,1.0,1.0,32,MODERADO,Dificuldade da rota,[ATENÇÃO] Caminhão do Davi 4: risco 32 - monitorar na próxima vistoria.
Caminhão do Saulo 2,Abril 2026,-,-,29,1.0,1.0,29,MODERADO,Desaceleração/frenagem brusca,[ATENÇÃO] Caminhão do Saulo 2: risco 29 - monitorar na próxima vistoria.
Caminhão do Ricardo 2,Abril 2026,-,-,42,1.0,1.0,42,MODERADO,Desaceleração/frenagem brusca,[ATENÇÃO] Caminhão do Ricardo 2: risco 42 - monitorar na próxima vistoria.
Caminhão da Larissa,Abril 2026,-,-,62,1.0,1.0,62,ALTO,Estilo de condução,[ALERTA] Caminhão da Larissa: risco 62 - agendar inspeção em breve.
Caminhão do Henrique 6,Abril 2026,-,-,35,1.0,1.0,35,MODERADO,Dificuldade da rota,[ATENÇÃO] Caminhão do Henrique 6: risco 35 - monitorar na próxima vistoria.
Caminhão da Vanessa 2,Abril 2026,-,-,25,1.0,1.0,25,BAIXO,Dificuldade da rota,[OK] Caminhão da Vanessa 2: risco 25 - dentro do esperado.
Caminhão da Priscila 2,Abril 2026,-,-,33,1.0,1.0,33,MODERADO,Desaceleração/frenagem brusca,[ATENÇÃO] Caminhão da Priscila 2: risco 33 - monitorar na próxima vistoria.
Caminhão da Sandra,Abril 2026,-,-,33,1.0,1.0,33,MODERADO,Dificuldade da rota,[ATENÇÃO] Caminhão da Sandra: risco 33 - monitorar na próxima vistoria.
Caminhão do Leonardo,Abril 2026,-,-,57,1.0,1.0,57,ALTO,Estilo de condução,[ALERTA] Caminhão do Leonardo: risco 57 - agendar inspeção em breve.
Caminhão do Jorge 5,Abril 2026,-,-,55,1.0,1.0,55,ALTO,Estilo de condução,[ALERTA] Caminhão do Jorge 5: risco 55 - agendar inspeção em breve.
Caminhão do Sérgio,Abril 2026,-,-,49,1.0,1.0,49,MODERADO,Estilo de condução,[ATENÇÃO] Caminhão do Sérgio: risco 49 - monitorar na próxima vistoria.
Caminhão do Maurício 4,Abril 2026,-,-,40,1.0,1.0,40,MODERADO,Estilo de condução,[ATENÇÃO] Caminhão do Maurício 4: risco 40 - monitorar na próxima vistoria.
Caminhão do Leonardo 2,Abril 2026,-,-,23,1.0,1.0,23,BAIXO,Desaceleração/frenagem brusca,[OK] Caminhão do Leonardo 2: risco 23 - dentro do esperado.
Caminhão da Karina 3,Abril 2026,-,-,54,1.0,1.0,54,ALTO,Estilo de condução,[ALERTA] Caminhão da Karina 3: risco 54 - agendar inspeção em breve.
Caminhão da Gabriela,Abril 2026,-,-,43,1.0,1.0,43,MODERADO,Estilo de condução,[ATENÇÃO] Caminhão da Gabriela: risco 43 - monitorar na próxima vistoria.
Caminhão do Gabriel,Abril 2026,-,-,36,1.0,1.0,36,MODERADO,Desaceleração/frenagem brusca,[ATENÇÃO] Caminhão do Gabriel: risco 36 - monitorar na próxima vistoria.
Caminhão do Bruno 2,Abril 2026,-,-,33,1.0,1.0,33,MODERADO,Desaceleração/frenagem brusca,[ATENÇÃO] Caminhão do Bruno 2: risco 33 - monitorar na próxima vistoria.
Caminhão do Pablo 5,Abril 2026,-,-,42,1.0,1.0,42,MODERADO,Desaceleração/frenagem brusca,[ATENÇÃO] Caminhão do Pablo 5: risco 42 - monitorar na próxima vistoria.
Caminhão do Vinícius 3,Abril 2026,-,-,50,1.0,1.0,50,MODERADO,Estilo de condução,[ATENÇÃO] Caminhão do Vinícius 3: risco 50 - monitorar na próxima vistoria.
Caminhão do João 4,Abril 2026,-,-,55,1.0,1.0,55,ALTO,Estilo de condução,[ALERTA] Caminhão do João 4: risco 55 - agendar inspeção em breve.
Caminhão do Caio 2,Abril 2026,-,-,52,1.0,1.0,52,ALTO,Estilo de condução,[ALERTA] Caminhão do Caio 2: risco 52 - agendar inspeção em breve.
Caminhão do Vinícius 2,Abril 2026,-,-,45,1.0,1.0,45,MODERADO,Dificuldade da rota,[ATENÇÃO] Caminhão do Vinícius 2: risco 45 - monitorar na próxima vistoria.
Caminhão do Márcio 5,Abril 2026,-,-,52,1.0,1.0,52,ALTO,Estilo de condução,[ALERTA] Caminhão do Márcio 5: risco 52 - agendar inspeção em breve.
Caminhão da Talita 3,Abril 2026,-,-,27,1.0,1.0,27,MODERADO,Dificuldade da rota,[ATENÇÃO] Caminhão da Talita 3: risco 27 - monitorar na próxima vistoria.
Caminhão do Carlos 2,Abril 2026,-,-,58,1.0,1.0,58,ALTO,Estilo de condução,[ALERTA] Caminhão do Carlos 2: risco 58 - agendar inspeção em breve.
Caminhão do Daniel 2,Abril 2026,-,-,58,1.0,1.0,58,ALTO,Estilo de condução,[ALERTA] Caminhão do Daniel 2: risco 58 - agendar inspeção em breve.
Caminhão do Bruno 5,Abril 2026,-,-,40,1.0,1.0,40,MODERADO,Dificuldade da rota,[ATENÇÃO] Caminhão do Bruno 5: risco 40 - monitorar na próxima vistoria.
Caminhão do Rodrigo 2,Abril 2026,-,-,39,1.0,1.0,39,MODERADO,Desaceleração/frenagem brusca,[ATENÇÃO] Caminhão do Rodrigo 2: risco 39 - monitorar na próxima vistoria.
Caminhão da Mariana 5,Abril 2026,-,-,44,1.0,1.0,44,MODERADO,Desaceleração/frenagem brusca,[ATENÇÃO] Caminhão da Mariana 5: risco 44 - monitorar na próxima vistoria.
Caminhão da Zilda 4,Abril 2026,-,-,38,1.0,1.0,38,MODERADO,Estilo de condução,[ATENÇÃO] Caminhão da Zilda 4: risco 38 - monitorar na próxima vistoria.
Caminhão da Flávia 5,Abril 2026,-,-,39,1.0,1.0,39,MODERADO,Estilo de condução,[ATENÇÃO] Caminhão da Flávia 5: risco 39 - monitorar na próxima vistoria.
Caminhão da Nádia 3,Abril 2026,-,-,40,1.0,1.0,40,MODERADO,Desaceleração/frenagem brusca,[ATENÇÃO] Caminhão da Nádia 3: risco 40 - monitorar na próxima vistoria.
Caminhão da Úrsula 4,Abril 2026,-,-,42,1.0,1.0,42,MODERADO,Estilo de condução,[ATENÇÃO] Caminhão da Úrsula 4: risco 42 - monitorar na próxima vistoria.
Caminhão do Gabriel 4,Abril 2026,-,-,33,1.0,1.0,33,MODERADO,Desaceleração/frenagem brusca,[ATENÇÃO] Caminhão do Gabriel 4: risco 33 - monitorar na próxima vistoria.
Caminhão da Heloísa 3,Abril 2026,-,-,34,1.0,1.0,34,MODERADO,Dificuldade da rota,[ATENÇÃO] Caminhão da Heloísa 3: risco 34 - monitorar na próxima vistoria.
Caminhão do Wagner,Abril 2026,-,-,48,1.0,1.0,48,MODERADO,Estilo de condução,[ATENÇÃO] Caminhão do Wagner: risco 48 - monitorar na próxima vistoria.
Caminhão do Mateus 2,Abril 2026,-,-,52,1.0,1.0,52,ALTO,Desaceleração/frenagem brusca,[ALERTA] Caminhão do Mateus 2: risco 52 - agendar inspeção em breve.
Caminhão do Jorge 3,Abril 2026,-,-,46,1.0,1.0,46,MODERADO,Estilo de frenagem,[ATENÇÃO] Caminhão do Jorge 3: risco 46 - monitorar na próxima vistoria.
Caminhão do Roberto 4,Abril 2026,-,-,35,1.0,1.0,35,MODERADO,Desaceleração/frenagem brusca,[ATENÇÃO] Caminhão do Roberto 4: risco 35 - monitorar na próxima vistoria.
Caminhão da Adriana 3,Abril 2026,-,-,41,1.0,1.0,41,MODERADO,Estilo de condução,[ATENÇÃO] Caminhão da Adriana 3: risco 41 - monitorar na próxima vistoria.
Caminhão da Wilma 2,Abril 2026,-,-,40,1.0,1.0,40,MODERADO,Estilo de condução,[ATENÇÃO] Caminhão da Wilma 2: risco 40 - monitorar na próxima vistoria.
Caminhão do Eduardo 6,Abril 2026,-,-,27,1.0,1.0,27,MODERADO,Desaceleração/frenagem brusca,[ATENÇÃO] Caminhão do Eduardo 6: risco 27 - monitorar na próxima vistoria.
Caminhão do Rodrigo,Abril 2026,-,-,56,1.0,1.0,56,ALTO,Estilo de condução,[ALERTA] Caminhão do Rodrigo: risco 56 - agendar inspeção em breve.
Caminhão da Daniela 2,Abril 2026,-,-,43,1.0,1.0,43,MODERADO,Estilo de condução,[ATENÇÃO] Caminhão da Daniela 2: risco 43 - monitorar na próxima vistoria.
Caminhão do Antônio 6,Abril 2026,-,-,34,1.0,1.0,34,MODERADO,Dificuldade da rota,[ATENÇÃO] Caminhão do Antônio 6: risco 34 - monitorar na próxima vistoria.
Caminhão do Ícaro 4,Abril 2026,-,-,37,1.0,1.0,37,MODERADO,Desaceleração/frenagem brusca,[ATENÇÃO] Caminhão do Ícaro 4: risco 37 - monitorar na próxima vistoria.
Caminhão do Pablo 3,Abril 2026,-,-,37,1.0,1.0,37,MODERADO,Dificuldade da rota,[ATENÇÃO] Caminhão do Pablo 3: risco 37 - monitorar na próxima vistoria.
Caminhão do Lucas,Abril 2026,-,-,52,1.0,1.0,52,ALTO,Estilo de condução,[ALERTA] Caminhão do Lucas: risco 52 - agendar inspeção em breve.
Caminhão da Débora 4,Abril 2026,-,-,31,1.0,1.0,31,MODERADO,Desaceleração/frenagem brusca,[ATENÇÃO] Caminhão da Débora 4: risco 31 - monitorar na próxima vistoria.
Caminhão do Ricardo,Abril 2026,-,-,57,1.0,1.0,57,ALTO,Estilo de condução,[ALERTA] Caminhão do Ricardo: risco 57 - agendar inspeção em breve.
Caminhão do Maurício 2,Abril 2026,-,-,53,1.0,1.0,53,ALTO,Estilo de condução,[ALERTA] Caminhão do Maurício 2: risco 53 - agendar inspeção em breve.
Caminhão do Wagner 3,Abril 2026,-,-,45,1.0,1.0,45,MODERADO,Estilo de condução,[ATENÇÃO] Caminhão do Wagner 3: risco 45 - monitorar na próxima vistoria.
Caminhão da Gabriela 5,Abril 2026,-,-,44,1.0,1.0,44,MODERADO,Estilo de condução,[ATENÇÃO] Caminhão da Gabriela 5: risco 44 - monitorar na próxima vistoria.
Caminhão do Paulo 3,Abril 2026,-,-,41,1.0,1.0,41,MODERADO,Desaceleração/frenagem brusca,[ATENÇÃO] Caminhão do Paulo 3: risco 41 - monitorar na próxima vistoria.
Caminhão do Felipe 2,Abril 2026,-,-,56,1.0,1.0,56,ALTO,Estilo de condução,[ALERTA] Caminhão do Felipe 2: risco 56 - agendar inspeção em breve.
Caminhão do Sérgio 5,Abril 2026,-,-,39,1.0,1.0,39,MODERADO,Dificuldade da rota,[ATENÇÃO] Caminhão do Sérgio 5: risco 39 - monitorar na próxima vistoria.
Caminhão do Vitor 4,Abril 2026,-,-,36,1.0,1.0,36,MODERADO,Dificuldade da rota,[ATENÇÃO] Caminhão do Vitor 4: risco 36 - monitorar na próxima vistoria.
Caminhão da Maria 2,Abril 2026,-,-,35,1.0,1.0,35,MODERADO,Dificuldade da rota,[ATENÇÃO] Caminhão da Maria 2: risco 35 - monitorar na próxima vistoria.
Caminhão da Raquel 5,Abril 2026,-,-,40,1.0,1.0,40,MODERADO,Dificuldade da rota,[ATENÇÃO] Caminhão da Raquel 5: risco 40 - monitorar na próxima vistoria.
Caminhão do André 5,Abril 2026,-,-,33,1.0,1.0,33,MODERADO,Desaceleração/frenagem brusca,[ATENÇÃO] Caminhão do André 5: risco 33 - monitorar na próxima vistoria.
Caminhão da Karina 2,Abril 2026,-,-,58,1.0,1.0,58,ALTO,Estilo de condução,[ALERTA] Caminhão da Karina 2: risco 58 - agendar inspeção em breve.
Caminhão do Antônio 2,Abril 2026,-,-,31,1.0,1.0,31,MODERADO,Dificuldade da rota,[ATENÇÃO] Caminhão do Antônio 2: risco 31 - monitorar na próxima vistoria.
Caminhão do André,Abril 2026,-,-,40,1.0,1.0,40,MODERADO,Dificuldade da rota,[ATENÇÃO] Caminhão do André: risco 40 - monitorar na próxima vistoria.
Caminhão da Camila 4,Abril 2026,-,-,35,1.0,1.0,35,MODERADO,Desaceleração/frenagem brusca,[ATENÇÃO] Caminhão da Camila 4: risco 35 - monitorar na próxima vistoria.
Caminhão da Gabriela 3,Abril 2026,-,-,28,1.0,1.0,28,MODERADO,Dificuldade da rota,[ATENÇÃO] Caminhão da Gabriela 3: risco 28 - monitorar na próxima vistoria.
Caminhão do Francisco 6,Abril 2026,-,-,30,1.0,1.0,30,MODERADO,Dificuldade da rota,[ATENÇÃO] Caminhão do Francisco 6: risco 30 - monitorar na próxima vistoria.
Caminhão do Nelson 2,Abril 2026,-,-,30,1.0,1.0,30,MODERADO,Dificuldade da rota,[ATENÇÃO] Caminhão do Nelson 2: risco 30 - monitorar na próxima vistoria.
Caminhão do José,Abril 2026,-,-,34,1.0,1.0,34,MODERADO,Dificuldade da rota,[ATENÇÃO] Caminhão do José: risco 34 - monitorar na próxima vistoria.
Caminhão da Isabela,Abril 2026,-,-,36,1.0,1.0,36,MODERADO,Dificuldade da rota,[ATENÇÃO] Caminhão da Isabela: risco 36 - monitorar na próxima vistoria.
Caminhão do Cristiano 5,Abril 2026,-,-,49,1.0,1.0,49,MODERADO,Estilo de condução,[ATENÇÃO] Caminhão do Cristiano 5: risco 49 - monitorar na próxima vistoria.
Caminhão da Joana,Abril 2026,-,-,44,1.0,1.0,44,MODERADO,Desaceleração/frenagem brusca,[ATENÇÃO] Caminhão da Joana: risco 44 - monitorar na próxima vistoria.
Caminhão do Gustavo 6,Abril 2026,-,-,46,1.0,1.0,46,MODERADO,Desaceleração/frenagem brusca,[ATENÇÃO] Caminhão do Gustavo 6: risco 46 - monitorar na próxima vistoria.
Caminhão da Maria,Abril 2026,-,-,29,1.0,1.0,29,MODERADO,Dificuldade da rota,[ATENÇÃO] Caminhão da Maria: risco 29 - monitorar na próxima vistoria.
Caminhão do Samuel,Abril 2026,-,-,58,1.0,1.0,58,ALTO,Estilo de condução,[ALERTA] Caminhão do Samuel: risco 58 - agendar inspeção em breve.
Caminhão do Kleber 4,Abril 2026,-,-,43,1.0,1.0,43,MODERADO,Desaceleração/frenagem brusca,[ATENÇÃO] Caminhão do Kleber 4: risco 43 - monitorar na próxima vistoria.
Caminhão da Lúcia 5,Abril 2026,-,-,55,1.0,1.0,55,ALTO,Estilo de condução,[ALERTA] Caminhão da Lúcia 5: risco 55 - agendar inspeção em breve.
Caminhão do Otávio 4,Abril 2026,-,-,45,1.0,1.0,45,MODERADO,Desaceleração/frenagem brusca,[ATENÇÃO] Caminhão do Otávio 4: risco 45 - monitorar na próxima vistoria.
Caminhão do Rafael 2,Abril 2026,-,-,37,1.0,1.0,37,MODERADO,Desaceleração/frenagem brusca,[ATENÇÃO] Caminhão do Rafael 2: risco 37 - monitorar na próxima vistoria.
Caminhão da Débora,Abril 2026,-,-,46,1.0,1.0,46,MODERADO,Estilo de condução,[ATENÇÃO] Caminhão da Débora: risco 46 - monitorar na próxima vistoria.
Caminhão do Alexandre 5,Abril 2026,-,-,38,1.0,1.0,38,MODERADO,Dificuldade da rota,[ATENÇÃO] Caminhão do Alexandre 5: risco 38 - monitorar na próxima vistoria.
Caminhão da Patrícia 2,Abril 2026,-,-,28,1.0,1.0,28,MODERADO,Desaceleração/frenagem brusca,[ATENÇÃO] Caminhão da Patrícia 2: risco 28 - monitorar na próxima vistoria.
Caminhão do Pablo 2,Abril 2026,-,-,38,1.0,1.0,38,MODERADO,Estilo de condução,[ATENÇÃO] Caminhão do Pablo 2: risco 38 - monitorar na próxima vistoria.
Caminhão do Maurício 3,Abril 2026,-,-,39,1.0,1.0,39,MODERADO,Dificuldade da rota,[ATENÇÃO] Caminhão do Maurício 3: risco 39 - monitorar na próxima vistoria.
Caminhão do João,Abril 2026,-,-,23,1.0,1.0,23,BAIXO,Dificuldade da rota,[OK] Caminhão do João: risco 23 - dentro do esperado.
Caminhão da Ana,Abril 2026,-,-,35,1.0,1.0,35,MODERADO,Estilo de condução,[ATENÇÃO] Caminhão da Ana: risco 35 - monitorar na próxima vistoria.
Caminhão do Leonardo 3,Abril 2026,-,-,58,1.0,1.0,58,ALTO,Estilo de condução,[ALERTA] Caminhão do Leonardo 3: risco 58 - agendar inspeção em breve.
Caminhão do Zeca 3,Abril 2026,-,-,46,1.0,1.0,46,MODERADO,Desaceleração/frenagem brusca,[ATENÇÃO] Caminhão do Zeca 3: risco 46 - monitorar na próxima vistoria.
Caminhão do Carlos 4,Abril 2026,-,-,46,1.0,1.0,46,MODERADO,Estilo de condução,[ATENÇÃO] Caminhão do Carlos 4: risco 46 - monitorar na próxima vistoria.
Caminhão da Patrícia,Abril 2026,-,-,49,1.0,1.0,49,MODERADO,Estilo de condução,[ATENÇÃO] Caminhão da Patrícia: risco 49 - monitorar na próxima vistoria.
Caminhão da Raquel,Abril 2026,-,-,46,1.0,1.0,46,MODERADO,Desaceleração/frenagem brusca,[ATENÇÃO] Caminhão da Raquel: risco 46 - monitorar na próxima vistoria.
Caminhão do Wagner 4,Abril 2026,-,-,46,1.0,1.0,46,MODERADO,Estilo de condução,[ATENÇÃO] Caminhão do Wagner 4: risco 46 - monitorar na próxima vistoria.
Caminhão do Márcio 6,Abril 2026,-,-,63,1.0,1.0,63,ALTO,Estilo de condução,[ALERTA] Caminhão do Márcio 6: risco 63 - agendar inspeção em breve.
Caminhão do Vinícius 4,Abril 2026,-,-,60,1.0,1.0,60,ALTO,Estilo de condução,[ALERTA] Caminhão do Vinícius 4: risco 60 - agendar inspeção em breve.
Caminhão da Ivone 5,Abril 2026,-,-,30,1.0,1.0,30,MODERADO,Dificuldade da rota,[ATENÇÃO] Caminhão da Ivone 5: risco 30 - monitorar na próxima vistoria.
Caminhão do Bruno 3,Abril 2026,-,-,53,1.0,1.0,53,ALTO,Estilo de condução,[ALERTA] Caminhão do Bruno 3: risco 53 - agendar inspeção em breve.
Caminhão do Miguel 5,Abril 2026,-,-,57,1.0,1.0,57,ALTO,Estilo de condução,[ALERTA] Caminhão do Miguel 5: risco 57 - agendar inspeção em breve.
Caminhão do Pedro 4,Abril 2026,-,-,57,1.0,1.0,57,ALTO,Estilo de condução,[ALERTA] Caminhão do Pedro 4: risco 57 - agendar inspeção em breve.
Caminhão da Ana 3,Abril 2026,-,-,39,1.0,1.0,39,MODERADO,Desaceleração/frenagem brusca,[ATENÇÃO] Caminhão da Ana 3: risco 39 - monitorar na próxima vistoria.
Caminhão da Vanessa 4,Abril 2026,-,-,35,1.0,1.0,35,MODERADO,Desaceleração/frenagem brusca,[ATENÇÃO] Caminhão da Vanessa 4: risco 35 - monitorar na próxima vistoria.
Caminhão do Lucas 2,Abril 2026,-,-,50,1.0,1.0,50,MODERADO,Estilo de condução,[ATENÇÃO] Caminhão do Lucas 2: risco 50 - monitorar na próxima vistoria.
Caminhão do Carlos 5,Abril 2026,-,-,48,1.0,1.0,48,MODERADO,Estilo de condução,[ATENÇÃO] Caminhão do Carlos 5: risco 48 - monitorar na próxima vistoria.
Caminhão do João 2,Abril 2026,-,-,43,1.0,1.0,43,MODERADO,Estilo de condução,[ATENÇÃO] Caminhão do João 2: risco 43 - monitorar na próxima vistoria.
Caminhão do Vitor 2,Abril 2026,-,-,26,1.0,1.0,26,MODERADO,Dificuldade da rota,[ATENÇÃO] Caminhão do Vitor 2: risco 26 - monitorar na próxima vistoria.
Caminhão do Leonardo 5,Abril 2026,-,-,20,1.0,1.0,20,BAIXO,Dificuldade da rota,[OK] Caminhão do Leonardo 5: risco 20 - dentro do esperado.
Caminhão da Daniela 5,Abril 2026,-,-,28,1.0,1.0,28,MODERADO,Desaceleração/frenagem brusca,[ATENÇÃO] Caminhão da Daniela 5: risco 28 - monitorar na próxima vistoria.
Caminhão da Ana 4,Abril 2026,-,-,26,1.0,1.0,26,MODERADO,Desaceleração/frenagem brusca,[ATENÇÃO] Caminhão da Ana 4: risco 26 - monitorar na próxima vistoria.
Caminhão do Kleber 5,Abril 2026,-,-,49,1.0,1.0,49,MODERADO,Estilo de condução,[ATENÇÃO] Caminhão do Kleber 5: risco 49 - monitorar na próxima vistoria.
Caminhão do Pedro 5,Abril 2026,-,-,36,1.0,1.0,36,MODERADO,Desaceleração/frenagem brusca,[ATENÇÃO] Caminhão do Pedro 5: risco 36 - monitorar na próxima vistoria.
Caminhão do Ricardo 6,Abril 2026,-,-,18,1.0,1.0,18,BAIXO,Dificuldade da rota,[OK] Caminhão do Ricardo 6: risco 18 - dentro do esperado.
Caminhão da Heloísa,Abril 2026,-,-,34,1.0,1.0,34,MODERADO,Dificuldade da rota,[ATENÇÃO] Caminhão da Heloísa: risco 34 - monitorar na próxima vistoria.
Caminhão do Francisco 5,Abril 2026,-,-,35,1.0,1.0,35,MODERADO,Dificuldade da rota,[ATENÇÃO] Caminhão do Francisco 5: risco 35 - monitorar na próxima vistoria.
Caminhão da Patrícia 4,Abril 2026,-,-,26,1.0,1.0,26,MODERADO,Desaceleração/frenagem brusca,[ATENÇÃO] Caminhão da Patrícia 4: risco 26 - monitorar na próxima vistoria.
Caminhão do Bruno 4,Abril 2026,-,-,45,1.0,1.0,45,MODERADO,Desaceleração/frenagem brusca,[ATENÇÃO] Caminhão do Bruno 4: risco 45 - monitorar na próxima vistoria.
Caminhão da Sabrina 2,Abril 2026,-,-,51,1.0,1.0,51,ALTO,Estilo de condução,[ALERTA] Caminhão da Sabrina 2: risco 51 - agendar inspeção em breve.
Caminhão do João 3,Abril 2026,-,-,41,1.0,1.0,41,MODERADO,Estilo de condução,[ATENÇÃO] Caminhão do João 3: risco 41 - monitorar na próxima vistoria.
Caminhão da Bianca 2,Abril 2026,-,-,35,1.0,1.0,35,MODERADO,Dificuldade da rota,[ATENÇÃO] Caminhão da Bianca 2: risco 35 - monitorar na próxima vistoria.
Caminhão do Fernando 4,Abril 2026,-,-,47,1.0,1.0,47,MODERADO,Desaceleração/frenagem brusca,[ATENÇÃO] Caminhão do Fernando 4: risco 47 - monitorar na próxima vistoria.
Caminhão da Natália 2,Abril 2026,-,-,64,1.0,1.0,64,ALTO,Estilo de condução,[ALERTA] Caminhão da Natália 2: risco 64 - agendar inspeção em breve.
Caminhão da Juliana 4,Abril 2026,-,-,52,1.0,1.0,52,ALTO,Estilo de condução,[ALERTA] Caminhão da Juliana 4: risco 52 - agendar inspeção em breve.
Caminhão da Olívia 5,Abril 2026,-,-,32,1.0,1.0,32,MODERADO,Estilo de frenagem,[ATENÇÃO] Caminhão da Olívia 5: risco 32 - monitorar na próxima vistoria.
Caminhão da Lúcia 4,Abril 2026,-,-,26,1.0,1.0,26,MODERADO,Desaceleração/frenagem brusca,[ATENÇÃO] Caminhão da Lúcia 4: risco 26 - monitorar na próxima vistoria.
Caminhão do Diego 5,Abril 2026,-,-,50,1.0,1.0,50,MODERADO,Estilo de condução,[ATENÇÃO] Caminhão do Diego 5: risco 50 - monitorar na próxima vistoria.
Caminhão da Teresa 5,Abril 2026,-,-,34,1.0,1.0,34,MODERADO,Desaceleração/frenagem brusca,[ATENÇÃO] Caminhão da Teresa 5: risco 34 - monitorar na próxima vistoria.
Caminhão do Renato 2,Abril 2026,-,-,32,1.0,1.0,32,MODERADO,Desaceleração/frenagem brusca,[ATENÇÃO] Caminhão do Renato 2: risco 32 - monitorar na próxima vistoria.
Caminhão da Ivone 3,Abril 2026,-,-,43,1.0,1.0,43,MODERADO,Estilo de condução,[ATENÇÃO] Caminhão da Ivone 3: risco 43 - monitorar na próxima vistoria.
Caminhão da Daniela 3,Abril 2026,-,-,32,1.0,1.0,32,MODERADO,Estilo de condução,[ATENÇÃO] Caminhão da Daniela 3: risco 32 - monitorar na próxima vistoria.
Caminhão da Ivone 2,Abril 2026,-,-,48,1.0,1.0,48,MODERADO,Estilo de frenagem,[ATENÇÃO] Caminhão da Ivone 2: risco 48 - monitorar na próxima vistoria.
Caminhão do Davi,Abril 2026,-,-,47,1.0,1.0,47,MODERADO,Estilo de condução,[ATENÇÃO] Caminhão do Davi: risco 47 - monitorar na próxima vistoria.
Caminhão da Úrsula,Abril 2026,-,-,21,1.0,1.0,21,BAIXO,Estilo de condução,[OK] Caminhão da Úrsula: risco 21 - dentro do esperado.
Caminhão da Beatriz 3,Abril 2026,-,-,53,1.0,1.0,53,ALTO,Estilo de condução,[ALERTA] Caminhão da Beatriz 3: risco 53 - agendar inspeção em breve.
Caminhão do Arthur 4,Abril 2026,-,-,54,1.0,1.0,54,ALTO,Estilo de frenagem,[ALERTA] Caminhão do Arthur 4: risco 54 - agendar inspeção em breve.
Caminhão da Juliana 2,Abril 2026,-,-,47,1.0,1.0,47,MODERADO,Estilo de condução,[ATENÇÃO] Caminhão da Juliana 2: risco 47 - monitorar na próxima vistoria.
Caminhão do Pedro 3,Abril 2026,-,-,28,1.0,1.0,28,MODERADO,Desaceleração/frenagem brusca,[ATENÇÃO] Caminhão do Pedro 3: risco 28 - monitorar na próxima vistoria.
Caminhão do Elias,Abril 2026,-,-,27,1.0,1.0,27,MODERADO,Dificuldade da rota,[ATENÇÃO] Caminhão do Elias: risco 27 - monitorar na próxima vistoria.
Caminhão da Talita 2,Abril 2026,-,-,48,1.0,1.0,48,MODERADO,Estilo de condução,[ATENÇÃO] Caminhão da Talita 2: risco 48 - monitorar na próxima vistoria.
Caminhão da Vanessa 5,Abril 2026,-,-,24,1.0,1.0,24,BAIXO,Desaceleração/frenagem brusca,[OK] Caminhão da Vanessa 5: risco 24 - dentro do esperado.
Caminhão do Nelson,Abril 2026,-,-,35,1.0,1.0,35,MODERADO,Dificuldade da rota,[ATENÇÃO] Caminhão do Nelson: risco 35 - monitorar na próxima vistoria.
Caminhão da Joana 2,Abril 2026,-,-,36,1.0,1.0,36,MODERADO,Dificuldade da rota,[ATENÇÃO] Caminhão da Joana 2: risco 36 - monitorar na próxima vistoria.
Caminhão do Mateus 3,Abril 2026,-,-,53,1.0,1.0,53,ALTO,Estilo de condução,[ALERTA] Caminhão do Mateus 3: risco 53 - agendar inspeção em breve.
Caminhão da Débora 2,Abril 2026,-,-,47,1.0,1.0,47,MODERADO,Estilo de frenagem,[ATENÇÃO] Caminhão da Débora 2: risco 47 - monitorar na próxima vistoria.
Caminhão da Wilma 3,Abril 2026,-,-,50,1.0,1.0,50,MODERADO,Estilo de condução,[ATENÇÃO] Caminhão da Wilma 3: risco 50 - monitorar na próxima vistoria.
Caminhão do Renato 5,Abril 2026,-,-,32,1.0,1.0,32,MODERADO,Dificuldade da rota,[ATENÇÃO] Caminhão do Renato 5: risco 32 - monitorar na próxima vistoria.
Caminhão da Zilda 3,Abril 2026,-,-,54,1.0,1.0,54,ALTO,Estilo de condução,[ALERTA] Caminhão da Zilda 3: risco 54 - agendar inspeção em breve.
Caminhão da Clotilde 3,Abril 2026,-,-,45,1.0,1.0,45,MODERADO,Estilo de condução,[ATENÇÃO] Caminhão da Clotilde 3: risco 45 - monitorar na próxima vistoria.
Caminhão do Ícaro,Abril 2026,-,-,40,1.0,1.0,40,MODERADO,Desaceleração/frenagem brusca,[ATENÇÃO] Caminhão do Ícaro: risco 40 - monitorar na próxima vistoria.
Caminhão do José 2,Abril 2026,-,-,24,1.0,1.0,24,BAIXO,Estilo de condução,[OK] Caminhão do José 2: risco 24 - dentro do esperado.
Caminhão do Daniel,Abril 2026,-,-,52,1.0,1.0,52,ALTO,Estilo de condução,[ALERTA] Caminhão do Daniel: risco 52 - agendar inspeção em breve.
Caminhão do Elias 2,Abril 2026,-,-,30,1.0,1.0,30,MODERADO,Dificuldade da rota,[ATENÇÃO] Caminhão do Elias 2: risco 30 - monitorar na próxima vistoria.
Caminhão do Daniel 4,Abril 2026,-,-,27,1.0,1.0,27,MODERADO,Desaceleração/frenagem brusca,[ATENÇÃO] Caminhão do Daniel 4: risco 27 - monitorar na próxima vistoria.
Caminhão do Miguel 2,Abril 2026,-,-,40,1.0,1.0,40,MODERADO,Estilo de condução,[ATENÇÃO] Caminhão do Miguel 2: risco 40 - monitorar na próxima vistoria.
Caminhão da Débora 5,Abril 2026,-,-,60,1.0,1.0,60,ALTO,Estilo de condução,[ALERTA] Caminhão da Débora 5: risco 60 - agendar inspeção em breve.
Caminhão da Giovana 3,Abril 2026,-,-,31,1.0,1.0,31,MODERADO,Desaceleração/frenagem brusca,[ATENÇÃO] Caminhão da Giovana 3: risco 31 - monitorar na próxima vistoria.
Caminhão da Talita,Abril 2026,-,-,35,1.0,1.0,35,MODERADO,Desaceleração/frenagem brusca,[ATENÇÃO] Caminhão da Talita: risco 35 - monitorar na próxima vistoria.
Caminhão da Sandra 3,Abril 2026,-,-,19,1.0,1.0,19,BAIXO,Dificuldade da rota,[OK] Caminhão da Sandra 3: risco 19 - dentro do esperado.
Caminhão do Elias 3,Abril 2026,-,-,18,1.0,1.0,18,BAIXO,Desaceleração/frenagem brusca,[OK] Caminhão do Elias 3: risco 18 - dentro do esperado.
Caminhão do Leandro 6,Abril 2026,-,-,59,1.0,1.0,59,ALTO,Estilo de condução,[ALERTA] Caminhão do Leandro 6: risco 59 - agendar inspeção em breve.
Caminhão do Ícaro 3,Abril 2026,-,-,53,1.0,1.0,53,ALTO,Desaceleração/frenagem brusca,[ALERTA] Caminhão do Ícaro 3: risco 53 - agendar inspeção em breve.
Caminhão do Eduardo 3,Abril 2026,-,-,41,1.0,1.0,41,MODERADO,Estilo de condução,[ATENÇÃO] Caminhão do Eduardo 3: risco 41 - monitorar na próxima vistoria.
Caminhão do Gustavo,Abril 2026,-,-,49,1.0,1.0,49,MODERADO,Estilo de frenagem,[ATENÇÃO] Caminhão do Gustavo: risco 49 - monitorar na próxima vistoria.
Caminhão da Eliana 5,Abril 2026,-,-,26,1.0,1.0,26,MODERADO,Desaceleração/frenagem brusca,[ATENÇÃO] Caminhão da Eliana 5: risco 26 - monitorar na próxima vistoria.
Caminhão do Márcio,Abril 2026,-,-,63,1.0,1.0,63,ALTO,Estilo de frenagem,[ALERTA] Caminhão do Márcio: risco 63 - agendar inspeção em breve.
Caminhão da Adriana 4,Abril 2026,-,-,50,1.0,1.0,50,MODERADO,Estilo de condução,[ATENÇÃO] Caminhão da Adriana 4: risco 50 - monitorar na próxima vistoria.
Caminhão da Karina 5,Abril 2026,-,-,15,1.0,1.0,15,BAIXO,Dificuldade da rota,[OK] Caminhão da Karina 5: risco 15 - dentro do esperado.
Caminhão do Nelson 5,Abril 2026,-,-,19,1.0,1.0,19,BAIXO,Desaceleração/frenagem brusca,[OK] Caminhão do Nelson 5: risco 19 - dentro do esperado.
Caminhão do Marcelo 6,Abril 2026,-,-,62,1.0,1.0,62,ALTO,Estilo de condução,[ALERTA] Caminhão do Marcelo 6: risco 62 - agendar inspeção em breve.
Caminhão da Úrsula 5,Maio 2026,-,-,39,1.0,1.0,39,MODERADO,Dificuldade da rota,[ATENÇÃO] Caminhão da Úrsula 5: risco 39 - monitorar na próxima vistoria.
Caminhão do Renato 4,Maio 2026,-,-,44,1.0,1.0,44,MODERADO,Estilo de condução,[ATENÇÃO] Caminhão do Renato 4: risco 44 - monitorar na próxima vistoria.
Caminhão da Joana 3,Maio 2026,-,-,53,1.0,1.0,53,ALTO,Dificuldade da rota,[ALERTA] Caminhão da Joana 3: risco 53 - agendar inspeção em breve.
Caminhão do Jorge 2,Maio 2026,-,-,40,1.0,1.0,40,MODERADO,Desaceleração/frenagem brusca,[ATENÇÃO] Caminhão do Jorge 2: risco 40 - monitorar na próxima vistoria.
Caminhão do Tadeu 5,Maio 2026,-,-,60,1.0,1.0,60,ALTO,Estilo de condução,[ALERTA] Caminhão do Tadeu 5: risco 60 - agendar inspeção em breve.
Caminhão da Clotilde 3,Maio 2026,-,-,29,1.0,1.0,29,MODERADO,Dificuldade da rota,[ATENÇÃO] Caminhão da Clotilde 3: risco 29 - monitorar na próxima vistoria.
Caminhão do Alexandre 4,Maio 2026,-,-,31,1.0,1.0,31,MODERADO,Dificuldade da rota,[ATENÇÃO] Caminhão do Alexandre 4: risco 31 - monitorar na próxima vistoria.
Caminhão da Ana 5,Maio 2026,-,-,60,1.0,1.0,60,ALTO,Estilo de condução,[ALERTA] Caminhão da Ana 5: risco 60 - agendar inspeção em breve.
Caminhão do Roberto 3,Maio 2026,-,-,32,1.0,1.0,32,MODERADO,Dificuldade da rota,[ATENÇÃO] Caminhão do Roberto 3: risco 32 - monitorar na próxima vistoria.
Caminhão do Pablo,Maio 2026,-,-,51,1.0,1.0,51,ALTO,Dificuldade da rota,[ALERTA] Caminhão do Pablo: risco 51 - agendar inspeção em breve.
Caminhão da Karina,Maio 2026,-,-,44,1.0,1.0,44,MODERADO,Estilo de condução,[ATENÇÃO] Caminhão da Karina: risco 44 - monitorar na próxima vistoria.
Caminhão do José 4,Maio 2026,-,-,60,1.0,1.0,60,ALTO,Estilo de condução,[ALERTA] Caminhão do José 4: risco 60 - agendar inspeção em breve.
Caminhão do Ricardo 4,Maio 2026,-,-,57,1.0,1.0,57,ALTO,Estilo de condução,[ALERTA] Caminhão do Ricardo 4: risco 57 - agendar inspeção em breve.
Caminhão da Carla 2,Maio 2026,-,-,31,1.0,1.0,31,MODERADO,Dificuldade da rota,[ATENÇÃO] Caminhão da Carla 2: risco 31 - monitorar na próxima vistoria.
Caminhão da Fernanda,Maio 2026,-,-,20,1.0,1.0,20,BAIXO,Dificuldade da rota,[OK] Caminhão da Fernanda: risco 20 - dentro do esperado.
Caminhão do Elias 5,Maio 2026,-,-,48,1.0,1.0,48,MODERADO,Dificuldade da rota,[ATENÇÃO] Caminhão do Elias 5: risco 48 - monitorar na próxima vistoria.
Caminhão do Heitor 4,Maio 2026,-,-,43,1.0,1.0,43,MODERADO,Estilo de condução,[ATENÇÃO] Caminhão do Heitor 4: risco 43 - monitorar na próxima vistoria.
Caminhão da Juliana,Maio 2026,-,-,48,1.0,1.0,48,MODERADO,Estilo de condução,[ATENÇÃO] Caminhão da Juliana: risco 48 - monitorar na próxima vistoria.
Caminhão do Renato 6,Maio 2026,-,-,51,1.0,1.0,51,ALTO,Estilo de condução,[ALERTA] Caminhão do Renato 6: risco 51 - agendar inspeção em breve.
Caminhão do Elias 2,Maio 2026,-,-,31,1.0,1.0,31,MODERADO,Dificuldade da rota,[ATENÇÃO] Caminhão do Elias 2: risco 31 - monitorar na próxima vistoria.
Caminhão da Patrícia 4,Maio 2026,-,-,29,1.0,1.0,29,MODERADO,Desaceleração/frenagem brusca,[ATENÇÃO] Caminhão da Patrícia 4: risco 29 - monitorar na próxima vistoria.
Caminhão da Beatriz 4,Maio 2026,-,-,54,1.0,1.0,54,ALTO,Estilo de condução,[ALERTA] Caminhão da Beatriz 4: risco 54 - agendar inspeção em breve.
Caminhão da Érica 5,Maio 2026,-,-,24,1.0,1.0,24,BAIXO,Dificuldade da rota,[OK] Caminhão da Érica 5: risco 24 - dentro do esperado.
Caminhão do Eduardo 6,Maio 2026,-,-,26,1.0,1.0,26,MODERADO,Desaceleração/frenagem brusca,[ATENÇÃO] Caminhão do Eduardo 6: risco 26 - monitorar na próxima vistoria.
Caminhão do Francisco 6,Maio 2026,-,-,29,1.0,1.0,29,MODERADO,Dificuldade da rota,[ATENÇÃO] Caminhão do Francisco 6: risco 29 - monitorar na próxima vistoria.
Caminhão do Gilberto 5,Maio 2026,-,-,62,1.0,1.0,62,ALTO,Estilo de condução,[ALERTA] Caminhão do Gilberto 5: risco 62 - agendar inspeção em breve.
Caminhão da Priscila,Maio 2026,-,-,49,1.0,1.0,49,MODERADO,Estilo de condução,[ATENÇÃO] Caminhão da Priscila: risco 49 - monitorar na próxima vistoria.
Caminhão do Mateus 4,Maio 2026,-,-,49,1.0,1.0,49,MODERADO,Estilo de condução,[ATENÇÃO] Caminhão do Mateus 4: risco 49 - monitorar na próxima vistoria.
Caminhão da Natália 5,Maio 2026,-,-,33,1.0,1.0,33,MODERADO,Desaceleração/frenagem brusca,[ATENÇÃO] Caminhão da Natália 5: risco 33 - monitorar na próxima vistoria.
Caminhão do Henrique 3,Maio 2026,-,-,45,1.0,1.0,45,MODERADO,Desaceleração/frenagem brusca,[ATENÇÃO] Caminhão do Henrique 3: risco 45 - monitorar na próxima vistoria.
Caminhão do Marcos 2,Maio 2026,-,-,45,1.0,1.0,45,MODERADO,Desaceleração/frenagem brusca,[ATENÇÃO] Caminhão do Marcos 2: risco 45 - monitorar na próxima vistoria.
Caminhão do Fernando,Maio 2026,-,-,38,1.0,1.0,38,MODERADO,Desaceleração/frenagem brusca,[ATENÇÃO] Caminhão do Fernando: risco 38 - monitorar na próxima vistoria.
Caminhão da Helena 4,Maio 2026,-,-,29,1.0,1.0,29,MODERADO,Dificuldade da rota,[ATENÇÃO] Caminhão da Helena 4: risco 29 - monitorar na próxima vistoria.
Caminhão do Caio 5,Maio 2026,-,-,33,1.0,1.0,33,MODERADO,Dificuldade da rota,[ATENÇÃO] Caminhão do Caio 5: risco 33 - monitorar na próxima vistoria.
Caminhão do Saulo 5,Maio 2026,-,-,39,1.0,1.0,39,MODERADO,Desaceleração/frenagem brusca,[ATENÇÃO] Caminhão do Saulo 5: risco 39 - monitorar na próxima vistoria.
Caminhão do Leandro 2,Maio 2026,-,-,26,1.0,1.0,26,MODERADO,Dificuldade da rota,[ATENÇÃO] Caminhão do Leandro 2: risco 26 - monitorar na próxima vistoria.
Caminhão da Ana 3,Maio 2026,-,-,36,1.0,1.0,36,MODERADO,Desaceleração/frenagem brusca,[ATENÇÃO] Caminhão da Ana 3: risco 36 - monitorar na próxima vistoria.
Caminhão do João 6,Maio 2026,-,-,31,1.0,1.0,31,MODERADO,Dificuldade da rota,[ATENÇÃO] Caminhão do João 6: risco 31 - monitorar na próxima vistoria.
Caminhão da Maria,Maio 2026,-,-,48,1.0,1.0,48,MODERADO,Estilo de condução,[ATENÇÃO] Caminhão da Maria: risco 48 - monitorar na próxima vistoria.
Caminhão do Samuel 4,Maio 2026,-,-,57,1.0,1.0,57,ALTO,Estilo de condução,[ALERTA] Caminhão do Samuel 4: risco 57 - agendar inspeção em breve.
Caminhão do Lucas 3,Maio 2026,-,-,47,1.0,1.0,47,MODERADO,Estilo de condução,[ATENÇÃO] Caminhão do Lucas 3: risco 47 - monitorar na próxima vistoria.
Caminhão do Paulo 4,Maio 2026,-,-,30,1.0,1.0,30,MODERADO,Dificuldade da rota,[ATENÇÃO] Caminhão do Paulo 4: risco 30 - monitorar na próxima vistoria.
Caminhão da Heloísa 4,Maio 2026,-,-,42,1.0,1.0,42,MODERADO,Estilo de condução,[ATENÇÃO] Caminhão da Heloísa 4: risco 42 - monitorar na próxima vistoria.
Caminhão do Pedro 6,Maio 2026,-,-,48,1.0,1.0,48,MODERADO,Desaceleração/frenagem brusca,[ATENÇÃO] Caminhão do Pedro 6: risco 48 - monitorar na próxima vistoria.
Caminhão do Cristiano 5,Maio 2026,-,-,53,1.0,1.0,53,ALTO,Estilo de condução,[ALERTA] Caminhão do Cristiano 5: risco 53 - agendar inspeção em breve.
Caminhão do Vitor 4,Maio 2026,-,-,38,1.0,1.0,38,MODERADO,Dificuldade da rota,[ATENÇÃO] Caminhão do Vitor 4: risco 38 - monitorar na próxima vistoria.
Caminhão da Beatriz 3,Maio 2026,-,-,46,1.0,1.0,46,MODERADO,Estilo de condução,[ATENÇÃO] Caminhão da Beatriz 3: risco 46 - monitorar na próxima vistoria.
Caminhão do Davi 3,Maio 2026,-,-,40,1.0,1.0,40,MODERADO,Desaceleração/frenagem brusca,[ATENÇÃO] Caminhão do Davi 3: risco 40 - monitorar na próxima vistoria.
Caminhão da Karina 4,Maio 2026,-,-,26,1.0,1.0,26,MODERADO,Dificuldade da rota,[ATENÇÃO] Caminhão da Karina 4: risco 26 - monitorar na próxima vistoria.
Caminhão da Vanessa,Maio 2026,-,-,47,1.0,1.0,47,MODERADO,Desaceleração/frenagem brusca,[ATENÇÃO] Caminhão da Vanessa: risco 47 - monitorar na próxima vistoria.
Caminhão da Joana 2,Maio 2026,-,-,41,1.0,1.0,41,MODERADO,Dificuldade da rota,[ATENÇÃO] Caminhão da Joana 2: risco 41 - monitorar na próxima vistoria.
Caminhão do Rafael 6,Maio 2026,-,-,38,1.0,1.0,38,MODERADO,Dificuldade da rota,[ATENÇÃO] Caminhão do Rafael 6: risco 38 - monitorar na próxima vistoria.
Caminhão da Heloísa,Maio 2026,-,-,44,1.0,1.0,44,MODERADO,Desaceleração/frenagem brusca,[ATENÇÃO] Caminhão da Heloísa: risco 44 - monitorar na próxima vistoria.
Caminhão da Sandra,Maio 2026,-,-,31,1.0,1.0,31,MODERADO,Dificuldade da rota,[ATENÇÃO] Caminhão da Sandra: risco 31 - monitorar na próxima vistoria.
Caminhão do Joaquim 4,Maio 2026,-,-,35,1.0,1.0,35,MODERADO,Desaceleração/frenagem brusca,[ATENÇÃO] Caminhão do Joaquim 4: risco 35 - monitorar na próxima vistoria.
Caminhão da Camila 3,Maio 2026,-,-,37,1.0,1.0,37,MODERADO,Desaceleração/frenagem brusca,[ATENÇÃO] Caminhão da Camila 3: risco 37 - monitorar na próxima vistoria.
Caminhão do Sérgio 5,Maio 2026,-,-,34,1.0,1.0,34,MODERADO,Dificuldade da rota,[ATENÇÃO] Caminhão do Sérgio 5: risco 34 - monitorar na próxima vistoria.
Caminhão do Miguel 4,Maio 2026,-,-,41,1.0,1.0,41,MODERADO,Estilo de condução,[ATENÇÃO] Caminhão do Miguel 4: risco 41 - monitorar na próxima vistoria.
Caminhão da Valéria 5,Maio 2026,-,-,48,1.0,1.0,48,MODERADO,Estilo de condução,[ATENÇÃO] Caminhão da Valéria 5: risco 48 - monitorar na próxima vistoria.
Caminhão da Marta 2,Maio 2026,-,-,35,1.0,1.0,35,MODERADO,Desaceleração/frenagem brusca,[ATENÇÃO] Caminhão da Marta 2: risco 35 - monitorar na próxima vistoria.
Caminhão do Tadeu 2,Maio 2026,-,-,38,1.0,1.0,38,MODERADO,Dificuldade da rota,[ATENÇÃO] Caminhão do Tadeu 2: risco 38 - monitorar na próxima vistoria.
Caminhão do Roberto 5,Maio 2026,-,-,25,1.0,1.0,25,BAIXO,Desaceleração/frenagem brusca,[OK] Caminhão do Roberto 5: risco 25 - dentro do esperado.
Caminhão da Ana 2,Maio 2026,-,-,40,1.0,1.0,40,MODERADO,Estilo de condução,[ATENÇÃO] Caminhão da Ana 2: risco 40 - monitorar na próxima vistoria.
Caminhão do Jorge 4,Maio 2026,-,-,42,1.0,1.0,42,MODERADO,Estilo de condução,[ATENÇÃO] Caminhão do Jorge 4: risco 42 - monitorar na próxima vistoria.
Caminhão do Paulo 3,Maio 2026,-,-,30,1.0,1.0,30,MODERADO,Dificuldade da rota,[ATENÇÃO] Caminhão do Paulo 3: risco 30 - monitorar na próxima vistoria.
Caminhão da Adriana,Maio 2026,-,-,35,1.0,1.0,35,MODERADO,Desaceleração/frenagem brusca,[ATENÇÃO] Caminhão da Adriana: risco 35 - monitorar na próxima vistoria.
Caminhão da Patrícia 3,Maio 2026,-,-,40,1.0,1.0,40,MODERADO,Desaceleração/frenagem brusca,[ATENÇÃO] Caminhão da Patrícia 3: risco 40 - monitorar na próxima vistoria.
Caminhão do Renato 3,Maio 2026,-,-,46,1.0,1.0,46,MODERADO,Desaceleração/frenagem brusca,[ATENÇÃO] Caminhão do Renato 3: risco 46 - monitorar na próxima vistoria.
Caminhão do Heitor 2,Maio 2026,-,-,63,1.0,1.0,63,ALTO,Estilo de condução,[ALERTA] Caminhão do Heitor 2: risco 63 - agendar inspeção em breve.
Caminhão do Caio 3,Maio 2026,-,-,31,1.0,1.0,31,MODERADO,Dificuldade da rota,[ATENÇÃO] Caminhão do Caio 3: risco 31 - monitorar na próxima vistoria.
Caminhão da Carla 3,Maio 2026,-,-,41,1.0,1.0,41,MODERADO,Dificuldade da rota,[ATENÇÃO] Caminhão da Carla 3: risco 41 - monitorar na próxima vistoria.
Caminhão do Marcos,Maio 2026,-,-,61,1.0,1.0,61,ALTO,Estilo de condução,[ALERTA] Caminhão do Marcos: risco 61 - agendar inspeção em breve.
Caminhão do Márcio 3,Maio 2026,-,-,59,1.0,1.0,59,ALTO,Estilo de condução,[ALERTA] Caminhão do Márcio 3: risco 59 - agendar inspeção em breve.
Caminhão da Teresa,Maio 2026,-,-,60,1.0,1.0,60,ALTO,Estilo de condução,[ALERTA] Caminhão da Teresa: risco 60 - agendar inspeção em breve.
Caminhão do Tiago 3,Maio 2026,-,-,38,1.0,1.0,38,MODERADO,Dificuldade da rota,[ATENÇÃO] Caminhão do Tiago 3: risco 38 - monitorar na próxima vistoria.
Caminhão do Maurício,Maio 2026,-,-,35,1.0,1.0,35,MODERADO,Dificuldade da rota,[ATENÇÃO] Caminhão do Maurício: risco 35 - monitorar na próxima vistoria.
Caminhão da Maria 4,Maio 2026,-,-,28,1.0,1.0,28,MODERADO,Dificuldade da rota,[ATENÇÃO] Caminhão da Maria 4: risco 28 - monitorar na próxima vistoria.
Caminhão do Felipe 3,Maio 2026,-,-,49,1.0,1.0,49,MODERADO,Estilo de condução,[ATENÇÃO] Caminhão do Felipe 3: risco 49 - monitorar na próxima vistoria.
Caminhão do Lucas,Maio 2026,-,-,50,1.0,1.0,50,MODERADO,Estilo de condução,[ATENÇÃO] Caminhão do Lucas: risco 50 - monitorar na próxima vistoria.
Caminhão do Marcelo 5,Maio 2026,-,-,37,1.0,1.0,37,MODERADO,Desaceleração/frenagem brusca,[ATENÇÃO] Caminhão do Marcelo 5: risco 37 - monitorar na próxima vistoria.
Caminhão da Érica 3,Maio 2026,-,-,24,1.0,1.0,24,BAIXO,Dificuldade da rota,[OK] Caminhão da Érica 3: risco 24 - dentro do esperado.
Caminhão da Sandra 2,Maio 2026,-,-,50,1.0,1.0,50,MODERADO,Estilo de condução,[ATENÇÃO] Caminhão da Sandra 2: risco 50 - monitorar na próxima vistoria.
Caminhão do Luiz 4,Maio 2026,-,-,40,1.0,1.0,40,MODERADO,Estilo de condução,[ATENÇÃO] Caminhão do Luiz 4: risco 40 - monitorar na próxima vistoria.
Caminhão da Zilda 5,Maio 2026,-,-,40,1.0,1.0,40,MODERADO,Desaceleração/frenagem brusca,[ATENÇÃO] Caminhão da Zilda 5: risco 40 - monitorar na próxima vistoria.
Caminhão do Francisco 4,Maio 2026,-,-,38,1.0,1.0,38,MODERADO,Desaceleração/frenagem brusca,[ATENÇÃO] Caminhão do Francisco 4: risco 38 - monitorar na próxima vistoria.
Caminhão do Davi 4,Maio 2026,-,-,34,1.0,1.0,34,MODERADO,Dificuldade da rota,[ATENÇÃO] Caminhão do Davi 4: risco 34 - monitorar na próxima vistoria.
Caminhão da Talita 3,Maio 2026,-,-,28,1.0,1.0,28,MODERADO,Dificuldade da rota,[ATENÇÃO] Caminhão da Talita 3: risco 28 - monitorar na próxima vistoria.
Caminhão da Isabela 3,Maio 2026,-,-,35,1.0,1.0,35,MODERADO,Dificuldade da rota,[ATENÇÃO] Caminhão da Isabela 3: risco 35 - monitorar na próxima vistoria.
Caminhão do José,Maio 2026,-,-,37,1.0,1.0,37,MODERADO,Dificuldade da rota,[ATENÇÃO] Caminhão do José: risco 37 - monitorar na próxima vistoria.
Caminhão do Tiago 4,Maio 2026,-,-,46,1.0,1.0,46,MODERADO,Estilo de frenagem,[ATENÇÃO] Caminhão do Tiago 4: risco 46 - monitorar na próxima vistoria.
Caminhão da Lúcia 2,Maio 2026,-,-,40,1.0,1.0,40,MODERADO,Dificuldade da rota,[ATENÇÃO] Caminhão da Lúcia 2: risco 40 - monitorar na próxima vistoria.
Caminhão da Fernanda 5,Maio 2026,-,-,35,1.0,1.0,35,MODERADO,Desaceleração/frenagem brusca,[ATENÇÃO] Caminhão da Fernanda 5: risco 35 - monitorar na próxima vistoria.
Caminhão da Isabela 5,Maio 2026,-,-,29,1.0,1.0,29,MODERADO,Desaceleração/frenagem brusca,[ATENÇÃO] Caminhão da Isabela 5: risco 29 - monitorar na próxima vistoria.
Caminhão do Vinícius 6,Maio 2026,-,-,35,1.0,1.0,35,MODERADO,Dificuldade da rota,[ATENÇÃO] Caminhão do Vinícius 6: risco 35 - monitorar na próxima vistoria.
Caminhão da Larissa 3,Maio 2026,-,-,49,1.0,1.0,49,MODERADO,Desaceleração/frenagem brusca,[ATENÇÃO] Caminhão da Larissa 3: risco 49 - monitorar na próxima vistoria.
Caminhão da Renata 5,Maio 2026,-,-,52,1.0,1.0,52,ALTO,Estilo de condução,[ALERTA] Caminhão da Renata 5: risco 52 - agendar inspeção em breve.
Caminhão do Kleber 3,Maio 2026,-,-,33,1.0,1.0,33,MODERADO,Dificuldade da rota,[ATENÇÃO] Caminhão do Kleber 3: risco 33 - monitorar na próxima vistoria.
Caminhão do Gabriel 3,Maio 2026,-,-,48,1.0,1.0,48,MODERADO,Desaceleração/frenagem brusca,[ATENÇÃO] Caminhão do Gabriel 3: risco 48 - monitorar na próxima vistoria.
Caminhão da Úrsula 2,Maio 2026,-,-,53,1.0,1.0,53,ALTO,Estilo de condução,[ALERTA] Caminhão da Úrsula 2: risco 53 - agendar inspeção em breve.
Caminhão do Orlando 2,Maio 2026,-,-,52,1.0,1.0,52,ALTO,Estilo de condução,[ALERTA] Caminhão do Orlando 2: risco 52 - agendar inspeção em breve.
Caminhão do Rogério,Maio 2026,-,-,41,1.0,1.0,41,MODERADO,Dificuldade da rota,[ATENÇÃO] Caminhão do Rogério: risco 41 - monitorar na próxima vistoria.
Caminhão do Yuri 5,Maio 2026,-,-,44,1.0,1.0,44,MODERADO,Dificuldade da rota,[ATENÇÃO] Caminhão do Yuri 5: risco 44 - monitorar na próxima vistoria.
Caminhão do Daniel 4,Maio 2026,-,-,36,1.0,1.0,36,MODERADO,Desaceleração/frenagem brusca,[ATENÇÃO] Caminhão do Daniel 4: risco 36 - monitorar na próxima vistoria.
Caminhão do Otávio 3,Maio 2026,-,-,44,1.0,1.0,44,MODERADO,Estilo de condução,[ATENÇÃO] Caminhão do Otávio 3: risco 44 - monitorar na próxima vistoria.
Caminhão da Sandra 4,Maio 2026,-,-,33,1.0,1.0,33,MODERADO,Desaceleração/frenagem brusca,[ATENÇÃO] Caminhão da Sandra 4: risco 33 - monitorar na próxima vistoria.
Caminhão do Roberto 4,Maio 2026,-,-,38,1.0,1.0,38,MODERADO,Desaceleração/frenagem brusca,[ATENÇÃO] Caminhão do Roberto 4: risco 38 - monitorar na próxima vistoria.
Caminhão da Sabrina 2,Maio 2026,-,-,53,1.0,1.0,53,ALTO,Estilo de condução,[ALERTA] Caminhão da Sabrina 2: risco 53 - agendar inspeção em breve.
Caminhão da Raquel 4,Maio 2026,-,-,30,1.0,1.0,30,MODERADO,Dificuldade da rota,[ATENÇÃO] Caminhão da Raquel 4: risco 30 - monitorar na próxima vistoria.
Caminhão do Elias 4,Maio 2026,-,-,46,1.0,1.0,46,MODERADO,Desaceleração/frenagem brusca,[ATENÇÃO] Caminhão do Elias 4: risco 46 - monitorar na próxima vistoria.
Caminhão do Ícaro 5,Maio 2026,-,-,37,1.0,1.0,37,MODERADO,Desaceleração/frenagem brusca,[ATENÇÃO] Caminhão do Ícaro 5: risco 37 - monitorar na próxima vistoria.
Caminhão da Isabela 4,Maio 2026,-,-,35,1.0,1.0,35,MODERADO,Desaceleração/frenagem brusca,[ATENÇÃO] Caminhão da Isabela 4: risco 35 - monitorar na próxima vistoria.
Caminhão da Giovana,Maio 2026,-,-,42,1.0,1.0,42,MODERADO,Dificuldade da rota,[ATENÇÃO] Caminhão da Giovana: risco 42 - monitorar na próxima vistoria.
Caminhão da Juliana 5,Maio 2026,-,-,33,1.0,1.0,33,MODERADO,Dificuldade da rota,[ATENÇÃO] Caminhão da Juliana 5: risco 33 - monitorar na próxima vistoria.
Caminhão da Beatriz 2,Maio 2026,-,-,45,1.0,1.0,45,MODERADO,Estilo de condução,[ATENÇÃO] Caminhão da Beatriz 2: risco 45 - monitorar na próxima vistoria.
Caminhão do Zeca 2,Maio 2026,-,-,51,1.0,1.0,51,ALTO,Estilo de condução,[ALERTA] Caminhão do Zeca 2: risco 51 - agendar inspeção em breve.
Caminhão do Joaquim,Maio 2026,-,-,42,1.0,1.0,42,MODERADO,Dificuldade da rota,[ATENÇÃO] Caminhão do Joaquim: risco 42 - monitorar na próxima vistoria.
Caminhão da Bianca,Maio 2026,-,-,51,1.0,1.0,51,ALTO,Estilo de condução,[ALERTA] Caminhão da Bianca: risco 51 - agendar inspeção em breve.
Caminhão do Paulo 6,Maio 2026,-,-,38,1.0,1.0,38,MODERADO,Desaceleração/frenagem brusca,[ATENÇÃO] Caminhão do Paulo 6: risco 38 - monitorar na próxima vistoria.
Caminhão do Lucas 5,Maio 2026,-,-,60,1.0,1.0,60,ALTO,Estilo de condução,[ALERTA] Caminhão do Lucas 5: risco 60 - agendar inspeção em breve.
Caminhão do Arthur 5,Maio 2026,-,-,43,1.0,1.0,43,MODERADO,Estilo de condução,[ATENÇÃO] Caminhão do Arthur 5: risco 43 - monitorar na próxima vistoria.
Caminhão do Vinícius,Maio 2026,-,-,47,1.0,1.0,47,MODERADO,Estilo de condução,[ATENÇÃO] Caminhão do Vinícius: risco 47 - monitorar na próxima vistoria.
Caminhão do Valter 3,Maio 2026,-,-,56,1.0,1.0,56,ALTO,Estilo de condução,[ALERTA] Caminhão do Valter 3: risco 56 - agendar inspeção em breve.
Caminhão da Eliana 3,Maio 2026,-,-,41,1.0,1.0,41,MODERADO,Dificuldade da rota,[ATENÇÃO] Caminhão da Eliana 3: risco 41 - monitorar na próxima vistoria.
Caminhão do Gustavo 6,Maio 2026,-,-,32,1.0,1.0,32,MODERADO,Desaceleração/frenagem brusca,[ATENÇÃO] Caminhão do Gustavo 6: risco 32 - monitorar na próxima vistoria.
Caminhão do Wagner 3,Maio 2026,-,-,37,1.0,1.0,37,MODERADO,Desaceleração/frenagem brusca,[ATENÇÃO] Caminhão do Wagner 3: risco 37 - monitorar na próxima vistoria.
Caminhão do Fábio 3,Maio 2026,-,-,21,1.0,1.0,21,BAIXO,Dificuldade da rota,[OK] Caminhão do Fábio 3: risco 21 - dentro do esperado.
Caminhão do Alexandre 2,Maio 2026,-,-,29,1.0,1.0,29,MODERADO,Dificuldade da rota,[ATENÇÃO] Caminhão do Alexandre 2: risco 29 - monitorar na próxima vistoria.
Caminhão do Sérgio 4,Maio 2026,-,-,33,1.0,1.0,33,MODERADO,Desaceleração/frenagem brusca,[ATENÇÃO] Caminhão do Sérgio 4: risco 33 - monitorar na próxima vistoria.
Caminhão da Juliana 2,Maio 2026,-,-,55,1.0,1.0,55,ALTO,Estilo de condução,[ALERTA] Caminhão da Juliana 2: risco 55 - agendar inspeção em breve.
Caminhão do Pedro 4,Maio 2026,-,-,57,1.0,1.0,57,ALTO,Estilo de condução,[ALERTA] Caminhão do Pedro 4: risco 57 - agendar inspeção em breve.
Caminhão do Leandro 3,Maio 2026,-,-,45,1.0,1.0,45,MODERADO,Estilo de condução,[ATENÇÃO] Caminhão do Leandro 3: risco 45 - monitorar na próxima vistoria.
Caminhão da Mariana 2,Maio 2026,-,-,41,1.0,1.0,41,MODERADO,Estilo de condução,[ATENÇÃO] Caminhão da Mariana 2: risco 41 - monitorar na próxima vistoria.
Caminhão do Marcos 6,Maio 2026,-,-,37,1.0,1.0,37,MODERADO,Desaceleração/frenagem brusca,[ATENÇÃO] Caminhão do Marcos 6: risco 37 - monitorar na próxima vistoria.
Caminhão da Vanessa 2,Maio 2026,-,-,32,1.0,1.0,32,MODERADO,Dificuldade da rota,[ATENÇÃO] Caminhão da Vanessa 2: risco 32 - monitorar na próxima vistoria.
Caminhão da Valéria,Maio 2026,-,-,35,1.0,1.0,35,MODERADO,Desaceleração/frenagem brusca,[ATENÇÃO] Caminhão da Valéria: risco 35 - monitorar na próxima vistoria.
Caminhão do Mateus 2,Maio 2026,-,-,49,1.0,1.0,49,MODERADO,Estilo de condução,[ATENÇÃO] Caminhão do Mateus 2: risco 49 - monitorar na próxima vistoria.
Caminhão da Karina 3,Maio 2026,-,-,45,1.0,1.0,45,MODERADO,Estilo de condução,[ATENÇÃO] Caminhão da Karina 3: risco 45 - monitorar na próxima vistoria.
Caminhão do Daniel 5,Maio 2026,-,-,26,1.0,1.0,26,MODERADO,Dificuldade da rota,[ATENÇÃO] Caminhão do Daniel 5: risco 26 - monitorar na próxima vistoria.
Caminhão da Daniela 4,Maio 2026,-,-,32,1.0,1.0,32,MODERADO,Desaceleração/frenagem brusca,[ATENÇÃO] Caminhão da Daniela 4: risco 32 - monitorar na próxima vistoria.
Caminhão da Priscila 3,Maio 2026,-,-,38,1.0,1.0,38,MODERADO,Estilo de condução,[ATENÇÃO] Caminhão da Priscila 3: risco 38 - monitorar na próxima vistoria.
Caminhão da Karina 2,Maio 2026,-,-,32,1.0,1.0,32,MODERADO,Estilo de condução,[ATENÇÃO] Caminhão da Karina 2: risco 32 - monitorar na próxima vistoria.
Caminhão do Miguel,Maio 2026,-,-,42,1.0,1.0,42,MODERADO,Desaceleração/frenagem brusca,[ATENÇÃO] Caminhão do Miguel: risco 42 - monitorar na próxima vistoria.
Caminhão do Orlando,Maio 2026,-,-,23,1.0,1.0,23,BAIXO,Estilo de condução,[OK] Caminhão do Orlando: risco 23 - dentro do esperado.
Caminhão da Nádia 2,Maio 2026,-,-,41,1.0,1.0,41,MODERADO,Estilo de condução,[ATENÇÃO] Caminhão da Nádia 2: risco 41 - monitorar na próxima vistoria.
Caminhão da Flávia,Maio 2026,-,-,24,1.0,1.0,24,BAIXO,Dificuldade da rota,[OK] Caminhão da Flávia: risco 24 - dentro do esperado.
Caminhão do Valter 4,Maio 2026,-,-,41,1.0,1.0,41,MODERADO,Estilo de condução,[ATENÇÃO] Caminhão do Valter 4: risco 41 - monitorar na próxima vistoria.
Caminhão da Eliana,Maio 2026,-,-,48,1.0,1.0,48,MODERADO,Estilo de condução,[ATENÇÃO] Caminhão da Eliana: risco 48 - monitorar na próxima vistoria.
Caminhão do Rogério 4,Maio 2026,-,-,39,1.0,1.0,39,MODERADO,Desaceleração/frenagem brusca,[ATENÇÃO] Caminhão do Rogério 4: risco 39 - monitorar na próxima vistoria.
Caminhão da Sandra 5,Maio 2026,-,-,52,1.0,1.0,52,ALTO,Estilo de condução,[ALERTA] Caminhão da Sandra 5: risco 52 - agendar inspeção em breve.
Caminhão do José 5,Maio 2026,-,-,51,1.0,1.0,51,ALTO,Estilo de condução,[ALERTA] Caminhão do José 5: risco 51 - agendar inspeção em breve.
Caminhão do Francisco,Maio 2026,-,-,34,1.0,1.0,34,MODERADO,Dificuldade da rota,[ATENÇÃO] Caminhão do Francisco: risco 34 - monitorar na próxima vistoria.
Caminhão do Gustavo 3,Maio 2026,-,-,41,1.0,1.0,41,MODERADO,Dificuldade da rota,[ATENÇÃO] Caminhão do Gustavo 3: risco 41 - monitorar na próxima vistoria.
Caminhão do João 5,Maio 2026,-,-,28,1.0,1.0,28,MODERADO,Dificuldade da rota,[ATENÇÃO] Caminhão do João 5: risco 28 - monitorar na próxima vistoria.
Caminhão do Davi 5,Maio 2026,-,-,51,1.0,1.0,51,ALTO,Estilo de condução,[ALERTA] Caminhão do Davi 5: risco 51 - agendar inspeção em breve.
Caminhão do Fábio,Maio 2026,-,-,53,1.0,1.0,53,ALTO,Estilo de condução,[ALERTA] Caminhão do Fábio: risco 53 - agendar inspeção em breve.
Caminhão da Yasmin 2,Maio 2026,-,-,47,1.0,1.0,47,MODERADO,Desaceleração/frenagem brusca,[ATENÇÃO] Caminhão da Yasmin 2: risco 47 - monitorar na próxima vistoria.
Caminhão da Mariana,Maio 2026,-,-,37,1.0,1.0,37,MODERADO,Dificuldade da rota,[ATENÇÃO] Caminhão da Mariana: risco 37 - monitorar na próxima vistoria.
Caminhão da Helena 5,Maio 2026,-,-,34,1.0,1.0,34,MODERADO,Dificuldade da rota,[ATENÇÃO] Caminhão da Helena 5: risco 34 - monitorar na próxima vistoria.
Caminhão do Ricardo,Maio 2026,-,-,59,1.0,1.0,59,ALTO,Estilo de condução,[ALERTA] Caminhão do Ricardo: risco 59 - agendar inspeção em breve.
Caminhão da Yasmin 5,Maio 2026,-,-,35,1.0,1.0,35,MODERADO,Desaceleração/frenagem brusca,[ATENÇÃO] Caminhão da Yasmin 5: risco 35 - monitorar na próxima vistoria.
Caminhão do Wagner 2,Maio 2026,-,-,30,1.0,1.0,30,MODERADO,Dificuldade da rota,[ATENÇÃO] Caminhão do Wagner 2: risco 30 - monitorar na próxima vistoria.
Caminhão do Rodrigo 2,Maio 2026,-,-,41,1.0,1.0,41,MODERADO,Desaceleração/frenagem brusca,[ATENÇÃO] Caminhão do Rodrigo 2: risco 41 - monitorar na próxima vistoria.
Caminhão do Mateus,Maio 2026,-,-,29,1.0,1.0,29,MODERADO,Estilo de condução,[ATENÇÃO] Caminhão do Mateus: risco 29 - monitorar na próxima vistoria.
Caminhão do Sérgio,Maio 2026,-,-,46,1.0,1.0,46,MODERADO,Estilo de condução,[ATENÇÃO] Caminhão do Sérgio: risco 46 - monitorar na próxima vistoria.
Caminhão do Fernando 6,Maio 2026,-,-,27,1.0,1.0,27,MODERADO,Desaceleração/frenagem brusca,[ATENÇÃO] Caminhão do Fernando 6: risco 27 - monitorar na próxima vistoria.
Caminhão da Adriana 3,Maio 2026,-,-,41,1.0,1.0,41,MODERADO,Estilo de condução,[ATENÇÃO] Caminhão da Adriana 3: risco 41 - monitorar na próxima vistoria.
Caminhão do Francisco 3,Maio 2026,-,-,27,1.0,1.0,27,MODERADO,Dificuldade da rota,[ATENÇÃO] Caminhão do Francisco 3: risco 27 - monitorar na próxima vistoria.
Caminhão do Eduardo,Maio 2026,-,-,54,1.0,1.0,54,ALTO,Estilo de condução,[ALERTA] Caminhão do Eduardo: risco 54 - agendar inspeção em breve.
Caminhão da Talita 5,Maio 2026,-,-,34,1.0,1.0,34,MODERADO,Desaceleração/frenagem brusca,[ATENÇÃO] Caminhão da Talita 5: risco 34 - monitorar na próxima vistoria.
Caminhão do Carlos,Maio 2026,-,-,40,1.0,1.0,40,MODERADO,Desaceleração/frenagem brusca,[ATENÇÃO] Caminhão do Carlos: risco 40 - monitorar na próxima vistoria.
Caminhão do Francisco 2,Maio 2026,-,-,45,1.0,1.0,45,MODERADO,Dificuldade da rota,[ATENÇÃO] Caminhão do Francisco 2: risco 45 - monitorar na próxima vistoria.
Caminhão da Ivone 4,Maio 2026,-,-,51,1.0,1.0,51,ALTO,Estilo de condução,[ALERTA] Caminhão da Ivone 4: risco 51 - agendar inspeção em breve.
Caminhão do Lucas 4,Maio 2026,-,-,31,1.0,1.0,31,MODERADO,Dificuldade da rota,[ATENÇÃO] Caminhão do Lucas 4: risco 31 - monitorar na próxima vistoria.
Caminhão do Rogério 2,Maio 2026,-,-,59,1.0,1.0,59,ALTO,Estilo de condução,[ALERTA] Caminhão do Rogério 2: risco 59 - agendar inspeção em breve.
Caminhão da Gabriela 3,Maio 2026,-,-,31,1.0,1.0,31,MODERADO,Dificuldade da rota,[ATENÇÃO] Caminhão da Gabriela 3: risco 31 - monitorar na próxima vistoria.
Caminhão da Bianca 3,Maio 2026,-,-,31,1.0,1.0,31,MODERADO,Dificuldade da rota,[ATENÇÃO] Caminhão da Bianca 3: risco 31 - monitorar na próxima vistoria.
Caminhão da Débora 3,Maio 2026,-,-,37,1.0,1.0,37,MODERADO,Estilo de condução,[ATENÇÃO] Caminhão da Débora 3: risco 37 - monitorar na próxima vistoria.
Caminhão do Arthur 3,Maio 2026,-,-,47,1.0,1.0,47,MODERADO,Estilo de condução,[ATENÇÃO] Caminhão do Arthur 3: risco 47 - monitorar na próxima vistoria.
Caminhão da Priscila 2,Maio 2026,-,-,37,1.0,1.0,37,MODERADO,Desaceleração/frenagem brusca,[ATENÇÃO] Caminhão da Priscila 2: risco 37 - monitorar na próxima vistoria.
Caminhão da Nádia,Maio 2026,-,-,36,1.0,1.0,36,MODERADO,Desaceleração/frenagem brusca,[ATENÇÃO] Caminhão da Nádia: risco 36 - monitorar na próxima vistoria.
Caminhão da Heloísa 3,Maio 2026,-,-,31,1.0,1.0,31,MODERADO,Dificuldade da rota,[ATENÇÃO] Caminhão da Heloísa 3: risco 31 - monitorar na próxima vistoria.
Caminhão da Clotilde,Maio 2026,-,-,44,1.0,1.0,44,MODERADO,Estilo de condução,[ATENÇÃO] Caminhão da Clotilde: risco 44 - monitorar na próxima vistoria.
Caminhão do Bruno 6,Maio 2026,-,-,47,1.0,1.0,47,MODERADO,Estilo de condução,[ATENÇÃO] Caminhão do Bruno 6: risco 47 - monitorar na próxima vistoria.
Caminhão do Ícaro 3,Maio 2026,-,-,42,1.0,1.0,42,MODERADO,Desaceleração/frenagem brusca,[ATENÇÃO] Caminhão do Ícaro 3: risco 42 - monitorar na próxima vistoria.
Caminhão do Samuel 3,Maio 2026,-,-,45,1.0,1.0,45,MODERADO,Dificuldade da rota,[ATENÇÃO] Caminhão do Samuel 3: risco 45 - monitorar na próxima vistoria.
Caminhão do Henrique 4,Maio 2026,-,-,42,1.0,1.0,42,MODERADO,Desaceleração/frenagem brusca,[ATENÇÃO] Caminhão do Henrique 4: risco 42 - monitorar na próxima vistoria.
Caminhão da Heloísa 5,Maio 2026,-,-,39,1.0,1.0,39,MODERADO,Desaceleração/frenagem brusca,[ATENÇÃO] Caminhão da Heloísa 5: risco 39 - monitorar na próxima vistoria.
Caminhão do Pedro 2,Maio 2026,-,-,38,1.0,1.0,38,MODERADO,Dificuldade da rota,[ATENÇÃO] Caminhão do Pedro 2: risco 38 - monitorar na próxima vistoria.
Caminhão do Pedro 3,Maio 2026,-,-,31,1.0,1.0,31,MODERADO,Desaceleração/frenagem brusca,[ATENÇÃO] Caminhão do Pedro 3: risco 31 - monitorar na próxima vistoria.
Caminhão da Giovana 5,Maio 2026,-,-,44,1.0,1.0,44,MODERADO,Dificuldade da rota,[ATENÇÃO] Caminhão da Giovana 5: risco 44 - monitorar na próxima vistoria.
Caminhão da Giovana 2,Maio 2026,-,-,49,1.0,1.0,49,MODERADO,Desaceleração/frenagem brusca,[ATENÇÃO] Caminhão da Giovana 2: risco 49 - monitorar na próxima vistoria.
Caminhão da Helena 2,Maio 2026,-,-,44,1.0,1.0,44,MODERADO,Estilo de condução,[ATENÇÃO] Caminhão da Helena 2: risco 44 - monitorar na próxima vistoria.
Caminhão do Rogério 5,Maio 2026,-,-,50,1.0,1.0,50,MODERADO,Estilo de condução,[ATENÇÃO] Caminhão do Rogério 5: risco 50 - monitorar na próxima vistoria.
Caminhão da Camila 4,Maio 2026,-,-,35,1.0,1.0,35,MODERADO,Desaceleração/frenagem brusca,[ATENÇÃO] Caminhão da Camila 4: risco 35 - monitorar na próxima vistoria.
Caminhão do Maurício 4,Maio 2026,-,-,45,1.0,1.0,45,MODERADO,Estilo de condução,[ATENÇÃO] Caminhão do Maurício 4: risco 45 - monitorar na próxima vistoria.
Caminhão da Úrsula,Maio 2026,-,-,19,1.0,1.0,19,BAIXO,Dificuldade da rota,[OK] Caminhão da Úrsula: risco 19 - dentro do esperado.
Caminhão da Gabriela 2,Maio 2026,-,-,43,1.0,1.0,43,MODERADO,Estilo de condução,[ATENÇÃO] Caminhão da Gabriela 2: risco 43 - monitorar na próxima vistoria.
Caminhão do Eduardo 5,Maio 2026,-,-,39,1.0,1.0,39,MODERADO,Desaceleração/frenagem brusca,[ATENÇÃO] Caminhão do Eduardo 5: risco 39 - monitorar na próxima vistoria.
Caminhão do Fernando 3,Maio 2026,-,-,41,1.0,1.0,41,MODERADO,Desaceleração/frenagem brusca,[ATENÇÃO] Caminhão do Fernando 3: risco 41 - monitorar na próxima vistoria.
Caminhão do Tiago,Maio 2026,-,-,40,1.0,1.0,40,MODERADO,Dificuldade da rota,[ATENÇÃO] Caminhão do Tiago: risco 40 - monitorar na próxima vistoria.
Caminhão da Juliana 3,Maio 2026,-,-,43,1.0,1.0,43,MODERADO,Dificuldade da rota,[ATENÇÃO] Caminhão da Juliana 3: risco 43 - monitorar na próxima vistoria.
Caminhão da Camila 5,Maio 2026,-,-,37,1.0,1.0,37,MODERADO,Desaceleração/frenagem brusca,[ATENÇÃO] Caminhão da Camila 5: risco 37 - monitorar na próxima vistoria.
Caminhão da Valéria 4,Maio 2026,-,-,21,1.0,1.0,21,BAIXO,Dificuldade da rota,[OK] Caminhão da Valéria 4: risco 21 - dentro do esperado.
Caminhão da Natália,Maio 2026,-,-,25,1.0,1.0,25,BAIXO,Dificuldade da rota,[OK] Caminhão da Natália: risco 25 - dentro do esperado.
Caminhão do Ricardo 5,Maio 2026,-,-,34,1.0,1.0,34,MODERADO,Desaceleração/frenagem brusca,[ATENÇÃO] Caminhão do Ricardo 5: risco 34 - monitorar na próxima vistoria.
Caminhão do Vitor 3,Maio 2026,-,-,38,1.0,1.0,38,MODERADO,Desaceleração/frenagem brusca,[ATENÇÃO] Caminhão do Vitor 3: risco 38 - monitorar na próxima vistoria.
Caminhão do Luiz,Maio 2026,-,-,38,1.0,1.0,38,MODERADO,Desaceleração/frenagem brusca,[ATENÇÃO] Caminhão do Luiz: risco 38 - monitorar na próxima vistoria.
Caminhão do Fernando 4,Maio 2026,-,-,48,1.0,1.0,48,MODERADO,Desaceleração/frenagem brusca,[ATENÇÃO] Caminhão do Fernando 4: risco 48 - monitorar na próxima vistoria.
Caminhão da Mariana 3,Maio 2026,-,-,59,1.0,1.0,59,ALTO,Estilo de condução,[ALERTA] Caminhão da Mariana 3: risco 59 - agendar inspeção em breve.
Caminhão do Ícaro 4,Maio 2026,-,-,39,1.0,1.0,39,MODERADO,Desaceleração/frenagem brusca,[ATENÇÃO] Caminhão do Ícaro 4: risco 39 - monitorar na próxima vistoria.
Caminhão do Renato 2,Maio 2026,-,-,56,1.0,1.0,56,ALTO,Estilo de condução,[ALERTA] Caminhão do Renato 2: risco 56 - agendar inspeção em breve.
Caminhão da Clotilde 2,Maio 2026,-,-,38,1.0,1.0,38,MODERADO,Desaceleração/frenagem brusca,[ATENÇÃO] Caminhão da Clotilde 2: risco 38 - monitorar na próxima vistoria.
Caminhão da Wilma 5,Maio 2026,-,-,48,1.0,1.0,48,MODERADO,Estilo de condução,[ATENÇÃO] Caminhão da Wilma 5: risco 48 - monitorar na próxima vistoria.
Caminhão da Ana,Maio 2026,-,-,33,1.0,1.0,33,MODERADO,Estilo de condução,[ATENÇÃO] Caminhão da Ana: risco 33 - monitorar na próxima vistoria.
Caminhão do Diego 3,Maio 2026,-,-,46,1.0,1.0,46,MODERADO,Estilo de frenagem,[ATENÇÃO] Caminhão do Diego 3: risco 46 - monitorar na próxima vistoria.
Caminhão da Sabrina,Maio 2026,-,-,35,1.0,1.0,35,MODERADO,Desaceleração/frenagem brusca,[ATENÇÃO] Caminhão da Sabrina: risco 35 - monitorar na próxima vistoria.
Caminhão da Maria 2,Maio 2026,-,-,35,1.0,1.0,35,MODERADO,Desaceleração/frenagem brusca,[ATENÇÃO] Caminhão da Maria 2: risco 35 - monitorar na próxima vistoria.
Caminhão da Camila,Maio 2026,-,-,22,1.0,1.0,22,BAIXO,Estilo de condução,[OK] Caminhão da Camila: risco 22 - dentro do esperado.
Caminhão do Yuri 3,Maio 2026,-,-,32,1.0,1.0,32,MODERADO,Desaceleração/frenagem brusca,[ATENÇÃO] Caminhão do Yuri 3: risco 32 - monitorar na próxima vistoria.
Caminhão do Maurício 3,Maio 2026,-,-,41,1.0,1.0,41,MODERADO,Dificuldade da rota,[ATENÇÃO] Caminhão do Maurício 3: risco 41 - monitorar na próxima vistoria.
Caminhão do Tadeu 3,Maio 2026,-,-,41,1.0,1.0,41,MODERADO,Dificuldade da rota,[ATENÇÃO] Caminhão do Tadeu 3: risco 41 - monitorar na próxima vistoria.
Caminhão do Rafael 4,Maio 2026,-,-,31,1.0,1.0,31,MODERADO,Dificuldade da rota,[ATENÇÃO] Caminhão do Rafael 4: risco 31 - monitorar na próxima vistoria.
Caminhão do Diego 2,Maio 2026,-,-,46,1.0,1.0,46,MODERADO,Estilo de condução,[ATENÇÃO] Caminhão do Diego 2: risco 46 - monitorar na próxima vistoria.
Caminhão da Priscila 4,Maio 2026,-,-,25,1.0,1.0,25,BAIXO,Desaceleração/frenagem brusca,[OK] Caminhão da Priscila 4: risco 25 - dentro do esperado.
Caminhão da Lúcia 3,Maio 2026,-,-,56,1.0,1.0,56,ALTO,Estilo de condução,[ALERTA] Caminhão da Lúcia 3: risco 56 - agendar inspeção em breve.
Caminhão da Teresa 4,Maio 2026,-,-,23,1.0,1.0,23,BAIXO,Dificuldade da rota,[OK] Caminhão da Teresa 4: risco 23 - dentro do esperado.
Caminhão do Saulo 3,Maio 2026,-,-,43,1.0,1.0,43,MODERADO,Estilo de condução,[ATENÇÃO] Caminhão do Saulo 3: risco 43 - monitorar na próxima vistoria.
Caminhão da Renata 4,Maio 2026,-,-,33,1.0,1.0,33,MODERADO,Desaceleração/frenagem brusca,[ATENÇÃO] Caminhão da Renata 4: risco 33 - monitorar na próxima vistoria.
Caminhão da Gabriela 4,Maio 2026,-,-,36,1.0,1.0,36,MODERADO,Desaceleração/frenagem brusca,[ATENÇÃO] Caminhão da Gabriela 4: risco 36 - monitorar na próxima vistoria.
Caminhão do Jorge,Maio 2026,-,-,41,1.0,1.0,41,MODERADO,Estilo de condução,[ATENÇÃO] Caminhão do Jorge: risco 41 - monitorar na próxima vistoria.
Caminhão da Lúcia 5,Maio 2026,-,-,54,1.0,1.0,54,ALTO,Estilo de condução,[ALERTA] Caminhão da Lúcia 5: risco 54 - agendar inspeção em breve.
Caminhão do Gilberto 4,Maio 2026,-,-,55,1.0,1.0,55,ALTO,Estilo de condução,[ALERTA] Caminhão do Gilberto 4: risco 55 - agendar inspeção em breve.
Caminhão do Davi 2,Maio 2026,-,-,53,1.0,1.0,53,ALTO,Estilo de condução,[ALERTA] Caminhão do Davi 2: risco 53 - agendar inspeção em breve.
Caminhão do Vinícius 5,Maio 2026,-,-,30,1.0,1.0,30,MODERADO,Desaceleração/frenagem brusca,[ATENÇÃO] Caminhão do Vinícius 5: risco 30 - monitorar na próxima vistoria.
Caminhão da Olívia,Maio 2026,-,-,45,1.0,1.0,45,MODERADO,Desaceleração/frenagem brusca,[ATENÇÃO] Caminhão da Olívia: risco 45 - monitorar na próxima vistoria.
Caminhão do Ícaro,Maio 2026,-,-,46,1.0,1.0,46,MODERADO,Desaceleração/frenagem brusca,[ATENÇÃO] Caminhão do Ícaro: risco 46 - monitorar na próxima vistoria.
Caminhão do Bruno,Maio 2026,-,-,32,1.0,1.0,32,MODERADO,Dificuldade da rota,[ATENÇÃO] Caminhão do Bruno: risco 32 - monitorar na próxima vistoria.
Caminhão do Marcelo,Maio 2026,-,-,42,1.0,1.0,42,MODERADO,Desaceleração/frenagem brusca,[ATENÇÃO] Caminhão do Marcelo: risco 42 - monitorar na próxima vistoria.
Caminhão do Leonardo 4,Maio 2026,-,-,44,1.0,1.0,44,MODERADO,Estilo de condução,[ATENÇÃO] Caminhão do Leonardo 4: risco 44 - monitorar na próxima vistoria.
Caminhão do Benedito,Maio 2026,-,-,27,1.0,1.0,27,MODERADO,Desaceleração/frenagem brusca,[ATENÇÃO] Caminhão do Benedito: risco 27 - monitorar na próxima vistoria.
Caminhão do Leonardo 2,Maio 2026,-,-,31,1.0,1.0,31,MODERADO,Desaceleração/frenagem brusca,[ATENÇÃO] Caminhão do Leonardo 2: risco 31 - monitorar na próxima vistoria.
Caminhão do Marcos 4,Maio 2026,-,-,52,1.0,1.0,52,ALTO,Estilo de condução,[ALERTA] Caminhão do Marcos 4: risco 52 - agendar inspeção em breve.
Caminhão da Talita,Maio 2026,-,-,45,1.0,1.0,45,MODERADO,Dificuldade da rota,[ATENÇÃO] Caminhão da Talita: risco 45 - monitorar na próxima vistoria.
Caminhão do Eduardo 2,Maio 2026,-,-,54,1.0,1.0,54,ALTO,Estilo de condução,[ALERTA] Caminhão do Eduardo 2: risco 54 - agendar inspeção em breve.
Caminhão do Henrique 5,Maio 2026,-,-,47,1.0,1.0,47,MODERADO,Estilo de condução,[ATENÇÃO] Caminhão do Henrique 5: risco 47 - monitorar na próxima vistoria.
Caminhão do Rodrigo 6,Maio 2026,-,-,50,1.0,1.0,50,MODERADO,Estilo de condução,[ATENÇÃO] Caminhão do Rodrigo 6: risco 50 - monitorar na próxima vistoria.
Caminhão do André 4,Maio 2026,-,-,51,1.0,1.0,51,ALTO,Estilo de condução,[ALERTA] Caminhão do André 4: risco 51 - agendar inspeção em breve.
Caminhão da Érica,Maio 2026,-,-,37,1.0,1.0,37,MODERADO,Desaceleração/frenagem brusca,[ATENÇÃO] Caminhão da Érica: risco 37 - monitorar na próxima vistoria.
Caminhão do Gustavo 4,Maio 2026,-,-,27,1.0,1.0,27,MODERADO,Desaceleração/frenagem brusca,[ATENÇÃO] Caminhão do Gustavo 4: risco 27 - monitorar na próxima vistoria.
Caminhão do Diego 4,Maio 2026,-,-,59,1.0,1.0,59,ALTO,Estilo de condução,[ALERTA] Caminhão do Diego 4: risco 59 - agendar inspeção em breve.
Caminhão da Patrícia 5,Maio 2026,-,-,33,1.0,1.0,33,MODERADO,Desaceleração/frenagem brusca,[ATENÇÃO] Caminhão da Patrícia 5: risco 33 - monitorar na próxima vistoria.
Caminhão do Saulo 4,Maio 2026,-,-,28,1.0,1.0,28,MODERADO,Desaceleração/frenagem brusca,[ATENÇÃO] Caminhão do Saulo 4: risco 28 - monitorar na próxima vistoria.
Caminhão da Sabrina 5,Maio 2026,-,-,40,1.0,1.0,40,MODERADO,Estilo de condução,[ATENÇÃO] Caminhão da Sabrina 5: risco 40 - monitorar na próxima vistoria.
Caminhão do Leandro,Maio 2026,-,-,31,1.0,1.0,31,MODERADO,Estilo de condução,[ATENÇÃO] Caminhão do Leandro: risco 31 - monitorar na próxima vistoria.
Caminhão da Mariana 4,Maio 2026,-,-,56,1.0,1.0,56,ALTO,Estilo de condução,[ALERTA] Caminhão da Mariana 4: risco 56 - agendar inspeção em breve.
Caminhão do Rafael 5,Maio 2026,-,-,54,1.0,1.0,54,ALTO,Estilo de condução,[ALERTA] Caminhão do Rafael 5: risco 54 - agendar inspeção em breve.
Caminhão do Pablo 4,Maio 2026,-,-,42,1.0,1.0,42,MODERADO,Desaceleração/frenagem brusca,[ATENÇÃO] Caminhão do Pablo 4: risco 42 - monitorar na próxima vistoria.
Caminhão do Marcelo 3,Maio 2026,-,-,29,1.0,1.0,29,MODERADO,Dificuldade da rota,[ATENÇÃO] Caminhão do Marcelo 3: risco 29 - monitorar na próxima vistoria.
Caminhão do Antônio,Maio 2026,-,-,46,1.0,1.0,46,MODERADO,Estilo de condução,[ATENÇÃO] Caminhão do Antônio: risco 46 - monitorar na próxima vistoria.
Caminhão do Cristiano 4,Maio 2026,-,-,39,1.0,1.0,39,MODERADO,Estilo de condução,[ATENÇÃO] Caminhão do Cristiano 4: risco 39 - monitorar na próxima vistoria.
Caminhão do Carlos 4,Maio 2026,-,-,49,1.0,1.0,49,MODERADO,Estilo de condução,[ATENÇÃO] Caminhão do Carlos 4: risco 49 - monitorar na próxima vistoria.
Caminhão do Elias,Maio 2026,-,-,30,1.0,1.0,30,MODERADO,Dificuldade da rota,[ATENÇÃO] Caminhão do Elias: risco 30 - monitorar na próxima vistoria.
Caminhão da Ivone 3,Maio 2026,-,-,39,1.0,1.0,39,MODERADO,Estilo de condução,[ATENÇÃO] Caminhão da Ivone 3: risco 39 - monitorar na próxima vistoria.
Caminhão do Caio,Maio 2026,-,-,33,1.0,1.0,33,MODERADO,Desaceleração/frenagem brusca,[ATENÇÃO] Caminhão do Caio: risco 33 - monitorar na próxima vistoria.
Caminhão do Miguel 3,Maio 2026,-,-,46,1.0,1.0,46,MODERADO,Desaceleração/frenagem brusca,[ATENÇÃO] Caminhão do Miguel 3: risco 46 - monitorar na próxima vistoria.
Caminhão do Yuri,Maio 2026,-,-,42,1.0,1.0,42,MODERADO,Estilo de condução,[ATENÇÃO] Caminhão do Yuri: risco 42 - monitorar na próxima vistoria.
Caminhão da Joana 4,Maio 2026,-,-,40,1.0,1.0,40,MODERADO,Desaceleração/frenagem brusca,[ATENÇÃO] Caminhão da Joana 4: risco 40 - monitorar na próxima vistoria.
Caminhão do Tadeu 4,Maio 2026,-,-,37,1.0,1.0,37,MODERADO,Desaceleração/frenagem brusca,[ATENÇÃO] Caminhão do Tadeu 4: risco 37 - monitorar na próxima vistoria.
Caminhão do Eduardo 3,Maio 2026,-,-,43,1.0,1.0,43,MODERADO,Estilo de condução,[ATENÇÃO] Caminhão do Eduardo 3: risco 43 - monitorar na próxima vistoria.
Caminhão da Larissa 4,Maio 2026,-,-,42,1.0,1.0,42,MODERADO,Desaceleração/frenagem brusca,[ATENÇÃO] Caminhão da Larissa 4: risco 42 - monitorar na próxima vistoria.
Caminhão do Benedito 2,Maio 2026,-,-,46,1.0,1.0,46,MODERADO,Estilo de condução,[ATENÇÃO] Caminhão do Benedito 2: risco 46 - monitorar na próxima vistoria.
Caminhão do Valter 2,Maio 2026,-,-,37,1.0,1.0,37,MODERADO,Dificuldade da rota,[ATENÇÃO] Caminhão do Valter 2: risco 37 - monitorar na próxima vistoria.
Caminhão do Gabriel 2,Maio 2026,-,-,40,1.0,1.0,40,MODERADO,Estilo de condução,[ATENÇÃO] Caminhão do Gabriel 2: risco 40 - monitorar na próxima vistoria.
Caminhão do Rafael 2,Maio 2026,-,-,39,1.0,1.0,39,MODERADO,Desaceleração/frenagem brusca,[ATENÇÃO] Caminhão do Rafael 2: risco 39 - monitorar na próxima vistoria.
Caminhão do Benedito 4,Maio 2026,-,-,35,1.0,1.0,35,MODERADO,Dificuldade da rota,[ATENÇÃO] Caminhão do Benedito 4: risco 35 - monitorar na próxima vistoria.
Caminhão do Vitor 5,Maio 2026,-,-,36,1.0,1.0,36,MODERADO,Dificuldade da rota,[ATENÇÃO] Caminhão do Vitor 5: risco 36 - monitorar na próxima vistoria.
Caminhão do Miguel 5,Maio 2026,-,-,56,1.0,1.0,56,ALTO,Estilo de condução,[ALERTA] Caminhão do Miguel 5: risco 56 - agendar inspeção em breve.
Caminhão do Vitor,Maio 2026,-,-,55,1.0,1.0,55,ALTO,Estilo de condução,[ALERTA] Caminhão do Vitor: risco 55 - agendar inspeção em breve.
Caminhão da Zilda 2,Maio 2026,-,-,42,1.0,1.0,42,MODERADO,Estilo de condução,[ATENÇÃO] Caminhão da Zilda 2: risco 42 - monitorar na próxima vistoria.
Caminhão da Daniela 3,Maio 2026,-,-,33,1.0,1.0,33,MODERADO,Estilo de condução,[ATENÇÃO] Caminhão da Daniela 3: risco 33 - monitorar na próxima vistoria.
Caminhão do Roberto 6,Maio 2026,-,-,54,1.0,1.0,54,ALTO,Estilo de condução,[ALERTA] Caminhão do Roberto 6: risco 54 - agendar inspeção em breve.
Caminhão do Pedro,Maio 2026,-,-,30,1.0,1.0,30,MODERADO,Desaceleração/frenagem brusca,[ATENÇÃO] Caminhão do Pedro: risco 30 - monitorar na próxima vistoria.
Caminhão do Bruno 3,Maio 2026,-,-,53,1.0,1.0,53,ALTO,Estilo de condução,[ALERTA] Caminhão do Bruno 3: risco 53 - agendar inspeção em breve.
Caminhão da Raquel 3,Maio 2026,-,-,43,1.0,1.0,43,MODERADO,Estilo de frenagem,[ATENÇÃO] Caminhão da Raquel 3: risco 43 - monitorar na próxima vistoria.
Caminhão da Yasmin,Maio 2026,-,-,42,1.0,1.0,42,MODERADO,Dificuldade da rota,[ATENÇÃO] Caminhão da Yasmin: risco 42 - monitorar na próxima vistoria.
Caminhão do Marcelo 2,Maio 2026,-,-,36,1.0,1.0,36,MODERADO,Desaceleração/frenagem brusca,[ATENÇÃO] Caminhão do Marcelo 2: risco 36 - monitorar na próxima vistoria.
Caminhão do Maurício 5,Maio 2026,-,-,56,1.0,1.0,56,ALTO,Estilo de condução,[ALERTA] Caminhão do Maurício 5: risco 56 - agendar inspeção em breve.
Caminhão do Benedito 3,Maio 2026,-,-,60,1.0,1.0,60,ALTO,Estilo de condução,[ALERTA] Caminhão do Benedito 3: risco 60 - agendar inspeção em breve.
Caminhão da Patrícia,Maio 2026,-,-,50,1.0,1.0,50,MODERADO,Estilo de condução,[ATENÇÃO] Caminhão da Patrícia: risco 50 - monitorar na próxima vistoria.
Caminhão do Felipe 5,Maio 2026,-,-,56,1.0,1.0,56,ALTO,Estilo de condução,[ALERTA] Caminhão do Felipe 5: risco 56 - agendar inspeção em breve.
Caminhão do Gustavo 2,Maio 2026,-,-,46,1.0,1.0,46,MODERADO,Estilo de condução,[ATENÇÃO] Caminhão do Gustavo 2: risco 46 - monitorar na próxima vistoria.
Caminhão do Alexandre 3,Maio 2026,-,-,57,1.0,1.0,57,ALTO,Estilo de condução,[ALERTA] Caminhão do Alexandre 3: risco 57 - agendar inspeção em breve.
Caminhão da Isabela,Maio 2026,-,-,33,1.0,1.0,33,MODERADO,Dificuldade da rota,[ATENÇÃO] Caminhão da Isabela: risco 33 - monitorar na próxima vistoria.
Caminhão da Eliana 2,Maio 2026,-,-,23,1.0,1.0,23,BAIXO,Dificuldade da rota,[OK] Caminhão da Eliana 2: risco 23 - dentro do esperado.
Caminhão do Leandro 5,Maio 2026,-,-,32,1.0,1.0,32,MODERADO,Estilo de condução,[ATENÇÃO] Caminhão do Leandro 5: risco 32 - monitorar na próxima vistoria.
Caminhão da Zilda 3,Maio 2026,-,-,56,1.0,1.0,56,ALTO,Estilo de condução,[ALERTA] Caminhão da Zilda 3: risco 56 - agendar inspeção em breve.
Caminhão da Larissa,Maio 2026,-,-,55,1.0,1.0,55,ALTO,Estilo de condução,[ALERTA] Caminhão da Larissa: risco 55 - agendar inspeção em breve.
Caminhão do Saulo 2,Maio 2026,-,-,30,1.0,1.0,30,MODERADO,Desaceleração/frenagem brusca,[ATENÇÃO] Caminhão do Saulo 2: risco 30 - monitorar na próxima vistoria.
Caminhão do Bruno 4,Maio 2026,-,-,41,1.0,1.0,41,MODERADO,Desaceleração/frenagem brusca,[ATENÇÃO] Caminhão do Bruno 4: risco 41 - monitorar na próxima vistoria.
Caminhão do Pedro 5,Maio 2026,-,-,46,1.0,1.0,46,MODERADO,Estilo de condução,[ATENÇÃO] Caminhão do Pedro 5: risco 46 - monitorar na próxima vistoria.
Caminhão do Leonardo 3,Maio 2026,-,-,59,1.0,1.0,59,ALTO,Estilo de condução,[ALERTA] Caminhão do Leonardo 3: risco 59 - agendar inspeção em breve.
Caminhão da Carla,Maio 2026,-,-,32,1.0,1.0,32,MODERADO,Dificuldade da rota,[ATENÇÃO] Caminhão da Carla: risco 32 - monitorar na próxima vistoria.
Caminhão da Clotilde 5,Maio 2026,-,-,61,1.0,1.0,61,ALTO,Estilo de condução,[ALERTA] Caminhão da Clotilde 5: risco 61 - agendar inspeção em breve.
Caminhão do Samuel 2,Maio 2026,-,-,43,1.0,1.0,43,MODERADO,Dificuldade da rota,[ATENÇÃO] Caminhão do Samuel 2: risco 43 - monitorar na próxima vistoria.
Caminhão do Antônio 2,Maio 2026,-,-,28,1.0,1.0,28,MODERADO,Dificuldade da rota,[ATENÇÃO] Caminhão do Antônio 2: risco 28 - monitorar na próxima vistoria.
Caminhão do Daniel 2,Maio 2026,-,-,57,1.0,1.0,57,ALTO,Estilo de condução,[ALERTA] Caminhão do Daniel 2: risco 57 - agendar inspeção em breve.
Caminhão da Teresa 3,Maio 2026,-,-,39,1.0,1.0,39,MODERADO,Dificuldade da rota,[ATENÇÃO] Caminhão da Teresa 3: risco 39 - monitorar na próxima vistoria.
Caminhão do Francisco 5,Maio 2026,-,-,37,1.0,1.0,37,MODERADO,Dificuldade da rota,[ATENÇÃO] Caminhão do Francisco 5: risco 37 - monitorar na próxima vistoria.
Caminhão do Vinícius 4,Maio 2026,-,-,56,1.0,1.0,56,ALTO,Estilo de condução,[ALERTA] Caminhão do Vinícius 4: risco 56 - agendar inspeção em breve.
Caminhão do Cristiano,Maio 2026,-,-,31,1.0,1.0,31,MODERADO,Dificuldade da rota,[ATENÇÃO] Caminhão do Cristiano: risco 31 - monitorar na próxima vistoria.
Caminhão da Raquel 5,Maio 2026,-,-,44,1.0,1.0,44,MODERADO,Dificuldade da rota,[ATENÇÃO] Caminhão da Raquel 5: risco 44 - monitorar na próxima vistoria.
Caminhão da Marta 4,Maio 2026,-,-,33,1.0,1.0,33,MODERADO,Dificuldade da rota,[ATENÇÃO] Caminhão da Marta 4: risco 33 - monitorar na próxima vistoria.
Caminhão do Márcio 6,Maio 2026,-,-,47,1.0,1.0,47,MODERADO,Desaceleração/frenagem brusca,[ATENÇÃO] Caminhão do Márcio 6: risco 47 - monitorar na próxima vistoria.
Caminhão do Leonardo 5,Maio 2026,-,-,27,1.0,1.0,27,MODERADO,Estilo de condução,[ATENÇÃO] Caminhão do Leonardo 5: risco 27 - monitorar na próxima vistoria.
Caminhão da Bianca 4,Maio 2026,-,-,44,1.0,1.0,44,MODERADO,Dificuldade da rota,[ATENÇÃO] Caminhão da Bianca 4: risco 44 - monitorar na próxima vistoria.
Caminhão da Yasmin 3,Maio 2026,-,-,27,1.0,1.0,27,MODERADO,Dificuldade da rota,[ATENÇÃO] Caminhão da Yasmin 3: risco 27 - monitorar na próxima vistoria.
Caminhão do Otávio 5,Maio 2026,-,-,29,1.0,1.0,29,MODERADO,Desaceleração/frenagem brusca,[ATENÇÃO] Caminhão do Otávio 5: risco 29 - monitorar na próxima vistoria.
Caminhão do Diego 5,Maio 2026,-,-,54,1.0,1.0,54,ALTO,Estilo de condução,[ALERTA] Caminhão do Diego 5: risco 54 - agendar inspeção em breve.
Caminhão do João,Maio 2026,-,-,35,1.0,1.0,35,MODERADO,Dificuldade da rota,[ATENÇÃO] Caminhão do João: risco 35 - monitorar na próxima vistoria.
Caminhão da Yasmin 4,Maio 2026,-,-,56,1.0,1.0,56,ALTO,Estilo de condução,[ALERTA] Caminhão da Yasmin 4: risco 56 - agendar inspeção em breve.
Caminhão do Daniel 3,Maio 2026,-,-,52,1.0,1.0,52,ALTO,Estilo de condução,[ALERTA] Caminhão do Daniel 3: risco 52 - agendar inspeção em breve.
Caminhão do Lucas 2,Maio 2026,-,-,31,1.0,1.0,31,MODERADO,Desaceleração/frenagem brusca,[ATENÇÃO] Caminhão do Lucas 2: risco 31 - monitorar na próxima vistoria.
Caminhão do Otávio,Maio 2026,-,-,40,1.0,1.0,40,MODERADO,Desaceleração/frenagem brusca,[ATENÇÃO] Caminhão do Otávio: risco 40 - monitorar na próxima vistoria.
Caminhão do Lucas 6,Maio 2026,-,-,29,1.0,1.0,29,MODERADO,Dificuldade da rota,[ATENÇÃO] Caminhão do Lucas 6: risco 29 - monitorar na próxima vistoria.
Caminhão do Wagner 4,Maio 2026,-,-,46,1.0,1.0,46,MODERADO,Estilo de condução,[ATENÇÃO] Caminhão do Wagner 4: risco 46 - monitorar na próxima vistoria.
Caminhão do Sérgio 2,Maio 2026,-,-,58,1.0,1.0,58,ALTO,Estilo de condução,[ALERTA] Caminhão do Sérgio 2: risco 58 - agendar inspeção em breve.
Caminhão da Gabriela,Maio 2026,-,-,54,1.0,1.0,54,ALTO,Estilo de condução,[ALERTA] Caminhão da Gabriela: risco 54 - agendar inspeção em breve.
Caminhão da Úrsula 3,Maio 2026,-,-,59,1.0,1.0,59,ALTO,Estilo de condução,[ALERTA] Caminhão da Úrsula 3: risco 59 - agendar inspeção em breve.
Caminhão do Zeca 3,Maio 2026,-,-,44,1.0,1.0,44,MODERADO,Dificuldade da rota,[ATENÇÃO] Caminhão do Zeca 3: risco 44 - monitorar na próxima vistoria.
Caminhão do Nelson 3,Maio 2026,-,-,56,1.0,1.0,56,ALTO,Estilo de condução,[ALERTA] Caminhão do Nelson 3: risco 56 - agendar inspeção em breve.
Caminhão do Gustavo 5,Maio 2026,-,-,32,1.0,1.0,32,MODERADO,Estilo de condução,[ATENÇÃO] Caminhão do Gustavo 5: risco 32 - monitorar na próxima vistoria.
Caminhão do Orlando 3,Maio 2026,-,-,41,1.0,1.0,41,MODERADO,Estilo de condução,[ATENÇÃO] Caminhão do Orlando 3: risco 41 - monitorar na próxima vistoria.
Caminhão do Pablo 5,Maio 2026,-,-,43,1.0,1.0,43,MODERADO,Desaceleração/frenagem brusca,[ATENÇÃO] Caminhão do Pablo 5: risco 43 - monitorar na próxima vistoria.
Caminhão da Gabriela 5,Maio 2026,-,-,50,1.0,1.0,50,MODERADO,Estilo de condução,[ATENÇÃO] Caminhão da Gabriela 5: risco 50 - monitorar na próxima vistoria.
Caminhão da Wilma 4,Maio 2026,-,-,58,1.0,1.0,58,ALTO,Estilo de condução,[ALERTA] Caminhão da Wilma 4: risco 58 - agendar inspeção em breve.
Caminhão da Joana 5,Maio 2026,-,-,41,1.0,1.0,41,MODERADO,Desaceleração/frenagem brusca,[ATENÇÃO] Caminhão da Joana 5: risco 41 - monitorar na próxima vistoria.
Caminhão do João 2,Maio 2026,-,-,43,1.0,1.0,43,MODERADO,Estilo de condução,[ATENÇÃO] Caminhão do João 2: risco 43 - monitorar na próxima vistoria.
Caminhão do André 6,Maio 2026,-,-,39,1.0,1.0,39,MODERADO,Estilo de condução,[ATENÇÃO] Caminhão do André 6: risco 39 - monitorar na próxima vistoria.
Caminhão da Raquel,Maio 2026,-,-,49,1.0,1.0,49,MODERADO,Estilo de condução,[ATENÇÃO] Caminhão da Raquel: risco 49 - monitorar na próxima vistoria.
Caminhão da Sabrina 4,Maio 2026,-,-,47,1.0,1.0,47,MODERADO,Estilo de condução,[ATENÇÃO] Caminhão da Sabrina 4: risco 47 - monitorar na próxima vistoria.
Caminhão do Renato,Maio 2026,-,-,48,1.0,1.0,48,MODERADO,Estilo de condução,[ATENÇÃO] Caminhão do Renato: risco 48 - monitorar na próxima vistoria.
Caminhão do Márcio 4,Maio 2026,-,-,47,1.0,1.0,47,MODERADO,Estilo de condução,[ATENÇÃO] Caminhão do Márcio 4: risco 47 - monitorar na próxima vistoria.
Caminhão do Henrique,Maio 2026,-,-,21,1.0,1.0,21,BAIXO,Desaceleração/frenagem brusca,[OK] Caminhão do Henrique: risco 21 - dentro do esperado.
Caminhão do Luiz 6,Maio 2026,-,-,51,1.0,1.0,51,ALTO,Estilo de condução,[ALERTA] Caminhão do Luiz 6: risco 51 - agendar inspeção em breve.
Caminhão do Felipe,Maio 2026,-,-,53,1.0,1.0,53,ALTO,Estilo de condução,[ALERTA] Caminhão do Felipe: risco 53 - agendar inspeção em breve.
Caminhão do Carlos 2,Maio 2026,-,-,58,1.0,1.0,58,ALTO,Estilo de condução,[ALERTA] Caminhão do Carlos 2: risco 58 - agendar inspeção em breve.
Caminhão do Márcio 2,Maio 2026,-,-,38,1.0,1.0,38,MODERADO,Estilo de condução,[ATENÇÃO] Caminhão do Márcio 2: risco 38 - monitorar na próxima vistoria.
Caminhão da Ana 4,Maio 2026,-,-,26,1.0,1.0,26,MODERADO,Desaceleração/frenagem brusca,[ATENÇÃO] Caminhão da Ana 4: risco 26 - monitorar na próxima vistoria.
Caminhão do Gabriel,Maio 2026,-,-,33,1.0,1.0,33,MODERADO,Desaceleração/frenagem brusca,[ATENÇÃO] Caminhão do Gabriel: risco 33 - monitorar na próxima vistoria.
Caminhão do Otávio 2,Maio 2026,-,-,57,1.0,1.0,57,ALTO,Estilo de condução,[ALERTA] Caminhão do Otávio 2: risco 57 - agendar inspeção em breve.
Caminhão da Vanessa 3,Maio 2026,-,-,38,1.0,1.0,38,MODERADO,Dificuldade da rota,[ATENÇÃO] Caminhão da Vanessa 3: risco 38 - monitorar na próxima vistoria.
Caminhão da Clotilde 4,Maio 2026,-,-,55,1.0,1.0,55,ALTO,Estilo de condução,[ALERTA] Caminhão da Clotilde 4: risco 55 - agendar inspeção em breve.
Caminhão da Marta 5,Maio 2026,-,-,60,1.0,1.0,60,ALTO,Estilo de condução,[ALERTA] Caminhão da Marta 5: risco 60 - agendar inspeção em breve.
Caminhão do Vinícius 3,Maio 2026,-,-,49,1.0,1.0,49,MODERADO,Estilo de condução,[ATENÇÃO] Caminhão do Vinícius 3: risco 49 - monitorar na próxima vistoria.
Caminhão da Larissa 5,Maio 2026,-,-,41,1.0,1.0,41,MODERADO,Estilo de condução,[ATENÇÃO] Caminhão da Larissa 5: risco 41 - monitorar na próxima vistoria.
Caminhão do Valter 5,Maio 2026,-,-,49,1.0,1.0,49,MODERADO,Estilo de condução,[ATENÇÃO] Caminhão do Valter 5: risco 49 - monitorar na próxima vistoria.
Caminhão da Bianca 2,Maio 2026,-,-,49,1.0,1.0,49,MODERADO,Desaceleração/frenagem brusca,[ATENÇÃO] Caminhão da Bianca 2: risco 49 - monitorar na próxima vistoria.
Caminhão da Teresa 5,Maio 2026,-,-,30,1.0,1.0,30,MODERADO,Desaceleração/frenagem brusca,[ATENÇÃO] Caminhão da Teresa 5: risco 30 - monitorar na próxima vistoria.
Caminhão da Isabela 2,Maio 2026,-,-,33,1.0,1.0,33,MODERADO,Desaceleração/frenagem brusca,[ATENÇÃO] Caminhão da Isabela 2: risco 33 - monitorar na próxima vistoria.
Caminhão da Sabrina 3,Maio 2026,-,-,39,1.0,1.0,39,MODERADO,Estilo de condução,[ATENÇÃO] Caminhão da Sabrina 3: risco 39 - monitorar na próxima vistoria.
Caminhão da Maria 3,Maio 2026,-,-,54,1.0,1.0,54,ALTO,Estilo de condução,[ALERTA] Caminhão da Maria 3: risco 54 - agendar inspeção em breve.
Caminhão do Heitor 3,Maio 2026,-,-,41,1.0,1.0,41,MODERADO,Desaceleração/frenagem brusca,[ATENÇÃO] Caminhão do Heitor 3: risco 41 - monitorar na próxima vistoria.
Caminhão do Rodrigo 3,Maio 2026,-,-,29,1.0,1.0,29,MODERADO,Dificuldade da rota,[ATENÇÃO] Caminhão do Rodrigo 3: risco 29 - monitorar na próxima vistoria.
Caminhão da Bianca 5,Maio 2026,-,-,53,1.0,1.0,53,ALTO,Desaceleração/frenagem brusca,[ALERTA] Caminhão da Bianca 5: risco 53 - agendar inspeção em breve.
Caminhão do Roberto,Maio 2026,-,-,44,1.0,1.0,44,MODERADO,Estilo de condução,[ATENÇÃO] Caminhão do Roberto: risco 44 - monitorar na próxima vistoria.
Caminhão do Ricardo 6,Maio 2026,-,-,20,1.0,1.0,20,BAIXO,Dificuldade da rota,[OK] Caminhão do Ricardo 6: risco 20 - dentro do esperado.
Caminhão da Olívia 2,Maio 2026,-,-,35,1.0,1.0,35,MODERADO,Desaceleração/frenagem brusca,[ATENÇÃO] Caminhão da Olívia 2: risco 35 - monitorar na próxima vistoria.
Caminhão da Carla 5,Maio 2026,-,-,49,1.0,1.0,49,MODERADO,Desaceleração/frenagem brusca,[ATENÇÃO] Caminhão da Carla 5: risco 49 - monitorar na próxima vistoria.
Caminhão do Arthur 2,Maio 2026,-,-,48,1.0,1.0,48,MODERADO,Estilo de condução,[ATENÇÃO] Caminhão do Arthur 2: risco 48 - monitorar na próxima vistoria.
Caminhão da Talita 2,Maio 2026,-,-,46,1.0,1.0,46,MODERADO,Estilo de condução,[ATENÇÃO] Caminhão da Talita 2: risco 46 - monitorar na próxima vistoria.
Caminhão do Rodrigo 5,Maio 2026,-,-,25,1.0,1.0,25,BAIXO,Desaceleração/frenagem brusca,[OK] Caminhão do Rodrigo 5: risco 25 - dentro do esperado.
Caminhão da Olívia 3,Maio 2026,-,-,38,1.0,1.0,38,MODERADO,Desaceleração/frenagem brusca,[ATENÇÃO] Caminhão da Olívia 3: risco 38 - monitorar na próxima vistoria.
Caminhão do Mateus 5,Maio 2026,-,-,56,1.0,1.0,56,ALTO,Estilo de condução,[ALERTA] Caminhão do Mateus 5: risco 56 - agendar inspeção em breve.
Caminhão da Adriana 2,Maio 2026,-,-,45,1.0,1.0,45,MODERADO,Estilo de condução,[ATENÇÃO] Caminhão da Adriana 2: risco 45 - monitorar na próxima vistoria.
Caminhão do Antônio 5,Maio 2026,-,-,44,1.0,1.0,44,MODERADO,Estilo de condução,[ATENÇÃO] Caminhão do Antônio 5: risco 44 - monitorar na próxima vistoria.
Caminhão da Valéria 2,Maio 2026,-,-,40,1.0,1.0,40,MODERADO,Estilo de condução,[ATENÇÃO] Caminhão da Valéria 2: risco 40 - monitorar na próxima vistoria.
Caminhão do Wagner 5,Maio 2026,-,-,33,1.0,1.0,33,MODERADO,Dificuldade da rota,[ATENÇÃO] Caminhão do Wagner 5: risco 33 - monitorar na próxima vistoria.
Caminhão do Fábio 5,Maio 2026,-,-,54,1.0,1.0,54,ALTO,Estilo de condução,[ALERTA] Caminhão do Fábio 5: risco 54 - agendar inspeção em breve.
Caminhão do Mateus 6,Maio 2026,-,-,42,1.0,1.0,42,MODERADO,Desaceleração/frenagem brusca,[ATENÇÃO] Caminhão do Mateus 6: risco 42 - monitorar na próxima vistoria.
Caminhão do Benedito 5,Maio 2026,-,-,39,1.0,1.0,39,MODERADO,Estilo de condução,[ATENÇÃO] Caminhão do Benedito 5: risco 39 - monitorar na próxima vistoria.
Caminhão do Rodrigo,Maio 2026,-,-,52,1.0,1.0,52,ALTO,Estilo de condução,[ALERTA] Caminhão do Rodrigo: risco 52 - agendar inspeção em breve.
Caminhão do Miguel 2,Maio 2026,-,-,41,1.0,1.0,41,MODERADO,Estilo de condução,[ATENÇÃO] Caminhão do Miguel 2: risco 41 - monitorar na próxima vistoria.
Caminhão do Arthur,Maio 2026,-,-,37,1.0,1.0,37,MODERADO,Desaceleração/frenagem brusca,[ATENÇÃO] Caminhão do Arthur: risco 37 - monitorar na próxima vistoria.
Caminhão da Úrsula 4,Maio 2026,-,-,36,1.0,1.0,36,MODERADO,Estilo de condução,[ATENÇÃO] Caminhão da Úrsula 4: risco 36 - monitorar na próxima vistoria.
Caminhão do Felipe 2,Maio 2026,-,-,58,1.0,1.0,58,ALTO,Estilo de condução,[ALERTA] Caminhão do Felipe 2: risco 58 - agendar inspeção em breve.
Caminhão da Raquel 2,Maio 2026,-,-,36,1.0,1.0,36,MODERADO,Estilo de condução,[ATENÇÃO] Caminhão da Raquel 2: risco 36 - monitorar na próxima vistoria.
Caminhão do Vinícius 2,Maio 2026,-,-,47,1.0,1.0,47,MODERADO,Estilo de condução,[ATENÇÃO] Caminhão do Vinícius 2: risco 47 - monitorar na próxima vistoria.
Caminhão da Marta 3,Maio 2026,-,-,42,1.0,1.0,42,MODERADO,Desaceleração/frenagem brusca,[ATENÇÃO] Caminhão da Marta 3: risco 42 - monitorar na próxima vistoria.
Caminhão da Carla 4,Maio 2026,-,-,43,1.0,1.0,43,MODERADO,Estilo de condução,[ATENÇÃO] Caminhão da Carla 4: risco 43 - monitorar na próxima vistoria.
Caminhão da Talita 4,Maio 2026,-,-,40,1.0,1.0,40,MODERADO,Desaceleração/frenagem brusca,[ATENÇÃO] Caminhão da Talita 4: risco 40 - monitorar na próxima vistoria.
Caminhão da Joana,Maio 2026,-,-,52,1.0,1.0,52,ALTO,Desaceleração/frenagem brusca,[ALERTA] Caminhão da Joana: risco 52 - agendar inspeção em breve.
Caminhão do Kleber 5,Maio 2026,-,-,56,1.0,1.0,56,ALTO,Estilo de condução,[ALERTA] Caminhão do Kleber 5: risco 56 - agendar inspeção em breve.
Caminhão do Carlos 3,Maio 2026,-,-,57,1.0,1.0,57,ALTO,Estilo de condução,[ALERTA] Caminhão do Carlos 3: risco 57 - agendar inspeção em breve.
Caminhão do Cristiano 2,Maio 2026,-,-,41,1.0,1.0,41,MODERADO,Desaceleração/frenagem brusca,[ATENÇÃO] Caminhão do Cristiano 2: risco 41 - monitorar na próxima vistoria.
Caminhão do Bruno 2,Maio 2026,-,-,40,1.0,1.0,40,MODERADO,Desaceleração/frenagem brusca,[ATENÇÃO] Caminhão do Bruno 2: risco 40 - monitorar na próxima vistoria.
Caminhão da Daniela 2,Maio 2026,-,-,42,1.0,1.0,42,MODERADO,Estilo de condução,[ATENÇÃO] Caminhão da Daniela 2: risco 42 - monitorar na próxima vistoria.
Caminhão do Felipe 4,Maio 2026,-,-,27,1.0,1.0,27,MODERADO,Dificuldade da rota,[ATENÇÃO] Caminhão do Felipe 4: risco 27 - monitorar na próxima vistoria.
Caminhão do Pablo 3,Maio 2026,-,-,35,1.0,1.0,35,MODERADO,Dificuldade da rota,[ATENÇÃO] Caminhão do Pablo 3: risco 35 - monitorar na próxima vistoria.
Caminhão da Daniela,Maio 2026,-,-,34,1.0,1.0,34,MODERADO,Desaceleração/frenagem brusca,[ATENÇÃO] Caminhão da Daniela: risco 34 - monitorar na próxima vistoria.
Caminhão do Ricardo 3,Maio 2026,-,-,60,1.0,1.0,60,ALTO,Estilo de condução,[ALERTA] Caminhão do Ricardo 3: risco 60 - agendar inspeção em breve.
Caminhão da Patrícia 2,Maio 2026,-,-,31,1.0,1.0,31,MODERADO,Desaceleração/frenagem brusca,[ATENÇÃO] Caminhão da Patrícia 2: risco 31 - monitorar na próxima vistoria.
Caminhão do Leonardo,Maio 2026,-,-,60,1.0,1.0,60,ALTO,Estilo de condução,[ALERTA] Caminhão do Leonardo: risco 60 - agendar inspeção em breve.
Caminhão do Bruno 5,Maio 2026,-,-,43,1.0,1.0,43,MODERADO,Dificuldade da rota,[ATENÇÃO] Caminhão do Bruno 5: risco 43 - monitorar na próxima vistoria.
Caminhão do Joaquim 2,Maio 2026,-,-,58,1.0,1.0,58,ALTO,Estilo de condução,[ALERTA] Caminhão do Joaquim 2: risco 58 - agendar inspeção em breve.
Caminhão do André,Maio 2026,-,-,41,1.0,1.0,41,MODERADO,Dificuldade da rota,[ATENÇÃO] Caminhão do André: risco 41 - monitorar na próxima vistoria.
Caminhão do Carlos 6,Maio 2026,-,-,28,1.0,1.0,28,MODERADO,Dificuldade da rota,[ATENÇÃO] Caminhão do Carlos 6: risco 28 - monitorar na próxima vistoria.
Caminhão do Antônio 6,Maio 2026,-,-,32,1.0,1.0,32,MODERADO,Dificuldade da rota,[ATENÇÃO] Caminhão do Antônio 6: risco 32 - monitorar na próxima vistoria.
Caminhão da Maria 5,Maio 2026,-,-,46,1.0,1.0,46,MODERADO,Estilo de condução,[ATENÇÃO] Caminhão da Maria 5: risco 46 - monitorar na próxima vistoria.
Caminhão do Roberto 2,Maio 2026,-,-,30,1.0,1.0,30,MODERADO,Dificuldade da rota,[ATENÇÃO] Caminhão do Roberto 2: risco 30 - monitorar na próxima vistoria.
Caminhão do Sérgio 6,Maio 2026,-,-,37,1.0,1.0,37,MODERADO,Desaceleração/frenagem brusca,[ATENÇÃO] Caminhão do Sérgio 6: risco 37 - monitorar na próxima vistoria.
Caminhão do Rafael,Maio 2026,-,-,32,1.0,1.0,32,MODERADO,Dificuldade da rota,[ATENÇÃO] Caminhão do Rafael: risco 32 - monitorar na próxima vistoria.
Caminhão da Mariana 5,Maio 2026,-,-,41,1.0,1.0,41,MODERADO,Desaceleração/frenagem brusca,[ATENÇÃO] Caminhão da Mariana 5: risco 41 - monitorar na próxima vistoria.
Caminhão do Maurício 2,Maio 2026,-,-,54,1.0,1.0,54,ALTO,Estilo de condução,[ALERTA] Caminhão do Maurício 2: risco 54 - agendar inspeção em breve.
Caminhão da Adriana 4,Maio 2026,-,-,46,1.0,1.0,46,MODERADO,Estilo de condução,[ATENÇÃO] Caminhão da Adriana 4: risco 46 - monitorar na próxima vistoria.
Caminhão do Gabriel 5,Maio 2026,-,-,44,1.0,1.0,44,MODERADO,Estilo de condução,[ATENÇÃO] Caminhão do Gabriel 5: risco 44 - monitorar na próxima vistoria.
Caminhão do Zeca 5,Maio 2026,-,-,35,1.0,1.0,35,MODERADO,Desaceleração/frenagem brusca,[ATENÇÃO] Caminhão do Zeca 5: risco 35 - monitorar na próxima vistoria.
Caminhão do Jorge 5,Maio 2026,-,-,52,1.0,1.0,52,ALTO,Estilo de condução,[ALERTA] Caminhão do Jorge 5: risco 52 - agendar inspeção em breve.
Caminhão do Nelson,Maio 2026,-,-,32,1.0,1.0,32,MODERADO,Dificuldade da rota,[ATENÇÃO] Caminhão do Nelson: risco 32 - monitorar na próxima vistoria.
Caminhão da Natália 2,Maio 2026,-,-,49,1.0,1.0,49,MODERADO,Estilo de frenagem,[ATENÇÃO] Caminhão da Natália 2: risco 49 - monitorar na próxima vistoria.
Caminhão da Fernanda 4,Maio 2026,-,-,30,1.0,1.0,30,MODERADO,Dificuldade da rota,[ATENÇÃO] Caminhão da Fernanda 4: risco 30 - monitorar na próxima vistoria.
Caminhão do Orlando 4,Maio 2026,-,-,52,1.0,1.0,52,ALTO,Estilo de condução,[ALERTA] Caminhão do Orlando 4: risco 52 - agendar inspeção em breve.
Caminhão da Valéria 3,Maio 2026,-,-,40,1.0,1.0,40,MODERADO,Estilo de condução,[ATENÇÃO] Caminhão da Valéria 3: risco 40 - monitorar na próxima vistoria.
Caminhão do Kleber 4,Maio 2026,-,-,37,1.0,1.0,37,MODERADO,Desaceleração/frenagem brusca,[ATENÇÃO] Caminhão do Kleber 4: risco 37 - monitorar na próxima vistoria.
Caminhão do Joaquim 5,Maio 2026,-,-,58,1.0,1.0,58,ALTO,Estilo de condução,[ALERTA] Caminhão do Joaquim 5: risco 58 - agendar inspeção em breve.
Caminhão do Fábio 4,Maio 2026,-,-,43,1.0,1.0,43,MODERADO,Desaceleração/frenagem brusca,[ATENÇÃO] Caminhão do Fábio 4: risco 43 - monitorar na próxima vistoria.
Caminhão do Henrique 2,Maio 2026,-,-,36,1.0,1.0,36,MODERADO,Desaceleração/frenagem brusca,[ATENÇÃO] Caminhão do Henrique 2: risco 36 - monitorar na próxima vistoria.
Caminhão do Paulo 5,Maio 2026,-,-,28,1.0,1.0,28,MODERADO,Dificuldade da rota,[ATENÇÃO] Caminhão do Paulo 5: risco 28 - monitorar na próxima vistoria.
Caminhão da Camila 2,Maio 2026,-,-,50,1.0,1.0,50,MODERADO,Estilo de condução,[ATENÇÃO] Caminhão da Camila 2: risco 50 - monitorar na próxima vistoria.
Caminhão do Leandro 6,Maio 2026,-,-,55,1.0,1.0,55,ALTO,Estilo de condução,[ALERTA] Caminhão do Leandro 6: risco 55 - agendar inspeção em breve.
Caminhão da Daniela 5,Maio 2026,-,-,54,1.0,1.0,54,ALTO,Estilo de condução,[ALERTA] Caminhão da Daniela 5: risco 54 - agendar inspeção em breve.
Caminhão do João 4,Maio 2026,-,-,56,1.0,1.0,56,ALTO,Estilo de condução,[ALERTA] Caminhão do João 4: risco 56 - agendar inspeção em breve.
Caminhão da Flávia 2,Maio 2026,-,-,29,1.0,1.0,29,MODERADO,Desaceleração/frenagem brusca,[ATENÇÃO] Caminhão da Flávia 2: risco 29 - monitorar na próxima vistoria.
Caminhão do Henrique 6,Maio 2026,-,-,35,1.0,1.0,35,MODERADO,Dificuldade da rota,[ATENÇÃO] Caminhão do Henrique 6: risco 35 - monitorar na próxima vistoria.
Caminhão do Marcelo 4,Maio 2026,-,-,41,1.0,1.0,41,MODERADO,Desaceleração/frenagem brusca,[ATENÇÃO] Caminhão do Marcelo 4: risco 41 - monitorar na próxima vistoria.
Caminhão da Marta,Maio 2026,-,-,58,1.0,1.0,58,ALTO,Estilo de condução,[ALERTA] Caminhão da Marta: risco 58 - agendar inspeção em breve.
Caminhão da Eliana 4,Maio 2026,-,-,56,1.0,1.0,56,ALTO,Estilo de condução,[ALERTA] Caminhão da Eliana 4: risco 56 - agendar inspeção em breve.
Caminhão do Davi,Maio 2026,-,-,24,1.0,1.0,24,BAIXO,Desaceleração/frenagem brusca,[OK] Caminhão do Davi: risco 24 - dentro do esperado.
Caminhão do Ricardo 2,Maio 2026,-,-,37,1.0,1.0,37,MODERADO,Estilo de condução,[ATENÇÃO] Caminhão do Ricardo 2: risco 37 - monitorar na próxima vistoria.
Caminhão do Fernando 5,Maio 2026,-,-,50,1.0,1.0,50,MODERADO,Estilo de condução,[ATENÇÃO] Caminhão do Fernando 5: risco 50 - monitorar na próxima vistoria.
Caminhão do Márcio 5,Maio 2026,-,-,43,1.0,1.0,43,MODERADO,Estilo de condução,[ATENÇÃO] Caminhão do Márcio 5: risco 43 - monitorar na próxima vistoria.
Caminhão do Wagner,Maio 2026,-,-,49,1.0,1.0,49,MODERADO,Estilo de condução,[ATENÇÃO] Caminhão do Wagner: risco 49 - monitorar na próxima vistoria.
Caminhão do Mateus 3,Maio 2026,-,-,55,1.0,1.0,55,ALTO,Estilo de condução,[ALERTA] Caminhão do Mateus 3: risco 55 - agendar inspeção em breve.
Caminhão da Érica 4,Maio 2026,-,-,45,1.0,1.0,45,MODERADO,Desaceleração/frenagem brusca,[ATENÇÃO] Caminhão da Érica 4: risco 45 - monitorar na próxima vistoria.
Caminhão do Alexandre,Maio 2026,-,-,58,1.0,1.0,58,ALTO,Estilo de condução,[ALERTA] Caminhão do Alexandre: risco 58 - agendar inspeção em breve.
Caminhão do Gilberto,Maio 2026,-,-,48,1.0,1.0,48,MODERADO,Estilo de condução,[ATENÇÃO] Caminhão do Gilberto: risco 48 - monitorar na próxima vistoria.
Caminhão do José 2,Maio 2026,-,-,34,1.0,1.0,34,MODERADO,Desaceleração/frenagem brusca,[ATENÇÃO] Caminhão do José 2: risco 34 - monitorar na próxima vistoria.
Caminhão do Gabriel 6,Maio 2026,-,-,45,1.0,1.0,45,MODERADO,Estilo de condução,[ATENÇÃO] Caminhão do Gabriel 6: risco 45 - monitorar na próxima vistoria.
Caminhão do Márcio,Maio 2026,-,-,62,1.0,1.0,62,ALTO,Estilo de condução,[ALERTA] Caminhão do Márcio: risco 62 - agendar inspeção em breve.
Caminhão do Paulo 2,Maio 2026,-,-,42,1.0,1.0,42,MODERADO,Desaceleração/frenagem brusca,[ATENÇÃO] Caminhão do Paulo 2: risco 42 - monitorar na próxima vistoria.
Caminhão do Gabriel 4,Maio 2026,-,-,34,1.0,1.0,34,MODERADO,Desaceleração/frenagem brusca,[ATENÇÃO] Caminhão do Gabriel 4: risco 34 - monitorar na próxima vistoria.
Caminhão da Ivone 5,Maio 2026,-,-,30,1.0,1.0,30,MODERADO,Dificuldade da rota,[ATENÇÃO] Caminhão da Ivone 5: risco 30 - monitorar na próxima vistoria.
Caminhão do Gilberto 2,Maio 2026,-,-,40,1.0,1.0,40,MODERADO,Estilo de condução,[ATENÇÃO] Caminhão do Gilberto 2: risco 40 - monitorar na próxima vistoria.
Caminhão do Joaquim 3,Maio 2026,-,-,34,1.0,1.0,34,MODERADO,Desaceleração/frenagem brusca,[ATENÇÃO] Caminhão do Joaquim 3: risco 34 - monitorar na próxima vistoria.
Caminhão da Flávia 3,Maio 2026,-,-,44,1.0,1.0,44,MODERADO,Estilo de condução,[ATENÇÃO] Caminhão da Flávia 3: risco 44 - monitorar na próxima vistoria.
Caminhão da Flávia 4,Maio 2026,-,-,47,1.0,1.0,47,MODERADO,Estilo de condução,[ATENÇÃO] Caminhão da Flávia 4: risco 47 - monitorar na próxima vistoria.
Caminhão da Nádia 4,Maio 2026,-,-,36,1.0,1.0,36,MODERADO,Desaceleração/frenagem brusca,[ATENÇÃO] Caminhão da Nádia 4: risco 36 - monitorar na próxima vistoria.
Caminhão do Vitor 2,Maio 2026,-,-,26,1.0,1.0,26,MODERADO,Dificuldade da rota,[ATENÇÃO] Caminhão do Vitor 2: risco 26 - monitorar na próxima vistoria.
Caminhão do Samuel,Maio 2026,-,-,53,1.0,1.0,53,ALTO,Estilo de condução,[ALERTA] Caminhão do Samuel: risco 53 - agendar inspeção em breve.
Caminhão do Miguel 6,Maio 2026,-,-,48,1.0,1.0,48,MODERADO,Estilo de condução,[ATENÇÃO] Caminhão do Miguel 6: risco 48 - monitorar na próxima vistoria.
Caminhão do Luiz 5,Maio 2026,-,-,30,1.0,1.0,30,MODERADO,Desaceleração/frenagem brusca,[ATENÇÃO] Caminhão do Luiz 5: risco 30 - monitorar na próxima vistoria.
Caminhão da Helena 3,Maio 2026,-,-,36,1.0,1.0,36,MODERADO,Estilo de condução,[ATENÇÃO] Caminhão da Helena 3: risco 36 - monitorar na próxima vistoria.
Caminhão do Kleber,Maio 2026,-,-,49,1.0,1.0,49,MODERADO,Estilo de condução,[ATENÇÃO] Caminhão do Kleber: risco 49 - monitorar na próxima vistoria.
Caminhão da Zilda 4,Maio 2026,-,-,44,1.0,1.0,44,MODERADO,Estilo de condução,[ATENÇÃO] Caminhão da Zilda 4: risco 44 - monitorar na próxima vistoria.
Caminhão do Heitor 5,Maio 2026,-,-,30,1.0,1.0,30,MODERADO,Desaceleração/frenagem brusca,[ATENÇÃO] Caminhão do Heitor 5: risco 30 - monitorar na próxima vistoria.
Caminhão da Juliana 4,Maio 2026,-,-,41,1.0,1.0,41,MODERADO,Dificuldade da rota,[ATENÇÃO] Caminhão da Juliana 4: risco 41 - monitorar na próxima vistoria.
Caminhão da Giovana 4,Maio 2026,-,-,44,1.0,1.0,44,MODERADO,Estilo de condução,[ATENÇÃO] Caminhão da Giovana 4: risco 44 - monitorar na próxima vistoria.
Caminhão da Karina 5,Maio 2026,-,-,24,1.0,1.0,24,BAIXO,Estilo de condução,[OK] Caminhão da Karina 5: risco 24 - dentro do esperado.
Caminhão do Heitor,Maio 2026,-,-,38,1.0,1.0,38,MODERADO,Desaceleração/frenagem brusca,[ATENÇÃO] Caminhão do Heitor: risco 38 - monitorar na próxima vistoria.
Caminhão do Pablo 2,Maio 2026,-,-,45,1.0,1.0,45,MODERADO,Estilo de condução,[ATENÇÃO] Caminhão do Pablo 2: risco 45 - monitorar na próxima vistoria.
Caminhão do João 3,Maio 2026,-,-,41,1.0,1.0,41,MODERADO,Estilo de condução,[ATENÇÃO] Caminhão do João 3: risco 41 - monitorar na próxima vistoria.
Caminhão da Ivone 2,Maio 2026,-,-,27,1.0,1.0,27,MODERADO,Dificuldade da rota,[ATENÇÃO] Caminhão da Ivone 2: risco 27 - monitorar na próxima vistoria.
Caminhão do Daniel,Maio 2026,-,-,30,1.0,1.0,30,MODERADO,Desaceleração/frenagem brusca,[ATENÇÃO] Caminhão do Daniel: risco 30 - monitorar na próxima vistoria.
Caminhão do Antônio 3,Maio 2026,-,-,56,1.0,1.0,56,ALTO,Estilo de condução,[ALERTA] Caminhão do Antônio 3: risco 56 - agendar inspeção em breve.
Caminhão do Nelson 2,Maio 2026,-,-,50,1.0,1.0,50,MODERADO,Estilo de condução,[ATENÇÃO] Caminhão do Nelson 2: risco 50 - monitorar na próxima vistoria.
Caminhão da Priscila 5,Maio 2026,-,-,40,1.0,1.0,40,MODERADO,Estilo de frenagem,[ATENÇÃO] Caminhão da Priscila 5: risco 40 - monitorar na próxima vistoria.
Caminhão do André 5,Maio 2026,-,-,26,1.0,1.0,26,MODERADO,Desaceleração/frenagem brusca,[ATENÇÃO] Caminhão do André 5: risco 26 - monitorar na próxima vistoria.
Caminhão da Heloísa 2,Maio 2026,-,-,57,1.0,1.0,57,ALTO,Estilo de condução,[ALERTA] Caminhão da Heloísa 2: risco 57 - agendar inspeção em breve.
Caminhão da Flávia 5,Maio 2026,-,-,40,1.0,1.0,40,MODERADO,Estilo de condução,[ATENÇÃO] Caminhão da Flávia 5: risco 40 - monitorar na próxima vistoria.
Caminhão da Débora 5,Maio 2026,-,-,58,1.0,1.0,58,ALTO,Estilo de condução,[ALERTA] Caminhão da Débora 5: risco 58 - agendar inspeção em breve.
Caminhão do Orlando 5,Maio 2026,-,-,20,1.0,1.0,20,BAIXO,Desaceleração/frenagem brusca,[OK] Caminhão do Orlando 5: risco 20 - dentro do esperado.
Caminhão da Eliana 5,Maio 2026,-,-,31,1.0,1.0,31,MODERADO,Dificuldade da rota,[ATENÇÃO] Caminhão da Eliana 5: risco 31 - monitorar na próxima vistoria.
Caminhão do Eduardo 4,Maio 2026,-,-,35,1.0,1.0,35,MODERADO,Desaceleração/frenagem brusca,[ATENÇÃO] Caminhão do Eduardo 4: risco 35 - monitorar na próxima vistoria.
Caminhão do Carlos 5,Maio 2026,-,-,42,1.0,1.0,42,MODERADO,Estilo de condução,[ATENÇÃO] Caminhão do Carlos 5: risco 42 - monitorar na próxima vistoria.
Caminhão do Alexandre 5,Maio 2026,-,-,36,1.0,1.0,36,MODERADO,Dificuldade da rota,[ATENÇÃO] Caminhão do Alexandre 5: risco 36 - monitorar na próxima vistoria.
Caminhão do Antônio 4,Maio 2026,-,-,34,1.0,1.0,34,MODERADO,Desaceleração/frenagem brusca,[ATENÇÃO] Caminhão do Antônio 4: risco 34 - monitorar na próxima vistoria.
Caminhão da Giovana 3,Maio 2026,-,-,30,1.0,1.0,30,MODERADO,Estilo de condução,[ATENÇÃO] Caminhão da Giovana 3: risco 30 - monitorar na próxima vistoria.
Caminhão da Débora 4,Maio 2026,-,-,31,1.0,1.0,31,MODERADO,Desaceleração/frenagem brusca,[ATENÇÃO] Caminhão da Débora 4: risco 31 - monitorar na próxima vistoria.
Caminhão do Nelson 4,Maio 2026,-,-,24,1.0,1.0,24,BAIXO,Dificuldade da rota,[OK] Caminhão do Nelson 4: risco 24 - dentro do esperado.
Caminhão da Renata 3,Maio 2026,-,-,34,1.0,1.0,34,MODERADO,Estilo de condução,[ATENÇÃO] Caminhão da Renata 3: risco 34 - monitorar na próxima vistoria.
Caminhão da Lúcia,Maio 2026,-,-,44,1.0,1.0,44,MODERADO,Estilo de condução,[ATENÇÃO] Caminhão da Lúcia: risco 44 - monitorar na próxima vistoria.
Caminhão do Caio 2,Maio 2026,-,-,38,1.0,1.0,38,MODERADO,Estilo de condução,[ATENÇÃO] Caminhão do Caio 2: risco 38 - monitorar na próxima vistoria.
Caminhão do Cristiano 3,Maio 2026,-,-,37,1.0,1.0,37,MODERADO,Dificuldade da rota,[ATENÇÃO] Caminhão do Cristiano 3: risco 37 - monitorar na próxima vistoria.
Caminhão da Débora 2,Maio 2026,-,-,55,1.0,1.0,55,ALTO,Estilo de condução,[ALERTA] Caminhão da Débora 2: risco 55 - agendar inspeção em breve.
Caminhão do Jorge 3,Maio 2026,-,-,30,1.0,1.0,30,MODERADO,Desaceleração/frenagem brusca,[ATENÇÃO] Caminhão do Jorge 3: risco 30 - monitorar na próxima vistoria.
Caminhão da Beatriz,Maio 2026,-,-,20,1.0,1.0,20,BAIXO,Desaceleração/frenagem brusca,[OK] Caminhão da Beatriz: risco 20 - dentro do esperado.
Caminhão do Tiago 6,Maio 2026,-,-,32,1.0,1.0,32,MODERADO,Estilo de condução,[ATENÇÃO] Caminhão do Tiago 6: risco 32 - monitorar na próxima vistoria.
Caminhão do Gilberto 3,Maio 2026,-,-,30,1.0,1.0,30,MODERADO,Desaceleração/frenagem brusca,[ATENÇÃO] Caminhão do Gilberto 3: risco 30 - monitorar na próxima vistoria.
Caminhão do Rodrigo 4,Maio 2026,-,-,27,1.0,1.0,27,MODERADO,Dificuldade da rota,[ATENÇÃO] Caminhão do Rodrigo 4: risco 27 - monitorar na próxima vistoria.
Caminhão da Wilma,Maio 2026,-,-,59,1.0,1.0,59,ALTO,Estilo de condução,[ALERTA] Caminhão da Wilma: risco 59 - agendar inspeção em breve.
Caminhão do Zeca 4,Maio 2026,-,-,26,1.0,1.0,26,MODERADO,Desaceleração/frenagem brusca,[ATENÇÃO] Caminhão do Zeca 4: risco 26 - monitorar na próxima vistoria.
Caminhão da Wilma 2,Maio 2026,-,-,37,1.0,1.0,37,MODERADO,Estilo de condução,[ATENÇÃO] Caminhão da Wilma 2: risco 37 - monitorar na próxima vistoria.
Caminhão do Nelson 5,Maio 2026,-,-,29,1.0,1.0,29,MODERADO,Desaceleração/frenagem brusca,[ATENÇÃO] Caminhão do Nelson 5: risco 29 - monitorar na próxima vistoria.
Caminhão da Fernanda 2,Maio 2026,-,-,54,1.0,1.0,54,ALTO,Estilo de condução,[ALERTA] Caminhão da Fernanda 2: risco 54 - agendar inspeção em breve.
Caminhão do Samuel 5,Maio 2026,-,-,30,1.0,1.0,30,MODERADO,Desaceleração/frenagem brusca,[ATENÇÃO] Caminhão do Samuel 5: risco 30 - monitorar na próxima vistoria.
Caminhão do Fábio 2,Maio 2026,-,-,29,1.0,1.0,29,MODERADO,Dificuldade da rota,[ATENÇÃO] Caminhão do Fábio 2: risco 29 - monitorar na próxima vistoria.
Caminhão do Arthur 4,Maio 2026,-,-,40,1.0,1.0,40,MODERADO,Estilo de condução,[ATENÇÃO] Caminhão do Arthur 4: risco 40 - monitorar na próxima vistoria.
Caminhão da Nádia 3,Maio 2026,-,-,44,1.0,1.0,44,MODERADO,Desaceleração/frenagem brusca,[ATENÇÃO] Caminhão da Nádia 3: risco 44 - monitorar na próxima vistoria.
Caminhão do Renato 5,Maio 2026,-,-,39,1.0,1.0,39,MODERADO,Estilo de condução,[ATENÇÃO] Caminhão do Renato 5: risco 39 - monitorar na próxima vistoria.
Caminhão do Leandro 4,Maio 2026,-,-,44,1.0,1.0,44,MODERADO,Estilo de condução,[ATENÇÃO] Caminhão do Leandro 4: risco 44 - monitorar na próxima vistoria.
Caminhão do Otávio 4,Maio 2026,-,-,51,1.0,1.0,51,ALTO,Desaceleração/frenagem brusca,[ALERTA] Caminhão do Otávio 4: risco 51 - agendar inspeção em breve.
Caminhão do Tiago 2,Maio 2026,-,-,58,1.0,1.0,58,ALTO,Estilo de condução,[ALERTA] Caminhão do Tiago 2: risco 58 - agendar inspeção em breve.
Caminhão da Wilma 3,Maio 2026,-,-,44,1.0,1.0,44,MODERADO,Estilo de frenagem,[ATENÇÃO] Caminhão da Wilma 3: risco 44 - monitorar na próxima vistoria.
Caminhão da Débora,Maio 2026,-,-,38,1.0,1.0,38,MODERADO,Desaceleração/frenagem brusca,[ATENÇÃO] Caminhão da Débora: risco 38 - monitorar na próxima vistoria.
Caminhão da Olívia 5,Maio 2026,-,-,37,1.0,1.0,37,MODERADO,Estilo de condução,[ATENÇÃO] Caminhão da Olívia 5: risco 37 - monitorar na próxima vistoria.
Caminhão do Sérgio 3,Maio 2026,-,-,48,1.0,1.0,48,MODERADO,Estilo de condução,[ATENÇÃO] Caminhão do Sérgio 3: risco 48 - monitorar na próxima vistoria.
Caminhão da Nádia 5,Maio 2026,-,-,44,1.0,1.0,44,MODERADO,Estilo de condução,[ATENÇÃO] Caminhão da Nádia 5: risco 44 - monitorar na próxima vistoria.
Caminhão do Tadeu,Maio 2026,-,-,25,1.0,1.0,25,BAIXO,Dificuldade da rota,[OK] Caminhão do Tadeu: risco 25 - dentro do esperado.
Caminhão do José 3,Maio 2026,-,-,47,1.0,1.0,47,MODERADO,Estilo de condução,[ATENÇÃO] Caminhão do José 3: risco 47 - monitorar na próxima vistoria.
Caminhão do Rogério 3,Maio 2026,-,-,41,1.0,1.0,41,MODERADO,Estilo de condução,[ATENÇÃO] Caminhão do Rogério 3: risco 41 - monitorar na próxima vistoria.
Caminhão da Fernanda,Junho 2026,-,-,18,1.0,1.0,18,BAIXO,Dificuldade da rota,[OK] Caminhão da Fernanda: risco 18 - dentro do esperado.
Caminhão do Marcos 6,Junho 2026,-,-,33,1.0,1.0,33,MODERADO,Desaceleração/frenagem brusca,[ATENÇÃO] Caminhão do Marcos 6: risco 33 - monitorar na próxima vistoria.
Caminhão do Gabriel 2,Junho 2026,-,-,40,1.0,1.0,40,MODERADO,Estilo de condução,[ATENÇÃO] Caminhão do Gabriel 2: risco 40 - monitorar na próxima vistoria.
Caminhão do Renato 4,Junho 2026,-,-,43,1.0,1.0,43,MODERADO,Estilo de condução,[ATENÇÃO] Caminhão do Renato 4: risco 43 - monitorar na próxima vistoria.
Caminhão da Clotilde 3,Junho 2026,-,-,25,1.0,1.0,25,BAIXO,Dificuldade da rota,[OK] Caminhão da Clotilde 3: risco 25 - dentro do esperado.
Caminhão da Wilma,Junho 2026,-,-,58,1.0,1.0,58,ALTO,Estilo de condução,[ALERTA] Caminhão da Wilma: risco 58 - agendar inspeção em breve.
Caminhão da Isabela 5,Junho 2026,-,-,28,1.0,1.0,28,MODERADO,Desaceleração/frenagem brusca,[ATENÇÃO] Caminhão da Isabela 5: risco 28 - monitorar na próxima vistoria.
Caminhão do Valter 3,Junho 2026,-,-,56,1.0,1.0,56,ALTO,Estilo de condução,[ALERTA] Caminhão do Valter 3: risco 56 - agendar inspeção em breve.
Caminhão do Elias 5,Junho 2026,-,-,49,1.0,1.0,49,MODERADO,Dificuldade da rota,[ATENÇÃO] Caminhão do Elias 5: risco 49 - monitorar na próxima vistoria.
Caminhão do Felipe 3,Junho 2026,-,-,45,1.0,1.0,45,MODERADO,Estilo de condução,[ATENÇÃO] Caminhão do Felipe 3: risco 45 - monitorar na próxima vistoria.
Caminhão do Tadeu 5,Junho 2026,-,-,59,1.0,1.0,59,ALTO,Estilo de condução,[ALERTA] Caminhão do Tadeu 5: risco 59 - agendar inspeção em breve.
Caminhão da Érica 5,Junho 2026,-,-,23,1.0,1.0,23,BAIXO,Dificuldade da rota,[OK] Caminhão da Érica 5: risco 23 - dentro do esperado.
Caminhão da Lúcia 2,Junho 2026,-,-,50,1.0,1.0,50,MODERADO,Dificuldade da rota,[ATENÇÃO] Caminhão da Lúcia 2: risco 50 - monitorar na próxima vistoria.
Caminhão do Cristiano 4,Junho 2026,-,-,36,1.0,1.0,36,MODERADO,Dificuldade da rota,[ATENÇÃO] Caminhão do Cristiano 4: risco 36 - monitorar na próxima vistoria.
Caminhão da Gabriela 4,Junho 2026,-,-,37,1.0,1.0,37,MODERADO,Desaceleração/frenagem brusca,[ATENÇÃO] Caminhão da Gabriela 4: risco 37 - monitorar na próxima vistoria.
Caminhão do Samuel 3,Junho 2026,-,-,46,1.0,1.0,46,MODERADO,Dificuldade da rota,[ATENÇÃO] Caminhão do Samuel 3: risco 46 - monitorar na próxima vistoria.
Caminhão do Leandro 4,Junho 2026,-,-,50,1.0,1.0,50,MODERADO,Estilo de condução,[ATENÇÃO] Caminhão do Leandro 4: risco 50 - monitorar na próxima vistoria.
Caminhão do Renato 6,Junho 2026,-,-,52,1.0,1.0,52,ALTO,Estilo de condução,[ALERTA] Caminhão do Renato 6: risco 52 - agendar inspeção em breve.
Caminhão da Mariana 3,Junho 2026,-,-,59,1.0,1.0,59,ALTO,Estilo de condução,[ALERTA] Caminhão da Mariana 3: risco 59 - agendar inspeção em breve.
Caminhão da Nádia,Junho 2026,-,-,39,1.0,1.0,39,MODERADO,Desaceleração/frenagem brusca,[ATENÇÃO] Caminhão da Nádia: risco 39 - monitorar na próxima vistoria.
Caminhão do Paulo 6,Junho 2026,-,-,37,1.0,1.0,37,MODERADO,Desaceleração/frenagem brusca,[ATENÇÃO] Caminhão do Paulo 6: risco 37 - monitorar na próxima vistoria.
Caminhão do José 4,Junho 2026,-,-,60,1.0,1.0,60,ALTO,Estilo de condução,[ALERTA] Caminhão do José 4: risco 60 - agendar inspeção em breve.
Caminhão da Heloísa 5,Junho 2026,-,-,37,1.0,1.0,37,MODERADO,Desaceleração/frenagem brusca,[ATENÇÃO] Caminhão da Heloísa 5: risco 37 - monitorar na próxima vistoria.
Caminhão da Fernanda 4,Junho 2026,-,-,24,1.0,1.0,24,BAIXO,Dificuldade da rota,[OK] Caminhão da Fernanda 4: risco 24 - dentro do esperado.
Caminhão da Priscila 3,Junho 2026,-,-,44,1.0,1.0,44,MODERADO,Estilo de condução,[ATENÇÃO] Caminhão da Priscila 3: risco 44 - monitorar na próxima vistoria.
Caminhão do Elias 2,Junho 2026,-,-,32,1.0,1.0,32,MODERADO,Dificuldade da rota,[ATENÇÃO] Caminhão do Elias 2: risco 32 - monitorar na próxima vistoria.
Caminhão do Yuri,Junho 2026,-,-,45,1.0,1.0,45,MODERADO,Estilo de condução,[ATENÇÃO] Caminhão do Yuri: risco 45 - monitorar na próxima vistoria.
Caminhão da Nádia 5,Junho 2026,-,-,49,1.0,1.0,49,MODERADO,Estilo de condução,[ATENÇÃO] Caminhão da Nádia 5: risco 49 - monitorar na próxima vistoria.
Caminhão do Luiz 4,Junho 2026,-,-,31,1.0,1.0,31,MODERADO,Desaceleração/frenagem brusca,[ATENÇÃO] Caminhão do Luiz 4: risco 31 - monitorar na próxima vistoria.
Caminhão da Wilma 5,Junho 2026,-,-,48,1.0,1.0,48,MODERADO,Dificuldade da rota,[ATENÇÃO] Caminhão da Wilma 5: risco 48 - monitorar na próxima vistoria.
Caminhão do Henrique 3,Junho 2026,-,-,46,1.0,1.0,46,MODERADO,Desaceleração/frenagem brusca,[ATENÇÃO] Caminhão do Henrique 3: risco 46 - monitorar na próxima vistoria.
Caminhão da Natália,Junho 2026,-,-,30,1.0,1.0,30,MODERADO,Dificuldade da rota,[ATENÇÃO] Caminhão da Natália: risco 30 - monitorar na próxima vistoria.
Caminhão do Francisco 4,Junho 2026,-,-,39,1.0,1.0,39,MODERADO,Desaceleração/frenagem brusca,[ATENÇÃO] Caminhão do Francisco 4: risco 39 - monitorar na próxima vistoria.
Caminhão do Renato 5,Junho 2026,-,-,37,1.0,1.0,37,MODERADO,Dificuldade da rota,[ATENÇÃO] Caminhão do Renato 5: risco 37 - monitorar na próxima vistoria.
Caminhão do Caio 3,Junho 2026,-,-,31,1.0,1.0,31,MODERADO,Dificuldade da rota,[ATENÇÃO] Caminhão do Caio 3: risco 31 - monitorar na próxima vistoria.
Caminhão do Francisco 3,Junho 2026,-,-,47,1.0,1.0,47,MODERADO,Desaceleração/frenagem brusca,[ATENÇÃO] Caminhão do Francisco 3: risco 47 - monitorar na próxima vistoria.
Caminhão da Vanessa,Junho 2026,-,-,49,1.0,1.0,49,MODERADO,Estilo de condução,[ATENÇÃO] Caminhão da Vanessa: risco 49 - monitorar na próxima vistoria.
Caminhão do Rafael 4,Junho 2026,-,-,32,1.0,1.0,32,MODERADO,Desaceleração/frenagem brusca,[ATENÇÃO] Caminhão do Rafael 4: risco 32 - monitorar na próxima vistoria.
Caminhão do Pedro 5,Junho 2026,-,-,45,1.0,1.0,45,MODERADO,Estilo de condução,[ATENÇÃO] Caminhão do Pedro 5: risco 45 - monitorar na próxima vistoria.
Caminhão da Úrsula 5,Junho 2026,-,-,49,1.0,1.0,49,MODERADO,Estilo de condução,[ATENÇÃO] Caminhão da Úrsula 5: risco 49 - monitorar na próxima vistoria.
Caminhão do André,Junho 2026,-,-,41,1.0,1.0,41,MODERADO,Dificuldade da rota,[ATENÇÃO] Caminhão do André: risco 41 - monitorar na próxima vistoria.
Caminhão do Rogério,Junho 2026,-,-,40,1.0,1.0,40,MODERADO,Dificuldade da rota,[ATENÇÃO] Caminhão do Rogério: risco 40 - monitorar na próxima vistoria.
Caminhão do Leandro,Junho 2026,-,-,34,1.0,1.0,34,MODERADO,Estilo de condução,[ATENÇÃO] Caminhão do Leandro: risco 34 - monitorar na próxima vistoria.
Caminhão da Eliana 3,Junho 2026,-,-,40,1.0,1.0,40,MODERADO,Dificuldade da rota,[ATENÇÃO] Caminhão da Eliana 3: risco 40 - monitorar na próxima vistoria.
Caminhão da Débora 3,Junho 2026,-,-,42,1.0,1.0,42,MODERADO,Estilo de condução,[ATENÇÃO] Caminhão da Débora 3: risco 42 - monitorar na próxima vistoria.
Caminhão da Mariana 4,Junho 2026,-,-,55,1.0,1.0,55,ALTO,Estilo de condução,[ALERTA] Caminhão da Mariana 4: risco 55 - agendar inspeção em breve.
Caminhão da Talita,Junho 2026,-,-,51,1.0,1.0,51,ALTO,Estilo de condução,[ALERTA] Caminhão da Talita: risco 51 - agendar inspeção em breve.
Caminhão do Miguel 3,Junho 2026,-,-,44,1.0,1.0,44,MODERADO,Desaceleração/frenagem brusca,[ATENÇÃO] Caminhão do Miguel 3: risco 44 - monitorar na próxima vistoria.
Caminhão da Raquel 5,Junho 2026,-,-,46,1.0,1.0,46,MODERADO,Dificuldade da rota,[ATENÇÃO] Caminhão da Raquel 5: risco 46 - monitorar na próxima vistoria.
Caminhão do Orlando,Junho 2026,-,-,22,1.0,1.0,22,BAIXO,Estilo de condução,[OK] Caminhão do Orlando: risco 22 - dentro do esperado.
Caminhão da Zilda 2,Junho 2026,-,-,44,1.0,1.0,44,MODERADO,Estilo de condução,[ATENÇÃO] Caminhão da Zilda 2: risco 44 - monitorar na próxima vistoria.
Caminhão do Vinícius 6,Junho 2026,-,-,34,1.0,1.0,34,MODERADO,Dificuldade da rota,[ATENÇÃO] Caminhão do Vinícius 6: risco 34 - monitorar na próxima vistoria.
Caminhão do Otávio 4,Junho 2026,-,-,49,1.0,1.0,49,MODERADO,Desaceleração/frenagem brusca,[ATENÇÃO] Caminhão do Otávio 4: risco 49 - monitorar na próxima vistoria.
Caminhão do Eduardo 5,Junho 2026,-,-,37,1.0,1.0,37,MODERADO,Dificuldade da rota,[ATENÇÃO] Caminhão do Eduardo 5: risco 37 - monitorar na próxima vistoria.
Caminhão do Ícaro 5,Junho 2026,-,-,28,1.0,1.0,28,MODERADO,Desaceleração/frenagem brusca,[ATENÇÃO] Caminhão do Ícaro 5: risco 28 - monitorar na próxima vistoria.
Caminhão da Talita 5,Junho 2026,-,-,31,1.0,1.0,31,MODERADO,Desaceleração/frenagem brusca,[ATENÇÃO] Caminhão da Talita 5: risco 31 - monitorar na próxima vistoria.
Caminhão da Ivone 2,Junho 2026,-,-,26,1.0,1.0,26,MODERADO,Dificuldade da rota,[ATENÇÃO] Caminhão da Ivone 2: risco 26 - monitorar na próxima vistoria.
Caminhão do Saulo 5,Junho 2026,-,-,39,1.0,1.0,39,MODERADO,Desaceleração/frenagem brusca,[ATENÇÃO] Caminhão do Saulo 5: risco 39 - monitorar na próxima vistoria.
Caminhão da Karina 3,Junho 2026,-,-,30,1.0,1.0,30,MODERADO,Dificuldade da rota,[ATENÇÃO] Caminhão da Karina 3: risco 30 - monitorar na próxima vistoria.
Caminhão do Kleber,Junho 2026,-,-,40,1.0,1.0,40,MODERADO,Desaceleração/frenagem brusca,[ATENÇÃO] Caminhão do Kleber: risco 40 - monitorar na próxima vistoria.
Caminhão do Diego 5,Junho 2026,-,-,50,1.0,1.0,50,MODERADO,Estilo de condução,[ATENÇÃO] Caminhão do Diego 5: risco 50 - monitorar na próxima vistoria.
Caminhão do Pablo,Junho 2026,-,-,57,1.0,1.0,57,ALTO,Estilo de condução,[ALERTA] Caminhão do Pablo: risco 57 - agendar inspeção em breve.
Caminhão da Valéria,Junho 2026,-,-,36,1.0,1.0,36,MODERADO,Desaceleração/frenagem brusca,[ATENÇÃO] Caminhão da Valéria: risco 36 - monitorar na próxima vistoria.
Caminhão da Larissa 3,Junho 2026,-,-,47,1.0,1.0,47,MODERADO,Desaceleração/frenagem brusca,[ATENÇÃO] Caminhão da Larissa 3: risco 47 - monitorar na próxima vistoria.
Caminhão da Priscila,Junho 2026,-,-,49,1.0,1.0,49,MODERADO,Estilo de condução,[ATENÇÃO] Caminhão da Priscila: risco 49 - monitorar na próxima vistoria.
Caminhão da Giovana 2,Junho 2026,-,-,48,1.0,1.0,48,MODERADO,Desaceleração/frenagem brusca,[ATENÇÃO] Caminhão da Giovana 2: risco 48 - monitorar na próxima vistoria.
Caminhão do Paulo 5,Junho 2026,-,-,28,1.0,1.0,28,MODERADO,Dificuldade da rota,[ATENÇÃO] Caminhão do Paulo 5: risco 28 - monitorar na próxima vistoria.
Caminhão da Giovana,Junho 2026,-,-,42,1.0,1.0,42,MODERADO,Dificuldade da rota,[ATENÇÃO] Caminhão da Giovana: risco 42 - monitorar na próxima vistoria.
Caminhão do Caio 5,Junho 2026,-,-,33,1.0,1.0,33,MODERADO,Dificuldade da rota,[ATENÇÃO] Caminhão do Caio 5: risco 33 - monitorar na próxima vistoria.
Caminhão da Carla,Junho 2026,-,-,29,1.0,1.0,29,MODERADO,Dificuldade da rota,[ATENÇÃO] Caminhão da Carla: risco 29 - monitorar na próxima vistoria.
Caminhão da Talita 3,Junho 2026,-,-,27,1.0,1.0,27,MODERADO,Dificuldade da rota,[ATENÇÃO] Caminhão da Talita 3: risco 27 - monitorar na próxima vistoria.
Caminhão do Fernando 4,Junho 2026,-,-,52,1.0,1.0,52,ALTO,Estilo de condução,[ALERTA] Caminhão do Fernando 4: risco 52 - agendar inspeção em breve.
Caminhão do João 6,Junho 2026,-,-,19,1.0,1.0,19,BAIXO,Dificuldade da rota,[OK] Caminhão do João 6: risco 19 - dentro do esperado.
Caminhão da Ana 2,Junho 2026,-,-,36,1.0,1.0,36,MODERADO,Dificuldade da rota,[ATENÇÃO] Caminhão da Ana 2: risco 36 - monitorar na próxima vistoria.
Caminhão da Karina,Junho 2026,-,-,42,1.0,1.0,42,MODERADO,Dificuldade da rota,[ATENÇÃO] Caminhão da Karina: risco 42 - monitorar na próxima vistoria.
Caminhão da Renata 5,Junho 2026,-,-,51,1.0,1.0,51,ALTO,Estilo de condução,[ALERTA] Caminhão da Renata 5: risco 51 - agendar inspeção em breve.
Caminhão da Daniela 4,Junho 2026,-,-,38,1.0,1.0,38,MODERADO,Desaceleração/frenagem brusca,[ATENÇÃO] Caminhão da Daniela 4: risco 38 - monitorar na próxima vistoria.
Caminhão do Miguel 5,Junho 2026,-,-,56,1.0,1.0,56,ALTO,Estilo de condução,[ALERTA] Caminhão do Miguel 5: risco 56 - agendar inspeção em breve.
Caminhão da Lúcia 5,Junho 2026,-,-,53,1.0,1.0,53,ALTO,Estilo de condução,[ALERTA] Caminhão da Lúcia 5: risco 53 - agendar inspeção em breve.
Caminhão da Maria 4,Junho 2026,-,-,30,1.0,1.0,30,MODERADO,Dificuldade da rota,[ATENÇÃO] Caminhão da Maria 4: risco 30 - monitorar na próxima vistoria.
Caminhão do Diego 2,Junho 2026,-,-,49,1.0,1.0,49,MODERADO,Estilo de condução,[ATENÇÃO] Caminhão do Diego 2: risco 49 - monitorar na próxima vistoria.
Caminhão da Heloísa,Junho 2026,-,-,47,1.0,1.0,47,MODERADO,Desaceleração/frenagem brusca,[ATENÇÃO] Caminhão da Heloísa: risco 47 - monitorar na próxima vistoria.
Caminhão da Helena 3,Junho 2026,-,-,35,1.0,1.0,35,MODERADO,Estilo de condução,[ATENÇÃO] Caminhão da Helena 3: risco 35 - monitorar na próxima vistoria.
Caminhão do Cristiano 5,Junho 2026,-,-,51,1.0,1.0,51,ALTO,Estilo de condução,[ALERTA] Caminhão do Cristiano 5: risco 51 - agendar inspeção em breve.
Caminhão do Roberto 6,Junho 2026,-,-,54,1.0,1.0,54,ALTO,Estilo de condução,[ALERTA] Caminhão do Roberto 6: risco 54 - agendar inspeção em breve.
Caminhão do Ícaro,Junho 2026,-,-,47,1.0,1.0,47,MODERADO,Desaceleração/frenagem brusca,[ATENÇÃO] Caminhão do Ícaro: risco 47 - monitorar na próxima vistoria.
Caminhão do Eduardo 3,Junho 2026,-,-,40,1.0,1.0,40,MODERADO,Dificuldade da rota,[ATENÇÃO] Caminhão do Eduardo 3: risco 40 - monitorar na próxima vistoria.
Caminhão do Miguel 4,Junho 2026,-,-,43,1.0,1.0,43,MODERADO,Estilo de condução,[ATENÇÃO] Caminhão do Miguel 4: risco 43 - monitorar na próxima vistoria.
Caminhão da Sandra,Junho 2026,-,-,30,1.0,1.0,30,MODERADO,Dificuldade da rota,[ATENÇÃO] Caminhão da Sandra: risco 30 - monitorar na próxima vistoria.
Caminhão do Roberto 3,Junho 2026,-,-,32,1.0,1.0,32,MODERADO,Dificuldade da rota,[ATENÇÃO] Caminhão do Roberto 3: risco 32 - monitorar na próxima vistoria.
Caminhão do Jorge 4,Junho 2026,-,-,42,1.0,1.0,42,MODERADO,Estilo de condução,[ATENÇÃO] Caminhão do Jorge 4: risco 42 - monitorar na próxima vistoria.
Caminhão da Sabrina 4,Junho 2026,-,-,46,1.0,1.0,46,MODERADO,Estilo de condução,[ATENÇÃO] Caminhão da Sabrina 4: risco 46 - monitorar na próxima vistoria.
Caminhão do Rafael 2,Junho 2026,-,-,37,1.0,1.0,37,MODERADO,Desaceleração/frenagem brusca,[ATENÇÃO] Caminhão do Rafael 2: risco 37 - monitorar na próxima vistoria.
Caminhão do Maurício 3,Junho 2026,-,-,42,1.0,1.0,42,MODERADO,Dificuldade da rota,[ATENÇÃO] Caminhão do Maurício 3: risco 42 - monitorar na próxima vistoria.
Caminhão do Zeca 2,Junho 2026,-,-,50,1.0,1.0,50,MODERADO,Estilo de condução,[ATENÇÃO] Caminhão do Zeca 2: risco 50 - monitorar na próxima vistoria.
Caminhão do Francisco 6,Junho 2026,-,-,31,1.0,1.0,31,MODERADO,Dificuldade da rota,[ATENÇÃO] Caminhão do Francisco 6: risco 31 - monitorar na próxima vistoria.
Caminhão do Pablo 5,Junho 2026,-,-,51,1.0,1.0,51,ALTO,Estilo de condução,[ALERTA] Caminhão do Pablo 5: risco 51 - agendar inspeção em breve.
Caminhão do Caio,Junho 2026,-,-,34,1.0,1.0,34,MODERADO,Desaceleração/frenagem brusca,[ATENÇÃO] Caminhão do Caio: risco 34 - monitorar na próxima vistoria.
Caminhão do Sérgio 4,Junho 2026,-,-,30,1.0,1.0,30,MODERADO,Desaceleração/frenagem brusca,[ATENÇÃO] Caminhão do Sérgio 4: risco 30 - monitorar na próxima vistoria.
Caminhão do Pedro 4,Junho 2026,-,-,58,1.0,1.0,58,ALTO,Estilo de condução,[ALERTA] Caminhão do Pedro 4: risco 58 - agendar inspeção em breve.
Caminhão da Úrsula 2,Junho 2026,-,-,47,1.0,1.0,47,MODERADO,Estilo de condução,[ATENÇÃO] Caminhão da Úrsula 2: risco 47 - monitorar na próxima vistoria.
Caminhão da Maria,Junho 2026,-,-,37,1.0,1.0,37,MODERADO,Desaceleração/frenagem brusca,[ATENÇÃO] Caminhão da Maria: risco 37 - monitorar na próxima vistoria.
Caminhão da Marta 5,Junho 2026,-,-,59,1.0,1.0,59,ALTO,Estilo de condução,[ALERTA] Caminhão da Marta 5: risco 59 - agendar inspeção em breve.
Caminhão do Pablo 4,Junho 2026,-,-,46,1.0,1.0,46,MODERADO,Desaceleração/frenagem brusca,[ATENÇÃO] Caminhão do Pablo 4: risco 46 - monitorar na próxima vistoria.
Caminhão da Marta 4,Junho 2026,-,-,33,1.0,1.0,33,MODERADO,Dificuldade da rota,[ATENÇÃO] Caminhão da Marta 4: risco 33 - monitorar na próxima vistoria.
Caminhão do Marcos,Junho 2026,-,-,62,1.0,1.0,62,ALTO,Estilo de condução,[ALERTA] Caminhão do Marcos: risco 62 - agendar inspeção em breve.
Caminhão da Yasmin,Junho 2026,-,-,42,1.0,1.0,42,MODERADO,Dificuldade da rota,[ATENÇÃO] Caminhão da Yasmin: risco 42 - monitorar na próxima vistoria.
Caminhão do Zeca 5,Junho 2026,-,-,32,1.0,1.0,32,MODERADO,Desaceleração/frenagem brusca,[ATENÇÃO] Caminhão do Zeca 5: risco 32 - monitorar na próxima vistoria.
Caminhão do Gabriel 3,Junho 2026,-,-,48,1.0,1.0,48,MODERADO,Desaceleração/frenagem brusca,[ATENÇÃO] Caminhão do Gabriel 3: risco 48 - monitorar na próxima vistoria.
Caminhão do Jorge 3,Junho 2026,-,-,53,1.0,1.0,53,ALTO,Estilo de condução,[ALERTA] Caminhão do Jorge 3: risco 53 - agendar inspeção em breve.
Caminhão da Teresa,Junho 2026,-,-,62,1.0,1.0,62,ALTO,Estilo de condução,[ALERTA] Caminhão da Teresa: risco 62 - agendar inspeção em breve.
Caminhão da Valéria 2,Junho 2026,-,-,36,1.0,1.0,36,MODERADO,Estilo de condução,[ATENÇÃO] Caminhão da Valéria 2: risco 36 - monitorar na próxima vistoria.
Caminhão do Márcio 3,Junho 2026,-,-,61,1.0,1.0,61,ALTO,Estilo de condução,[ALERTA] Caminhão do Márcio 3: risco 61 - agendar inspeção em breve.
Caminhão da Bianca,Junho 2026,-,-,57,1.0,1.0,57,ALTO,Estilo de condução,[ALERTA] Caminhão da Bianca: risco 57 - agendar inspeção em breve.
Caminhão do Heitor 2,Junho 2026,-,-,64,1.0,1.0,64,ALTO,Estilo de condução,[ALERTA] Caminhão do Heitor 2: risco 64 - agendar inspeção em breve.
Caminhão da Fernanda 5,Junho 2026,-,-,36,1.0,1.0,36,MODERADO,Desaceleração/frenagem brusca,[ATENÇÃO] Caminhão da Fernanda 5: risco 36 - monitorar na próxima vistoria.
Caminhão da Sabrina,Junho 2026,-,-,39,1.0,1.0,39,MODERADO,Desaceleração/frenagem brusca,[ATENÇÃO] Caminhão da Sabrina: risco 39 - monitorar na próxima vistoria.
Caminhão da Érica 3,Junho 2026,-,-,26,1.0,1.0,26,MODERADO,Dificuldade da rota,[ATENÇÃO] Caminhão da Érica 3: risco 26 - monitorar na próxima vistoria.
Caminhão do Sérgio 5,Junho 2026,-,-,31,1.0,1.0,31,MODERADO,Dificuldade da rota,[ATENÇÃO] Caminhão do Sérgio 5: risco 31 - monitorar na próxima vistoria.
Caminhão da Débora,Junho 2026,-,-,43,1.0,1.0,43,MODERADO,Estilo de condução,[ATENÇÃO] Caminhão da Débora: risco 43 - monitorar na próxima vistoria.
Caminhão da Beatriz 2,Junho 2026,-,-,38,1.0,1.0,38,MODERADO,Desaceleração/frenagem brusca,[ATENÇÃO] Caminhão da Beatriz 2: risco 38 - monitorar na próxima vistoria.
Caminhão da Juliana 5,Junho 2026,-,-,36,1.0,1.0,36,MODERADO,Desaceleração/frenagem brusca,[ATENÇÃO] Caminhão da Juliana 5: risco 36 - monitorar na próxima vistoria.
Caminhão do Paulo 4,Junho 2026,-,-,44,1.0,1.0,44,MODERADO,Estilo de condução,[ATENÇÃO] Caminhão do Paulo 4: risco 44 - monitorar na próxima vistoria.
Caminhão da Juliana 3,Junho 2026,-,-,46,1.0,1.0,46,MODERADO,Dificuldade da rota,[ATENÇÃO] Caminhão da Juliana 3: risco 46 - monitorar na próxima vistoria.
Caminhão do Kleber 3,Junho 2026,-,-,28,1.0,1.0,28,MODERADO,Dificuldade da rota,[ATENÇÃO] Caminhão do Kleber 3: risco 28 - monitorar na próxima vistoria.
Caminhão do Tiago,Junho 2026,-,-,41,1.0,1.0,41,MODERADO,Dificuldade da rota,[ATENÇÃO] Caminhão do Tiago: risco 41 - monitorar na próxima vistoria.
Caminhão do Marcos 2,Junho 2026,-,-,40,1.0,1.0,40,MODERADO,Desaceleração/frenagem brusca,[ATENÇÃO] Caminhão do Marcos 2: risco 40 - monitorar na próxima vistoria.
Caminhão da Mariana 2,Junho 2026,-,-,46,1.0,1.0,46,MODERADO,Estilo de condução,[ATENÇÃO] Caminhão da Mariana 2: risco 46 - monitorar na próxima vistoria.
Caminhão da Marta 2,Junho 2026,-,-,31,1.0,1.0,31,MODERADO,Dificuldade da rota,[ATENÇÃO] Caminhão da Marta 2: risco 31 - monitorar na próxima vistoria.
Caminhão da Sabrina 5,Junho 2026,-,-,38,1.0,1.0,38,MODERADO,Estilo de condução,[ATENÇÃO] Caminhão da Sabrina 5: risco 38 - monitorar na próxima vistoria.
Caminhão do Alexandre 4,Junho 2026,-,-,32,1.0,1.0,32,MODERADO,Dificuldade da rota,[ATENÇÃO] Caminhão do Alexandre 4: risco 32 - monitorar na próxima vistoria.
Caminhão da Adriana,Junho 2026,-,-,42,1.0,1.0,42,MODERADO,Desaceleração/frenagem brusca,[ATENÇÃO] Caminhão da Adriana: risco 42 - monitorar na próxima vistoria.
Caminhão do José 6,Junho 2026,-,-,45,1.0,1.0,45,MODERADO,Desaceleração/frenagem brusca,[ATENÇÃO] Caminhão do José 6: risco 45 - monitorar na próxima vistoria.
Caminhão da Juliana 4,Junho 2026,-,-,41,1.0,1.0,41,MODERADO,Dificuldade da rota,[ATENÇÃO] Caminhão da Juliana 4: risco 41 - monitorar na próxima vistoria.
Caminhão do Ricardo,Junho 2026,-,-,59,1.0,1.0,59,ALTO,Estilo de condução,[ALERTA] Caminhão do Ricardo: risco 59 - agendar inspeção em breve.
Caminhão do Gustavo 3,Junho 2026,-,-,44,1.0,1.0,44,MODERADO,Dificuldade da rota,[ATENÇÃO] Caminhão do Gustavo 3: risco 44 - monitorar na próxima vistoria.
Caminhão do Benedito 2,Junho 2026,-,-,47,1.0,1.0,47,MODERADO,Estilo de condução,[ATENÇÃO] Caminhão do Benedito 2: risco 47 - monitorar na próxima vistoria.
Caminhão do Fábio 4,Junho 2026,-,-,41,1.0,1.0,41,MODERADO,Desaceleração/frenagem brusca,[ATENÇÃO] Caminhão do Fábio 4: risco 41 - monitorar na próxima vistoria.
Caminhão do Pedro 6,Junho 2026,-,-,46,1.0,1.0,46,MODERADO,Desaceleração/frenagem brusca,[ATENÇÃO] Caminhão do Pedro 6: risco 46 - monitorar na próxima vistoria.
Caminhão do Luiz 5,Junho 2026,-,-,34,1.0,1.0,34,MODERADO,Estilo de condução,[ATENÇÃO] Caminhão do Luiz 5: risco 34 - monitorar na próxima vistoria.
Caminhão do Davi 5,Junho 2026,-,-,47,1.0,1.0,47,MODERADO,Estilo de condução,[ATENÇÃO] Caminhão do Davi 5: risco 47 - monitorar na próxima vistoria.
Caminhão do Fábio,Junho 2026,-,-,52,1.0,1.0,52,ALTO,Estilo de condução,[ALERTA] Caminhão do Fábio: risco 52 - agendar inspeção em breve.
Caminhão da Ivone 5,Junho 2026,-,-,30,1.0,1.0,30,MODERADO,Dificuldade da rota,[ATENÇÃO] Caminhão da Ivone 5: risco 30 - monitorar na próxima vistoria.
Caminhão do Miguel,Junho 2026,-,-,40,1.0,1.0,40,MODERADO,Desaceleração/frenagem brusca,[ATENÇÃO] Caminhão do Miguel: risco 40 - monitorar na próxima vistoria.
Caminhão da Isabela 3,Junho 2026,-,-,35,1.0,1.0,35,MODERADO,Dificuldade da rota,[ATENÇÃO] Caminhão da Isabela 3: risco 35 - monitorar na próxima vistoria.
Caminhão da Ana,Junho 2026,-,-,29,1.0,1.0,29,MODERADO,Dificuldade da rota,[ATENÇÃO] Caminhão da Ana: risco 29 - monitorar na próxima vistoria.
Caminhão do Márcio 5,Junho 2026,-,-,43,1.0,1.0,43,MODERADO,Estilo de condução,[ATENÇÃO] Caminhão do Márcio 5: risco 43 - monitorar na próxima vistoria.
Caminhão da Nádia 3,Junho 2026,-,-,31,1.0,1.0,31,MODERADO,Desaceleração/frenagem brusca,[ATENÇÃO] Caminhão da Nádia 3: risco 31 - monitorar na próxima vistoria.
Caminhão do Roberto 5,Junho 2026,-,-,25,1.0,1.0,25,BAIXO,Desaceleração/frenagem brusca,[OK] Caminhão do Roberto 5: risco 25 - dentro do esperado.
Caminhão da Carla 3,Junho 2026,-,-,41,1.0,1.0,41,MODERADO,Dificuldade da rota,[ATENÇÃO] Caminhão da Carla 3: risco 41 - monitorar na próxima vistoria.
Caminhão da Clotilde 5,Junho 2026,-,-,61,1.0,1.0,61,ALTO,Estilo de condução,[ALERTA] Caminhão da Clotilde 5: risco 61 - agendar inspeção em breve.
Caminhão da Helena 4,Junho 2026,-,-,30,1.0,1.0,30,MODERADO,Dificuldade da rota,[ATENÇÃO] Caminhão da Helena 4: risco 30 - monitorar na próxima vistoria.
Caminhão do Gilberto 4,Junho 2026,-,-,58,1.0,1.0,58,ALTO,Estilo de condução,[ALERTA] Caminhão do Gilberto 4: risco 58 - agendar inspeção em breve.
Caminhão da Patrícia,Junho 2026,-,-,47,1.0,1.0,47,MODERADO,Estilo de condução,[ATENÇÃO] Caminhão da Patrícia: risco 47 - monitorar na próxima vistoria.
Caminhão da Clotilde,Junho 2026,-,-,44,1.0,1.0,44,MODERADO,Estilo de condução,[ATENÇÃO] Caminhão da Clotilde: risco 44 - monitorar na próxima vistoria.
Caminhão do Vitor 2,Junho 2026,-,-,25,1.0,1.0,25,BAIXO,Dificuldade da rota,[OK] Caminhão do Vitor 2: risco 25 - dentro do esperado.
Caminhão do Orlando 4,Junho 2026,-,-,51,1.0,1.0,51,ALTO,Estilo de condução,[ALERTA] Caminhão do Orlando 4: risco 51 - agendar inspeção em breve.
Caminhão do Rodrigo 4,Junho 2026,-,-,47,1.0,1.0,47,MODERADO,Estilo de condução,[ATENÇÃO] Caminhão do Rodrigo 4: risco 47 - monitorar na próxima vistoria.
Caminhão do Daniel 4,Junho 2026,-,-,32,1.0,1.0,32,MODERADO,Desaceleração/frenagem brusca,[ATENÇÃO] Caminhão do Daniel 4: risco 32 - monitorar na próxima vistoria.
Caminhão da Ana 4,Junho 2026,-,-,24,1.0,1.0,24,BAIXO,Dificuldade da rota,[OK] Caminhão da Ana 4: risco 24 - dentro do esperado.
Caminhão da Patrícia 3,Junho 2026,-,-,44,1.0,1.0,44,MODERADO,Desaceleração/frenagem brusca,[ATENÇÃO] Caminhão da Patrícia 3: risco 44 - monitorar na próxima vistoria.
Caminhão do Carlos,Junho 2026,-,-,34,1.0,1.0,34,MODERADO,Desaceleração/frenagem brusca,[ATENÇÃO] Caminhão do Carlos: risco 34 - monitorar na próxima vistoria.
Caminhão da Raquel 4,Junho 2026,-,-,28,1.0,1.0,28,MODERADO,Dificuldade da rota,[ATENÇÃO] Caminhão da Raquel 4: risco 28 - monitorar na próxima vistoria.
Caminhão da Giovana 4,Junho 2026,-,-,46,1.0,1.0,46,MODERADO,Estilo de condução,[ATENÇÃO] Caminhão da Giovana 4: risco 46 - monitorar na próxima vistoria.
Caminhão da Eliana 2,Junho 2026,-,-,24,1.0,1.0,24,BAIXO,Dificuldade da rota,[OK] Caminhão da Eliana 2: risco 24 - dentro do esperado.
Caminhão do Gilberto 2,Junho 2026,-,-,42,1.0,1.0,42,MODERADO,Estilo de condução,[ATENÇÃO] Caminhão do Gilberto 2: risco 42 - monitorar na próxima vistoria.
Caminhão do Saulo 4,Junho 2026,-,-,25,1.0,1.0,25,BAIXO,Desaceleração/frenagem brusca,[OK] Caminhão do Saulo 4: risco 25 - dentro do esperado.
Caminhão do Bruno,Junho 2026,-,-,29,1.0,1.0,29,MODERADO,Dificuldade da rota,[ATENÇÃO] Caminhão do Bruno: risco 29 - monitorar na próxima vistoria.
Caminhão do Carlos 2,Junho 2026,-,-,56,1.0,1.0,56,ALTO,Estilo de condução,[ALERTA] Caminhão do Carlos 2: risco 56 - agendar inspeção em breve.
Caminhão da Joana 5,Junho 2026,-,-,43,1.0,1.0,43,MODERADO,Desaceleração/frenagem brusca,[ATENÇÃO] Caminhão da Joana 5: risco 43 - monitorar na próxima vistoria.
Caminhão da Bianca 3,Junho 2026,-,-,37,1.0,1.0,37,MODERADO,Desaceleração/frenagem brusca,[ATENÇÃO] Caminhão da Bianca 3: risco 37 - monitorar na próxima vistoria.
Caminhão da Yasmin 2,Junho 2026,-,-,30,1.0,1.0,30,MODERADO,Dificuldade da rota,[ATENÇÃO] Caminhão da Yasmin 2: risco 30 - monitorar na próxima vistoria.
Caminhão da Lúcia 3,Junho 2026,-,-,55,1.0,1.0,55,ALTO,Estilo de condução,[ALERTA] Caminhão da Lúcia 3: risco 55 - agendar inspeção em breve.
Caminhão da Maria 2,Junho 2026,-,-,38,1.0,1.0,38,MODERADO,Desaceleração/frenagem brusca,[ATENÇÃO] Caminhão da Maria 2: risco 38 - monitorar na próxima vistoria.
Caminhão do Nelson 3,Junho 2026,-,-,57,1.0,1.0,57,ALTO,Estilo de condução,[ALERTA] Caminhão do Nelson 3: risco 57 - agendar inspeção em breve.
Caminhão do Diego 3,Junho 2026,-,-,44,1.0,1.0,44,MODERADO,Estilo de condução,[ATENÇÃO] Caminhão do Diego 3: risco 44 - monitorar na próxima vistoria.
Caminhão do Sérgio,Junho 2026,-,-,41,1.0,1.0,41,MODERADO,Estilo de condução,[ATENÇÃO] Caminhão do Sérgio: risco 41 - monitorar na próxima vistoria.
Caminhão da Heloísa 4,Junho 2026,-,-,46,1.0,1.0,46,MODERADO,Estilo de condução,[ATENÇÃO] Caminhão da Heloísa 4: risco 46 - monitorar na próxima vistoria.
Caminhão do Heitor 4,Junho 2026,-,-,42,1.0,1.0,42,MODERADO,Estilo de condução,[ATENÇÃO] Caminhão do Heitor 4: risco 42 - monitorar na próxima vistoria.
Caminhão do Elias,Junho 2026,-,-,29,1.0,1.0,29,MODERADO,Dificuldade da rota,[ATENÇÃO] Caminhão do Elias: risco 29 - monitorar na próxima vistoria.
Caminhão da Wilma 4,Junho 2026,-,-,58,1.0,1.0,58,ALTO,Estilo de condução,[ALERTA] Caminhão da Wilma 4: risco 58 - agendar inspeção em breve.
Caminhão do Davi 4,Junho 2026,-,-,46,1.0,1.0,46,MODERADO,Estilo de condução,[ATENÇÃO] Caminhão do Davi 4: risco 46 - monitorar na próxima vistoria.
Caminhão do Lucas 4,Junho 2026,-,-,31,1.0,1.0,31,MODERADO,Dificuldade da rota,[ATENÇÃO] Caminhão do Lucas 4: risco 31 - monitorar na próxima vistoria.
Caminhão do Lucas 3,Junho 2026,-,-,31,1.0,1.0,31,MODERADO,Estilo de condução,[ATENÇÃO] Caminhão do Lucas 3: risco 31 - monitorar na próxima vistoria.
Caminhão do Tadeu,Junho 2026,-,-,36,1.0,1.0,36,MODERADO,Dificuldade da rota,[ATENÇÃO] Caminhão do Tadeu: risco 36 - monitorar na próxima vistoria.
Caminhão do Lucas 5,Junho 2026,-,-,60,1.0,1.0,60,ALTO,Estilo de condução,[ALERTA] Caminhão do Lucas 5: risco 60 - agendar inspeção em breve.
Caminhão do Vitor,Junho 2026,-,-,53,1.0,1.0,53,ALTO,Estilo de condução,[ALERTA] Caminhão do Vitor: risco 53 - agendar inspeção em breve.
Caminhão da Yasmin 4,Junho 2026,-,-,54,1.0,1.0,54,ALTO,Estilo de condução,[ALERTA] Caminhão da Yasmin 4: risco 54 - agendar inspeção em breve.
Caminhão do André 4,Junho 2026,-,-,51,1.0,1.0,51,ALTO,Estilo de condução,[ALERTA] Caminhão do André 4: risco 51 - agendar inspeção em breve.
Caminhão do Orlando 2,Junho 2026,-,-,53,1.0,1.0,53,ALTO,Estilo de condução,[ALERTA] Caminhão do Orlando 2: risco 53 - agendar inspeção em breve.
Caminhão do Yuri 3,Junho 2026,-,-,34,1.0,1.0,34,MODERADO,Desaceleração/frenagem brusca,[ATENÇÃO] Caminhão do Yuri 3: risco 34 - monitorar na próxima vistoria.
Caminhão da Zilda 3,Junho 2026,-,-,55,1.0,1.0,55,ALTO,Estilo de condução,[ALERTA] Caminhão da Zilda 3: risco 55 - agendar inspeção em breve.
Caminhão do Henrique,Junho 2026,-,-,26,1.0,1.0,26,MODERADO,Desaceleração/frenagem brusca,[ATENÇÃO] Caminhão do Henrique: risco 26 - monitorar na próxima vistoria.
Caminhão do Otávio 5,Junho 2026,-,-,26,1.0,1.0,26,MODERADO,Desaceleração/frenagem brusca,[ATENÇÃO] Caminhão do Otávio 5: risco 26 - monitorar na próxima vistoria.
Caminhão do Daniel 2,Junho 2026,-,-,60,1.0,1.0,60,ALTO,Estilo de condução,[ALERTA] Caminhão do Daniel 2: risco 60 - agendar inspeção em breve.
Caminhão do Fábio 2,Junho 2026,-,-,30,1.0,1.0,30,MODERADO,Dificuldade da rota,[ATENÇÃO] Caminhão do Fábio 2: risco 30 - monitorar na próxima vistoria.
Caminhão do Jorge 5,Junho 2026,-,-,44,1.0,1.0,44,MODERADO,Desaceleração/frenagem brusca,[ATENÇÃO] Caminhão do Jorge 5: risco 44 - monitorar na próxima vistoria.
Caminhão do Rafael 5,Junho 2026,-,-,47,1.0,1.0,47,MODERADO,Desaceleração/frenagem brusca,[ATENÇÃO] Caminhão do Rafael 5: risco 47 - monitorar na próxima vistoria.
Caminhão do Gustavo 2,Junho 2026,-,-,46,1.0,1.0,46,MODERADO,Estilo de condução,[ATENÇÃO] Caminhão do Gustavo 2: risco 46 - monitorar na próxima vistoria.
Caminhão do Joaquim 5,Junho 2026,-,-,60,1.0,1.0,60,ALTO,Estilo de condução,[ALERTA] Caminhão do Joaquim 5: risco 60 - agendar inspeção em breve.
Caminhão do Felipe 5,Junho 2026,-,-,49,1.0,1.0,49,MODERADO,Estilo de condução,[ATENÇÃO] Caminhão do Felipe 5: risco 49 - monitorar na próxima vistoria.
Caminhão do Fernando,Junho 2026,-,-,33,1.0,1.0,33,MODERADO,Desaceleração/frenagem brusca,[ATENÇÃO] Caminhão do Fernando: risco 33 - monitorar na próxima vistoria.
Caminhão da Natália 5,Junho 2026,-,-,35,1.0,1.0,35,MODERADO,Desaceleração/frenagem brusca,[ATENÇÃO] Caminhão da Natália 5: risco 35 - monitorar na próxima vistoria.
Caminhão do Leandro 5,Junho 2026,-,-,30,1.0,1.0,30,MODERADO,Estilo de condução,[ATENÇÃO] Caminhão do Leandro 5: risco 30 - monitorar na próxima vistoria.
Caminhão do Fernando 5,Junho 2026,-,-,43,1.0,1.0,43,MODERADO,Estilo de condução,[ATENÇÃO] Caminhão do Fernando 5: risco 43 - monitorar na próxima vistoria.
Caminhão do Mateus,Junho 2026,-,-,31,1.0,1.0,31,MODERADO,Estilo de condução,[ATENÇÃO] Caminhão do Mateus: risco 31 - monitorar na próxima vistoria.
Caminhão da Nádia 4,Junho 2026,-,-,31,1.0,1.0,31,MODERADO,Desaceleração/frenagem brusca,[ATENÇÃO] Caminhão da Nádia 4: risco 31 - monitorar na próxima vistoria.
Caminhão do Renato 3,Junho 2026,-,-,38,1.0,1.0,38,MODERADO,Desaceleração/frenagem brusca,[ATENÇÃO] Caminhão do Renato 3: risco 38 - monitorar na próxima vistoria.
Caminhão do Bruno 4,Junho 2026,-,-,45,1.0,1.0,45,MODERADO,Desaceleração/frenagem brusca,[ATENÇÃO] Caminhão do Bruno 4: risco 45 - monitorar na próxima vistoria.
Caminhão do Sérgio 2,Junho 2026,-,-,59,1.0,1.0,59,ALTO,Estilo de condução,[ALERTA] Caminhão do Sérgio 2: risco 59 - agendar inspeção em breve.
Caminhão do Rogério 4,Junho 2026,-,-,41,1.0,1.0,41,MODERADO,Desaceleração/frenagem brusca,[ATENÇÃO] Caminhão do Rogério 4: risco 41 - monitorar na próxima vistoria.
Caminhão do Antônio 3,Junho 2026,-,-,57,1.0,1.0,57,ALTO,Estilo de condução,[ALERTA] Caminhão do Antônio 3: risco 57 - agendar inspeção em breve.
Caminhão do Jorge 2,Junho 2026,-,-,41,1.0,1.0,41,MODERADO,Desaceleração/frenagem brusca,[ATENÇÃO] Caminhão do Jorge 2: risco 41 - monitorar na próxima vistoria.
Caminhão da Flávia 3,Junho 2026,-,-,41,1.0,1.0,41,MODERADO,Estilo de condução,[ATENÇÃO] Caminhão da Flávia 3: risco 41 - monitorar na próxima vistoria.
Caminhão do Maurício 5,Junho 2026,-,-,55,1.0,1.0,55,ALTO,Estilo de frenagem,[ALERTA] Caminhão do Maurício 5: risco 55 - agendar inspeção em breve.
Caminhão do Vinícius 2,Junho 2026,-,-,51,1.0,1.0,51,ALTO,Estilo de condução,[ALERTA] Caminhão do Vinícius 2: risco 51 - agendar inspeção em breve.
Caminhão do Leonardo 5,Junho 2026,-,-,35,1.0,1.0,35,MODERADO,Estilo de condução,[ATENÇÃO] Caminhão do Leonardo 5: risco 35 - monitorar na próxima vistoria.
Caminhão do Gustavo 5,Junho 2026,-,-,29,1.0,1.0,29,MODERADO,Estilo de condução,[ATENÇÃO] Caminhão do Gustavo 5: risco 29 - monitorar na próxima vistoria.
Caminhão da Larissa,Junho 2026,-,-,59,1.0,1.0,59,ALTO,Estilo de condução,[ALERTA] Caminhão da Larissa: risco 59 - agendar inspeção em breve.
Caminhão do Joaquim,Junho 2026,-,-,36,1.0,1.0,36,MODERADO,Dificuldade da rota,[ATENÇÃO] Caminhão do Joaquim: risco 36 - monitorar na próxima vistoria.
Caminhão do Yuri 5,Junho 2026,-,-,44,1.0,1.0,44,MODERADO,Dificuldade da rota,[ATENÇÃO] Caminhão do Yuri 5: risco 44 - monitorar na próxima vistoria.
Caminhão do Vinícius,Junho 2026,-,-,45,1.0,1.0,45,MODERADO,Estilo de condução,[ATENÇÃO] Caminhão do Vinícius: risco 45 - monitorar na próxima vistoria.
Caminhão da Helena 2,Junho 2026,-,-,43,1.0,1.0,43,MODERADO,Estilo de condução,[ATENÇÃO] Caminhão da Helena 2: risco 43 - monitorar na próxima vistoria.
Caminhão da Gabriela,Junho 2026,-,-,52,1.0,1.0,52,ALTO,Estilo de condução,[ALERTA] Caminhão da Gabriela: risco 52 - agendar inspeção em breve.
Caminhão do Gustavo 4,Junho 2026,-,-,39,1.0,1.0,39,MODERADO,Dificuldade da rota,[ATENÇÃO] Caminhão do Gustavo 4: risco 39 - monitorar na próxima vistoria.
Caminhão da Nádia 2,Junho 2026,-,-,34,1.0,1.0,34,MODERADO,Desaceleração/frenagem brusca,[ATENÇÃO] Caminhão da Nádia 2: risco 34 - monitorar na próxima vistoria.
Caminhão da Ivone 4,Junho 2026,-,-,44,1.0,1.0,44,MODERADO,Desaceleração/frenagem brusca,[ATENÇÃO] Caminhão da Ivone 4: risco 44 - monitorar na próxima vistoria.
Caminhão da Ivone 3,Junho 2026,-,-,41,1.0,1.0,41,MODERADO,Estilo de condução,[ATENÇÃO] Caminhão da Ivone 3: risco 41 - monitorar na próxima vistoria.
Caminhão do Antônio 2,Junho 2026,-,-,31,1.0,1.0,31,MODERADO,Dificuldade da rota,[ATENÇÃO] Caminhão do Antônio 2: risco 31 - monitorar na próxima vistoria.
Caminhão do Elias 4,Junho 2026,-,-,46,1.0,1.0,46,MODERADO,Desaceleração/frenagem brusca,[ATENÇÃO] Caminhão do Elias 4: risco 46 - monitorar na próxima vistoria.
Caminhão da Sandra 4,Junho 2026,-,-,35,1.0,1.0,35,MODERADO,Desaceleração/frenagem brusca,[ATENÇÃO] Caminhão da Sandra 4: risco 35 - monitorar na próxima vistoria.
Caminhão do Leandro 6,Junho 2026,-,-,49,1.0,1.0,49,MODERADO,Desaceleração/frenagem brusca,[ATENÇÃO] Caminhão do Leandro 6: risco 49 - monitorar na próxima vistoria.
Caminhão da Isabela 2,Junho 2026,-,-,33,1.0,1.0,33,MODERADO,Desaceleração/frenagem brusca,[ATENÇÃO] Caminhão da Isabela 2: risco 33 - monitorar na próxima vistoria.
Caminhão do Gabriel,Junho 2026,-,-,40,1.0,1.0,40,MODERADO,Desaceleração/frenagem brusca,[ATENÇÃO] Caminhão do Gabriel: risco 40 - monitorar na próxima vistoria.
Caminhão do Márcio 6,Junho 2026,-,-,45,1.0,1.0,45,MODERADO,Estilo de frenagem,[ATENÇÃO] Caminhão do Márcio 6: risco 45 - monitorar na próxima vistoria.
Caminhão do Zeca 4,Junho 2026,-,-,28,1.0,1.0,28,MODERADO,Dificuldade da rota,[ATENÇÃO] Caminhão do Zeca 4: risco 28 - monitorar na próxima vistoria.
Caminhão do Leandro 3,Junho 2026,-,-,49,1.0,1.0,49,MODERADO,Estilo de condução,[ATENÇÃO] Caminhão do Leandro 3: risco 49 - monitorar na próxima vistoria.
Caminhão da Juliana,Junho 2026,-,-,37,1.0,1.0,37,MODERADO,Desaceleração/frenagem brusca,[ATENÇÃO] Caminhão da Juliana: risco 37 - monitorar na próxima vistoria.
Caminhão da Larissa 4,Junho 2026,-,-,46,1.0,1.0,46,MODERADO,Desaceleração/frenagem brusca,[ATENÇÃO] Caminhão da Larissa 4: risco 46 - monitorar na próxima vistoria.
Caminhão do André 6,Junho 2026,-,-,37,1.0,1.0,37,MODERADO,Dificuldade da rota,[ATENÇÃO] Caminhão do André 6: risco 37 - monitorar na próxima vistoria.
Caminhão do Valter 2,Junho 2026,-,-,38,1.0,1.0,38,MODERADO,Dificuldade da rota,[ATENÇÃO] Caminhão do Valter 2: risco 38 - monitorar na próxima vistoria.
Caminhão da Beatriz 3,Junho 2026,-,-,51,1.0,1.0,51,ALTO,Estilo de condução,[ALERTA] Caminhão da Beatriz 3: risco 51 - agendar inspeção em breve.
Caminhão do Mateus 4,Junho 2026,-,-,42,1.0,1.0,42,MODERADO,Desaceleração/frenagem brusca,[ATENÇÃO] Caminhão do Mateus 4: risco 42 - monitorar na próxima vistoria.
Caminhão da Juliana 2,Junho 2026,-,-,41,1.0,1.0,41,MODERADO,Estilo de condução,[ATENÇÃO] Caminhão da Juliana 2: risco 41 - monitorar na próxima vistoria.
Caminhão da Beatriz 4,Junho 2026,-,-,57,1.0,1.0,57,ALTO,Estilo de condução,[ALERTA] Caminhão da Beatriz 4: risco 57 - agendar inspeção em breve.
Caminhão do Pablo 3,Junho 2026,-,-,27,1.0,1.0,27,MODERADO,Dificuldade da rota,[ATENÇÃO] Caminhão do Pablo 3: risco 27 - monitorar na próxima vistoria.
Caminhão do Arthur 3,Junho 2026,-,-,41,1.0,1.0,41,MODERADO,Desaceleração/frenagem brusca,[ATENÇÃO] Caminhão do Arthur 3: risco 41 - monitorar na próxima vistoria.
Caminhão do João,Junho 2026,-,-,31,1.0,1.0,31,MODERADO,Desaceleração/frenagem brusca,[ATENÇÃO] Caminhão do João: risco 31 - monitorar na próxima vistoria.
Caminhão da Maria 3,Junho 2026,-,-,50,1.0,1.0,50,MODERADO,Estilo de condução,[ATENÇÃO] Caminhão da Maria 3: risco 50 - monitorar na próxima vistoria.
Caminhão da Raquel 3,Junho 2026,-,-,42,1.0,1.0,42,MODERADO,Dificuldade da rota,[ATENÇÃO] Caminhão da Raquel 3: risco 42 - monitorar na próxima vistoria.
Caminhão do Alexandre 5,Junho 2026,-,-,40,1.0,1.0,40,MODERADO,Dificuldade da rota,[ATENÇÃO] Caminhão do Alexandre 5: risco 40 - monitorar na próxima vistoria.
Caminhão da Raquel,Junho 2026,-,-,50,1.0,1.0,50,MODERADO,Estilo de condução,[ATENÇÃO] Caminhão da Raquel: risco 50 - monitorar na próxima vistoria.
Caminhão do Mateus 6,Junho 2026,-,-,42,1.0,1.0,42,MODERADO,Desaceleração/frenagem brusca,[ATENÇÃO] Caminhão do Mateus 6: risco 42 - monitorar na próxima vistoria.
Caminhão da Bianca 4,Junho 2026,-,-,39,1.0,1.0,39,MODERADO,Dificuldade da rota,[ATENÇÃO] Caminhão da Bianca 4: risco 39 - monitorar na próxima vistoria.
Caminhão do Vitor 5,Junho 2026,-,-,38,1.0,1.0,38,MODERADO,Dificuldade da rota,[ATENÇÃO] Caminhão do Vitor 5: risco 38 - monitorar na próxima vistoria.
Caminhão da Olívia 2,Junho 2026,-,-,43,1.0,1.0,43,MODERADO,Desaceleração/frenagem brusca,[ATENÇÃO] Caminhão da Olívia 2: risco 43 - monitorar na próxima vistoria.
Caminhão do Marcelo,Junho 2026,-,-,39,1.0,1.0,39,MODERADO,Desaceleração/frenagem brusca,[ATENÇÃO] Caminhão do Marcelo: risco 39 - monitorar na próxima vistoria.
Caminhão da Flávia 2,Junho 2026,-,-,34,1.0,1.0,34,MODERADO,Desaceleração/frenagem brusca,[ATENÇÃO] Caminhão da Flávia 2: risco 34 - monitorar na próxima vistoria.
Caminhão do Ricardo 5,Junho 2026,-,-,37,1.0,1.0,37,MODERADO,Desaceleração/frenagem brusca,[ATENÇÃO] Caminhão do Ricardo 5: risco 37 - monitorar na próxima vistoria.
Caminhão da Olívia 3,Junho 2026,-,-,44,1.0,1.0,44,MODERADO,Estilo de condução,[ATENÇÃO] Caminhão da Olívia 3: risco 44 - monitorar na próxima vistoria.
Caminhão do Felipe 2,Junho 2026,-,-,58,1.0,1.0,58,ALTO,Estilo de condução,[ALERTA] Caminhão do Felipe 2: risco 58 - agendar inspeção em breve.
Caminhão do Bruno 2,Junho 2026,-,-,37,1.0,1.0,37,MODERADO,Desaceleração/frenagem brusca,[ATENÇÃO] Caminhão do Bruno 2: risco 37 - monitorar na próxima vistoria.
Caminhão do Rogério 2,Junho 2026,-,-,60,1.0,1.0,60,ALTO,Estilo de condução,[ALERTA] Caminhão do Rogério 2: risco 60 - agendar inspeção em breve.
Caminhão do Tadeu 2,Junho 2026,-,-,39,1.0,1.0,39,MODERADO,Dificuldade da rota,[ATENÇÃO] Caminhão do Tadeu 2: risco 39 - monitorar na próxima vistoria.
Caminhão do Lucas 6,Junho 2026,-,-,29,1.0,1.0,29,MODERADO,Dificuldade da rota,[ATENÇÃO] Caminhão do Lucas 6: risco 29 - monitorar na próxima vistoria.
Caminhão da Mariana,Junho 2026,-,-,39,1.0,1.0,39,MODERADO,Estilo de condução,[ATENÇÃO] Caminhão da Mariana: risco 39 - monitorar na próxima vistoria.
Caminhão do Roberto,Junho 2026,-,-,46,1.0,1.0,46,MODERADO,Estilo de condução,[ATENÇÃO] Caminhão do Roberto: risco 46 - monitorar na próxima vistoria.
Caminhão da Joana,Junho 2026,-,-,49,1.0,1.0,49,MODERADO,Desaceleração/frenagem brusca,[ATENÇÃO] Caminhão da Joana: risco 49 - monitorar na próxima vistoria.
Caminhão do Francisco,Junho 2026,-,-,39,1.0,1.0,39,MODERADO,Estilo de condução,[ATENÇÃO] Caminhão do Francisco: risco 39 - monitorar na próxima vistoria.
Caminhão da Raquel 2,Junho 2026,-,-,40,1.0,1.0,40,MODERADO,Estilo de condução,[ATENÇÃO] Caminhão da Raquel 2: risco 40 - monitorar na próxima vistoria.
Caminhão da Carla 4,Junho 2026,-,-,42,1.0,1.0,42,MODERADO,Estilo de condução,[ATENÇÃO] Caminhão da Carla 4: risco 42 - monitorar na próxima vistoria.
Caminhão do Jorge,Junho 2026,-,-,38,1.0,1.0,38,MODERADO,Dificuldade da rota,[ATENÇÃO] Caminhão do Jorge: risco 38 - monitorar na próxima vistoria.
Caminhão do Saulo 3,Junho 2026,-,-,48,1.0,1.0,48,MODERADO,Estilo de condução,[ATENÇÃO] Caminhão do Saulo 3: risco 48 - monitorar na próxima vistoria.
Caminhão do Joaquim 4,Junho 2026,-,-,43,1.0,1.0,43,MODERADO,Desaceleração/frenagem brusca,[ATENÇÃO] Caminhão do Joaquim 4: risco 43 - monitorar na próxima vistoria.
Caminhão do Vitor 4,Junho 2026,-,-,37,1.0,1.0,37,MODERADO,Dificuldade da rota,[ATENÇÃO] Caminhão do Vitor 4: risco 37 - monitorar na próxima vistoria.
Caminhão do Vinícius 5,Junho 2026,-,-,43,1.0,1.0,43,MODERADO,Estilo de condução,[ATENÇÃO] Caminhão do Vinícius 5: risco 43 - monitorar na próxima vistoria.
Caminhão da Camila 3,Junho 2026,-,-,36,1.0,1.0,36,MODERADO,Desaceleração/frenagem brusca,[ATENÇÃO] Caminhão da Camila 3: risco 36 - monitorar na próxima vistoria.
Caminhão do Alexandre 2,Junho 2026,-,-,37,1.0,1.0,37,MODERADO,Dificuldade da rota,[ATENÇÃO] Caminhão do Alexandre 2: risco 37 - monitorar na próxima vistoria.
Caminhão da Bianca 5,Junho 2026,-,-,38,1.0,1.0,38,MODERADO,Desaceleração/frenagem brusca,[ATENÇÃO] Caminhão da Bianca 5: risco 38 - monitorar na próxima vistoria.
Caminhão da Marta 3,Junho 2026,-,-,39,1.0,1.0,39,MODERADO,Desaceleração/frenagem brusca,[ATENÇÃO] Caminhão da Marta 3: risco 39 - monitorar na próxima vistoria.
Caminhão da Priscila 2,Junho 2026,-,-,35,1.0,1.0,35,MODERADO,Desaceleração/frenagem brusca,[ATENÇÃO] Caminhão da Priscila 2: risco 35 - monitorar na próxima vistoria.
Caminhão da Karina 2,Junho 2026,-,-,34,1.0,1.0,34,MODERADO,Estilo de condução,[ATENÇÃO] Caminhão da Karina 2: risco 34 - monitorar na próxima vistoria.
Caminhão do Otávio 3,Junho 2026,-,-,43,1.0,1.0,43,MODERADO,Estilo de condução,[ATENÇÃO] Caminhão do Otávio 3: risco 43 - monitorar na próxima vistoria.
Caminhão da Lúcia,Junho 2026,-,-,46,1.0,1.0,46,MODERADO,Estilo de condução,[ATENÇÃO] Caminhão da Lúcia: risco 46 - monitorar na próxima vistoria.
Caminhão do Ícaro 4,Junho 2026,-,-,39,1.0,1.0,39,MODERADO,Desaceleração/frenagem brusca,[ATENÇÃO] Caminhão do Ícaro 4: risco 39 - monitorar na próxima vistoria.
Caminhão do Marcelo 2,Junho 2026,-,-,34,1.0,1.0,34,MODERADO,Desaceleração/frenagem brusca,[ATENÇÃO] Caminhão do Marcelo 2: risco 34 - monitorar na próxima vistoria.
Caminhão do Cristiano 2,Junho 2026,-,-,37,1.0,1.0,37,MODERADO,Desaceleração/frenagem brusca,[ATENÇÃO] Caminhão do Cristiano 2: risco 37 - monitorar na próxima vistoria.
Caminhão do José 3,Junho 2026,-,-,45,1.0,1.0,45,MODERADO,Estilo de condução,[ATENÇÃO] Caminhão do José 3: risco 45 - monitorar na próxima vistoria.
Caminhão do Heitor,Junho 2026,-,-,39,1.0,1.0,39,MODERADO,Estilo de condução,[ATENÇÃO] Caminhão do Heitor: risco 39 - monitorar na próxima vistoria.
Caminhão do Rodrigo,Junho 2026,-,-,51,1.0,1.0,51,ALTO,Estilo de condução,[ALERTA] Caminhão do Rodrigo: risco 51 - agendar inspeção em breve.
Caminhão do Rafael,Junho 2026,-,-,35,1.0,1.0,35,MODERADO,Dificuldade da rota,[ATENÇÃO] Caminhão do Rafael: risco 35 - monitorar na próxima vistoria.
Caminhão da Eliana 5,Junho 2026,-,-,42,1.0,1.0,42,MODERADO,Dificuldade da rota,[ATENÇÃO] Caminhão da Eliana 5: risco 42 - monitorar na próxima vistoria.
Caminhão do Wagner 3,Junho 2026,-,-,39,1.0,1.0,39,MODERADO,Desaceleração/frenagem brusca,[ATENÇÃO] Caminhão do Wagner 3: risco 39 - monitorar na próxima vistoria.
Caminhão do Diego 4,Junho 2026,-,-,58,1.0,1.0,58,ALTO,Estilo de condução,[ALERTA] Caminhão do Diego 4: risco 58 - agendar inspeção em breve.
Caminhão da Isabela 4,Junho 2026,-,-,34,1.0,1.0,34,MODERADO,Desaceleração/frenagem brusca,[ATENÇÃO] Caminhão da Isabela 4: risco 34 - monitorar na próxima vistoria.
Caminhão do Bruno 5,Junho 2026,-,-,48,1.0,1.0,48,MODERADO,Estilo de condução,[ATENÇÃO] Caminhão do Bruno 5: risco 48 - monitorar na próxima vistoria.
Caminhão da Vanessa 3,Junho 2026,-,-,39,1.0,1.0,39,MODERADO,Dificuldade da rota,[ATENÇÃO] Caminhão da Vanessa 3: risco 39 - monitorar na próxima vistoria.
Caminhão do Paulo 3,Junho 2026,-,-,34,1.0,1.0,34,MODERADO,Dificuldade da rota,[ATENÇÃO] Caminhão do Paulo 3: risco 34 - monitorar na próxima vistoria.
Caminhão do Joaquim 3,Junho 2026,-,-,37,1.0,1.0,37,MODERADO,Estilo de condução,[ATENÇÃO] Caminhão do Joaquim 3: risco 37 - monitorar na próxima vistoria.
Caminhão do Carlos 3,Junho 2026,-,-,58,1.0,1.0,58,ALTO,Estilo de condução,[ALERTA] Caminhão do Carlos 3: risco 58 - agendar inspeção em breve.
Caminhão da Clotilde 4,Junho 2026,-,-,50,1.0,1.0,50,MODERADO,Estilo de condução,[ATENÇÃO] Caminhão da Clotilde 4: risco 50 - monitorar na próxima vistoria.
Caminhão do Leandro 2,Junho 2026,-,-,29,1.0,1.0,29,MODERADO,Dificuldade da rota,[ATENÇÃO] Caminhão do Leandro 2: risco 29 - monitorar na próxima vistoria.
Caminhão do Mateus 2,Junho 2026,-,-,36,1.0,1.0,36,MODERADO,Desaceleração/frenagem brusca,[ATENÇÃO] Caminhão do Mateus 2: risco 36 - monitorar na próxima vistoria.
Caminhão do Davi 3,Junho 2026,-,-,39,1.0,1.0,39,MODERADO,Desaceleração/frenagem brusca,[ATENÇÃO] Caminhão do Davi 3: risco 39 - monitorar na próxima vistoria.
Caminhão do Eduardo,Junho 2026,-,-,56,1.0,1.0,56,ALTO,Estilo de condução,[ALERTA] Caminhão do Eduardo: risco 56 - agendar inspeção em breve.
Caminhão da Renata 4,Junho 2026,-,-,32,1.0,1.0,32,MODERADO,Dificuldade da rota,[ATENÇÃO] Caminhão da Renata 4: risco 32 - monitorar na próxima vistoria.
Caminhão do Gabriel 4,Junho 2026,-,-,40,1.0,1.0,40,MODERADO,Desaceleração/frenagem brusca,[ATENÇÃO] Caminhão do Gabriel 4: risco 40 - monitorar na próxima vistoria.
Caminhão do Benedito 4,Junho 2026,-,-,39,1.0,1.0,39,MODERADO,Estilo de condução,[ATENÇÃO] Caminhão do Benedito 4: risco 39 - monitorar na próxima vistoria.
Caminhão da Ana 5,Junho 2026,-,-,61,1.0,1.0,61,ALTO,Estilo de condução,[ALERTA] Caminhão da Ana 5: risco 61 - agendar inspeção em breve.
Caminhão da Karina 4,Junho 2026,-,-,27,1.0,1.0,27,MODERADO,Dificuldade da rota,[ATENÇÃO] Caminhão da Karina 4: risco 27 - monitorar na próxima vistoria.
Caminhão da Carla 5,Junho 2026,-,-,44,1.0,1.0,44,MODERADO,Estilo de frenagem,[ATENÇÃO] Caminhão da Carla 5: risco 44 - monitorar na próxima vistoria.
Caminhão do Rafael 6,Junho 2026,-,-,39,1.0,1.0,39,MODERADO,Estilo de condução,[ATENÇÃO] Caminhão do Rafael 6: risco 39 - monitorar na próxima vistoria.
Caminhão do Fábio 3,Junho 2026,-,-,22,1.0,1.0,22,BAIXO,Dificuldade da rota,[OK] Caminhão do Fábio 3: risco 22 - dentro do esperado.
Caminhão do Fábio 5,Junho 2026,-,-,52,1.0,1.0,52,ALTO,Estilo de condução,[ALERTA] Caminhão do Fábio 5: risco 52 - agendar inspeção em breve.
Caminhão da Yasmin 3,Junho 2026,-,-,24,1.0,1.0,24,BAIXO,Dificuldade da rota,[OK] Caminhão da Yasmin 3: risco 24 - dentro do esperado.
Caminhão da Joana 2,Junho 2026,-,-,43,1.0,1.0,43,MODERADO,Dificuldade da rota,[ATENÇÃO] Caminhão da Joana 2: risco 43 - monitorar na próxima vistoria.
Caminhão da Patrícia 5,Junho 2026,-,-,29,1.0,1.0,29,MODERADO,Desaceleração/frenagem brusca,[ATENÇÃO] Caminhão da Patrícia 5: risco 29 - monitorar na próxima vistoria.
Caminhão do Tadeu 4,Junho 2026,-,-,36,1.0,1.0,36,MODERADO,Desaceleração/frenagem brusca,[ATENÇÃO] Caminhão do Tadeu 4: risco 36 - monitorar na próxima vistoria.
Caminhão do Antônio 5,Junho 2026,-,-,37,1.0,1.0,37,MODERADO,Estilo de condução,[ATENÇÃO] Caminhão do Antônio 5: risco 37 - monitorar na próxima vistoria.
Caminhão do Henrique 2,Junho 2026,-,-,34,1.0,1.0,34,MODERADO,Desaceleração/frenagem brusca,[ATENÇÃO] Caminhão do Henrique 2: risco 34 - monitorar na próxima vistoria.
Caminhão da Teresa 4,Junho 2026,-,-,31,1.0,1.0,31,MODERADO,Dificuldade da rota,[ATENÇÃO] Caminhão da Teresa 4: risco 31 - monitorar na próxima vistoria.
Caminhão da Yasmin 5,Junho 2026,-,-,37,1.0,1.0,37,MODERADO,Desaceleração/frenagem brusca,[ATENÇÃO] Caminhão da Yasmin 5: risco 37 - monitorar na próxima vistoria.
Caminhão do Márcio 2,Junho 2026,-,-,36,1.0,1.0,36,MODERADO,Dificuldade da rota,[ATENÇÃO] Caminhão do Márcio 2: risco 36 - monitorar na próxima vistoria.
Caminhão da Gabriela 5,Junho 2026,-,-,48,1.0,1.0,48,MODERADO,Estilo de condução,[ATENÇÃO] Caminhão da Gabriela 5: risco 48 - monitorar na próxima vistoria.
Caminhão do Joaquim 2,Junho 2026,-,-,50,1.0,1.0,50,MODERADO,Estilo de condução,[ATENÇÃO] Caminhão do Joaquim 2: risco 50 - monitorar na próxima vistoria.
Caminhão do Daniel 5,Junho 2026,-,-,29,1.0,1.0,29,MODERADO,Dificuldade da rota,[ATENÇÃO] Caminhão do Daniel 5: risco 29 - monitorar na próxima vistoria.
Caminhão do Henrique 6,Junho 2026,-,-,34,1.0,1.0,34,MODERADO,Dificuldade da rota,[ATENÇÃO] Caminhão do Henrique 6: risco 34 - monitorar na próxima vistoria.
Caminhão do Maurício,Junho 2026,-,-,45,1.0,1.0,45,MODERADO,Estilo de condução,[ATENÇÃO] Caminhão do Maurício: risco 45 - monitorar na próxima vistoria.
Caminhão do Miguel 6,Junho 2026,-,-,43,1.0,1.0,43,MODERADO,Dificuldade da rota,[ATENÇÃO] Caminhão do Miguel 6: risco 43 - monitorar na próxima vistoria.
Caminhão do Luiz 6,Junho 2026,-,-,51,1.0,1.0,51,ALTO,Estilo de condução,[ALERTA] Caminhão do Luiz 6: risco 51 - agendar inspeção em breve.
Caminhão da Talita 2,Junho 2026,-,-,47,1.0,1.0,47,MODERADO,Estilo de condução,[ATENÇÃO] Caminhão da Talita 2: risco 47 - monitorar na próxima vistoria.
Caminhão do Benedito 3,Junho 2026,-,-,60,1.0,1.0,60,ALTO,Estilo de condução,[ALERTA] Caminhão do Benedito 3: risco 60 - agendar inspeção em breve.
Caminhão da Valéria 3,Junho 2026,-,-,46,1.0,1.0,46,MODERADO,Estilo de condução,[ATENÇÃO] Caminhão da Valéria 3: risco 46 - monitorar na próxima vistoria.
Caminhão do Wagner 5,Junho 2026,-,-,34,1.0,1.0,34,MODERADO,Dificuldade da rota,[ATENÇÃO] Caminhão do Wagner 5: risco 34 - monitorar na próxima vistoria.
Caminhão do Fernando 2,Junho 2026,-,-,43,1.0,1.0,43,MODERADO,Estilo de condução,[ATENÇÃO] Caminhão do Fernando 2: risco 43 - monitorar na próxima vistoria.
Caminhão da Zilda 5,Junho 2026,-,-,40,1.0,1.0,40,MODERADO,Desaceleração/frenagem brusca,[ATENÇÃO] Caminhão da Zilda 5: risco 40 - monitorar na próxima vistoria.
Caminhão do Tiago 2,Junho 2026,-,-,57,1.0,1.0,57,ALTO,Estilo de condução,[ALERTA] Caminhão do Tiago 2: risco 57 - agendar inspeção em breve.
Caminhão do Antônio,Junho 2026,-,-,49,1.0,1.0,49,MODERADO,Estilo de condução,[ATENÇÃO] Caminhão do Antônio: risco 49 - monitorar na próxima vistoria.
Caminhão do José 5,Junho 2026,-,-,52,1.0,1.0,52,ALTO,Estilo de condução,[ALERTA] Caminhão do José 5: risco 52 - agendar inspeção em breve.
Caminhão do Gabriel 5,Junho 2026,-,-,39,1.0,1.0,39,MODERADO,Estilo de condução,[ATENÇÃO] Caminhão do Gabriel 5: risco 39 - monitorar na próxima vistoria.
Caminhão do Rodrigo 3,Junho 2026,-,-,31,1.0,1.0,31,MODERADO,Estilo de condução,[ATENÇÃO] Caminhão do Rodrigo 3: risco 31 - monitorar na próxima vistoria.
Caminhão do Davi,Junho 2026,-,-,31,1.0,1.0,31,MODERADO,Desaceleração/frenagem brusca,[ATENÇÃO] Caminhão do Davi: risco 31 - monitorar na próxima vistoria.
Caminhão do Caio 2,Junho 2026,-,-,43,1.0,1.0,43,MODERADO,Estilo de condução,[ATENÇÃO] Caminhão do Caio 2: risco 43 - monitorar na próxima vistoria.
Caminhão do Nelson 4,Junho 2026,-,-,24,1.0,1.0,24,BAIXO,Dificuldade da rota,[OK] Caminhão do Nelson 4: risco 24 - dentro do esperado.
Caminhão do Marcelo 4,Junho 2026,-,-,44,1.0,1.0,44,MODERADO,Desaceleração/frenagem brusca,[ATENÇÃO] Caminhão do Marcelo 4: risco 44 - monitorar na próxima vistoria.
Caminhão da Clotilde 2,Junho 2026,-,-,46,1.0,1.0,46,MODERADO,Desaceleração/frenagem brusca,[ATENÇÃO] Caminhão da Clotilde 2: risco 46 - monitorar na próxima vistoria.
Caminhão da Olívia,Junho 2026,-,-,39,1.0,1.0,39,MODERADO,Desaceleração/frenagem brusca,[ATENÇÃO] Caminhão da Olívia: risco 39 - monitorar na próxima vistoria.
Caminhão do Paulo 2,Junho 2026,-,-,37,1.0,1.0,37,MODERADO,Desaceleração/frenagem brusca,[ATENÇÃO] Caminhão do Paulo 2: risco 37 - monitorar na próxima vistoria.
Caminhão da Flávia 5,Junho 2026,-,-,27,1.0,1.0,27,MODERADO,Estilo de condução,[ATENÇÃO] Caminhão da Flávia 5: risco 27 - monitorar na próxima vistoria.
Caminhão da Bianca 2,Junho 2026,-,-,49,1.0,1.0,49,MODERADO,Desaceleração/frenagem brusca,[ATENÇÃO] Caminhão da Bianca 2: risco 49 - monitorar na próxima vistoria.
Caminhão da Zilda 4,Junho 2026,-,-,35,1.0,1.0,35,MODERADO,Estilo de condução,[ATENÇÃO] Caminhão da Zilda 4: risco 35 - monitorar na próxima vistoria.
Caminhão do Felipe 4,Junho 2026,-,-,29,1.0,1.0,29,MODERADO,Dificuldade da rota,[ATENÇÃO] Caminhão do Felipe 4: risco 29 - monitorar na próxima vistoria.
Caminhão do Vitor 3,Junho 2026,-,-,40,1.0,1.0,40,MODERADO,Desaceleração/frenagem brusca,[ATENÇÃO] Caminhão do Vitor 3: risco 40 - monitorar na próxima vistoria.
Caminhão do Ricardo 6,Junho 2026,-,-,23,1.0,1.0,23,BAIXO,Dificuldade da rota,[OK] Caminhão do Ricardo 6: risco 23 - dentro do esperado.
Caminhão do Rodrigo 6,Junho 2026,-,-,53,1.0,1.0,53,ALTO,Estilo de condução,[ALERTA] Caminhão do Rodrigo 6: risco 53 - agendar inspeção em breve.
Caminhão da Isabela,Junho 2026,-,-,34,1.0,1.0,34,MODERADO,Dificuldade da rota,[ATENÇÃO] Caminhão da Isabela: risco 34 - monitorar na próxima vistoria.
Caminhão do Bruno 3,Junho 2026,-,-,54,1.0,1.0,54,ALTO,Estilo de condução,[ALERTA] Caminhão do Bruno 3: risco 54 - agendar inspeção em breve.
Caminhão da Érica 4,Junho 2026,-,-,48,1.0,1.0,48,MODERADO,Estilo de condução,[ATENÇÃO] Caminhão da Érica 4: risco 48 - monitorar na próxima vistoria.
Caminhão do Eduardo 6,Junho 2026,-,-,25,1.0,1.0,25,BAIXO,Desaceleração/frenagem brusca,[OK] Caminhão do Eduardo 6: risco 25 - dentro do esperado.
Caminhão do Gilberto,Junho 2026,-,-,52,1.0,1.0,52,ALTO,Estilo de condução,[ALERTA] Caminhão do Gilberto: risco 52 - agendar inspeção em breve.
Caminhão da Valéria 4,Junho 2026,-,-,41,1.0,1.0,41,MODERADO,Desaceleração/frenagem brusca,[ATENÇÃO] Caminhão da Valéria 4: risco 41 - monitorar na próxima vistoria.
Caminhão do Luiz,Junho 2026,-,-,35,1.0,1.0,35,MODERADO,Desaceleração/frenagem brusca,[ATENÇÃO] Caminhão do Luiz: risco 35 - monitorar na próxima vistoria.
Caminhão do Rogério 3,Junho 2026,-,-,48,1.0,1.0,48,MODERADO,Estilo de condução,[ATENÇÃO] Caminhão do Rogério 3: risco 48 - monitorar na próxima vistoria.
Caminhão do Valter 5,Junho 2026,-,-,43,1.0,1.0,43,MODERADO,Estilo de condução,[ATENÇÃO] Caminhão do Valter 5: risco 43 - monitorar na próxima vistoria.
Caminhão da Sandra 5,Junho 2026,-,-,54,1.0,1.0,54,ALTO,Estilo de condução,[ALERTA] Caminhão da Sandra 5: risco 54 - agendar inspeção em breve.
Caminhão do Otávio 2,Junho 2026,-,-,56,1.0,1.0,56,ALTO,Estilo de condução,[ALERTA] Caminhão do Otávio 2: risco 56 - agendar inspeção em breve.
Caminhão da Heloísa 3,Junho 2026,-,-,32,1.0,1.0,32,MODERADO,Dificuldade da rota,[ATENÇÃO] Caminhão da Heloísa 3: risco 32 - monitorar na próxima vistoria.
Caminhão do Arthur,Junho 2026,-,-,36,1.0,1.0,36,MODERADO,Desaceleração/frenagem brusca,[ATENÇÃO] Caminhão do Arthur: risco 36 - monitorar na próxima vistoria.
Caminhão do Vinícius 3,Junho 2026,-,-,52,1.0,1.0,52,ALTO,Estilo de condução,[ALERTA] Caminhão do Vinícius 3: risco 52 - agendar inspeção em breve.
Caminhão do Carlos 6,Junho 2026,-,-,28,1.0,1.0,28,MODERADO,Dificuldade da rota,[ATENÇÃO] Caminhão do Carlos 6: risco 28 - monitorar na próxima vistoria.
Caminhão da Daniela 3,Junho 2026,-,-,32,1.0,1.0,32,MODERADO,Estilo de condução,[ATENÇÃO] Caminhão da Daniela 3: risco 32 - monitorar na próxima vistoria.
Caminhão do Gabriel 6,Junho 2026,-,-,50,1.0,1.0,50,MODERADO,Estilo de condução,[ATENÇÃO] Caminhão do Gabriel 6: risco 50 - monitorar na próxima vistoria.
Caminhão do Benedito 5,Junho 2026,-,-,40,1.0,1.0,40,MODERADO,Estilo de condução,[ATENÇÃO] Caminhão do Benedito 5: risco 40 - monitorar na próxima vistoria.
Caminhão da Úrsula 3,Junho 2026,-,-,48,1.0,1.0,48,MODERADO,Estilo de condução,[ATENÇÃO] Caminhão da Úrsula 3: risco 48 - monitorar na próxima vistoria.
Caminhão do Ricardo 4,Junho 2026,-,-,60,1.0,1.0,60,ALTO,Estilo de condução,[ALERTA] Caminhão do Ricardo 4: risco 60 - agendar inspeção em breve.
Caminhão da Natália 3,Junho 2026,-,-,38,1.0,1.0,38,MODERADO,Estilo de condução,[ATENÇÃO] Caminhão da Natália 3: risco 38 - monitorar na próxima vistoria.
Caminhão do João 3,Junho 2026,-,-,39,1.0,1.0,39,MODERADO,Estilo de condução,[ATENÇÃO] Caminhão do João 3: risco 39 - monitorar na próxima vistoria.
Caminhão da Ana 3,Junho 2026,-,-,29,1.0,1.0,29,MODERADO,Dificuldade da rota,[ATENÇÃO] Caminhão da Ana 3: risco 29 - monitorar na próxima vistoria.
Caminhão da Marta,Junho 2026,-,-,45,1.0,1.0,45,MODERADO,Estilo de condução,[ATENÇÃO] Caminhão da Marta: risco 45 - monitorar na próxima vistoria.
Caminhão do Arthur 2,Junho 2026,-,-,48,1.0,1.0,48,MODERADO,Estilo de condução,[ATENÇÃO] Caminhão do Arthur 2: risco 48 - monitorar na próxima vistoria.
Caminhão do Tiago 3,Junho 2026,-,-,34,1.0,1.0,34,MODERADO,Dificuldade da rota,[ATENÇÃO] Caminhão do Tiago 3: risco 34 - monitorar na próxima vistoria.
Caminhão do Eduardo 2,Junho 2026,-,-,55,1.0,1.0,55,ALTO,Estilo de frenagem,[ALERTA] Caminhão do Eduardo 2: risco 55 - agendar inspeção em breve.
Caminhão do Tadeu 3,Junho 2026,-,-,37,1.0,1.0,37,MODERADO,Desaceleração/frenagem brusca,[ATENÇÃO] Caminhão do Tadeu 3: risco 37 - monitorar na próxima vistoria.
Caminhão do Fernando 6,Junho 2026,-,-,31,1.0,1.0,31,MODERADO,Desaceleração/frenagem brusca,[ATENÇÃO] Caminhão do Fernando 6: risco 31 - monitorar na próxima vistoria.
Caminhão do Diego,Junho 2026,-,-,25,1.0,1.0,25,BAIXO,Desaceleração/frenagem brusca,[OK] Caminhão do Diego: risco 25 - dentro do esperado.
Caminhão do Antônio 6,Junho 2026,-,-,37,1.0,1.0,37,MODERADO,Estilo de condução,[ATENÇÃO] Caminhão do Antônio 6: risco 37 - monitorar na próxima vistoria.
Caminhão da Maria 5,Junho 2026,-,-,40,1.0,1.0,40,MODERADO,Desaceleração/frenagem brusca,[ATENÇÃO] Caminhão da Maria 5: risco 40 - monitorar na próxima vistoria.
Caminhão da Eliana 4,Junho 2026,-,-,46,1.0,1.0,46,MODERADO,Desaceleração/frenagem brusca,[ATENÇÃO] Caminhão da Eliana 4: risco 46 - monitorar na próxima vistoria.
Caminhão da Vanessa 2,Junho 2026,-,-,27,1.0,1.0,27,MODERADO,Dificuldade da rota,[ATENÇÃO] Caminhão da Vanessa 2: risco 27 - monitorar na próxima vistoria.
Caminhão da Eliana,Junho 2026,-,-,44,1.0,1.0,44,MODERADO,Estilo de condução,[ATENÇÃO] Caminhão da Eliana: risco 44 - monitorar na próxima vistoria.
Caminhão do Wagner 2,Junho 2026,-,-,36,1.0,1.0,36,MODERADO,Dificuldade da rota,[ATENÇÃO] Caminhão do Wagner 2: risco 36 - monitorar na próxima vistoria.
Caminhão da Sabrina 3,Junho 2026,-,-,47,1.0,1.0,47,MODERADO,Estilo de condução,[ATENÇÃO] Caminhão da Sabrina 3: risco 47 - monitorar na próxima vistoria.
Caminhão do Orlando 5,Junho 2026,-,-,27,1.0,1.0,27,MODERADO,Desaceleração/frenagem brusca,[ATENÇÃO] Caminhão do Orlando 5: risco 27 - monitorar na próxima vistoria.
Caminhão do Roberto 4,Junho 2026,-,-,39,1.0,1.0,39,MODERADO,Desaceleração/frenagem brusca,[ATENÇÃO] Caminhão do Roberto 4: risco 39 - monitorar na próxima vistoria.
Caminhão do Pedro 2,Junho 2026,-,-,36,1.0,1.0,36,MODERADO,Dificuldade da rota,[ATENÇÃO] Caminhão do Pedro 2: risco 36 - monitorar na próxima vistoria.
Caminhão da Gabriela 3,Junho 2026,-,-,28,1.0,1.0,28,MODERADO,Dificuldade da rota,[ATENÇÃO] Caminhão da Gabriela 3: risco 28 - monitorar na próxima vistoria.
Caminhão da Camila,Junho 2026,-,-,21,1.0,1.0,21,BAIXO,Estilo de condução,[OK] Caminhão da Camila: risco 21 - dentro do esperado.
Caminhão da Flávia,Junho 2026,-,-,26,1.0,1.0,26,MODERADO,Dificuldade da rota,[ATENÇÃO] Caminhão da Flávia: risco 26 - monitorar na próxima vistoria.
Caminhão do José,Junho 2026,-,-,36,1.0,1.0,36,MODERADO,Dificuldade da rota,[ATENÇÃO] Caminhão do José: risco 36 - monitorar na próxima vistoria.
Caminhão do Leonardo 4,Junho 2026,-,-,38,1.0,1.0,38,MODERADO,Desaceleração/frenagem brusca,[ATENÇÃO] Caminhão do Leonardo 4: risco 38 - monitorar na próxima vistoria.
Caminhão do Leonardo 2,Junho 2026,-,-,30,1.0,1.0,30,MODERADO,Desaceleração/frenagem brusca,[ATENÇÃO] Caminhão do Leonardo 2: risco 30 - monitorar na próxima vistoria.
Caminhão da Adriana 2,Junho 2026,-,-,38,1.0,1.0,38,MODERADO,Desaceleração/frenagem brusca,[ATENÇÃO] Caminhão da Adriana 2: risco 38 - monitorar na próxima vistoria.
Caminhão da Daniela,Junho 2026,-,-,33,1.0,1.0,33,MODERADO,Desaceleração/frenagem brusca,[ATENÇÃO] Caminhão da Daniela: risco 33 - monitorar na próxima vistoria.
Caminhão do Henrique 4,Junho 2026,-,-,38,1.0,1.0,38,MODERADO,Desaceleração/frenagem brusca,[ATENÇÃO] Caminhão do Henrique 4: risco 38 - monitorar na próxima vistoria.
Caminhão do Lucas,Junho 2026,-,-,50,1.0,1.0,50,MODERADO,Estilo de condução,[ATENÇÃO] Caminhão do Lucas: risco 50 - monitorar na próxima vistoria.
Caminhão da Camila 4,Junho 2026,-,-,30,1.0,1.0,30,MODERADO,Desaceleração/frenagem brusca,[ATENÇÃO] Caminhão da Camila 4: risco 30 - monitorar na próxima vistoria.
Caminhão do Valter,Junho 2026,-,-,30,1.0,1.0,30,MODERADO,Dificuldade da rota,[ATENÇÃO] Caminhão do Valter: risco 30 - monitorar na próxima vistoria.
Caminhão do Pedro 3,Junho 2026,-,-,32,1.0,1.0,32,MODERADO,Dificuldade da rota,[ATENÇÃO] Caminhão do Pedro 3: risco 32 - monitorar na próxima vistoria.
Caminhão do Benedito,Junho 2026,-,-,22,1.0,1.0,22,BAIXO,Dificuldade da rota,[OK] Caminhão do Benedito: risco 22 - dentro do esperado.
Caminhão da Mariana 5,Junho 2026,-,-,33,1.0,1.0,33,MODERADO,Desaceleração/frenagem brusca,[ATENÇÃO] Caminhão da Mariana 5: risco 33 - monitorar na próxima vistoria.
Caminhão do Maurício 4,Junho 2026,-,-,43,1.0,1.0,43,MODERADO,Estilo de condução,[ATENÇÃO] Caminhão do Maurício 4: risco 43 - monitorar na próxima vistoria.
Caminhão do Kleber 4,Junho 2026,-,-,36,1.0,1.0,36,MODERADO,Desaceleração/frenagem brusca,[ATENÇÃO] Caminhão do Kleber 4: risco 36 - monitorar na próxima vistoria.
Caminhão do Daniel 3,Junho 2026,-,-,38,1.0,1.0,38,MODERADO,Desaceleração/frenagem brusca,[ATENÇÃO] Caminhão do Daniel 3: risco 38 - monitorar na próxima vistoria.
Caminhão da Flávia 4,Junho 2026,-,-,40,1.0,1.0,40,MODERADO,Desaceleração/frenagem brusca,[ATENÇÃO] Caminhão da Flávia 4: risco 40 - monitorar na próxima vistoria.
Caminhão da Adriana 3,Junho 2026,-,-,37,1.0,1.0,37,MODERADO,Estilo de condução,[ATENÇÃO] Caminhão da Adriana 3: risco 37 - monitorar na próxima vistoria.
Caminhão do Rogério 5,Junho 2026,-,-,51,1.0,1.0,51,ALTO,Estilo de condução,[ALERTA] Caminhão do Rogério 5: risco 51 - agendar inspeção em breve.
Caminhão do Samuel 4,Junho 2026,-,-,51,1.0,1.0,51,ALTO,Estilo de condução,[ALERTA] Caminhão do Samuel 4: risco 51 - agendar inspeção em breve.
Caminhão da Giovana 3,Junho 2026,-,-,35,1.0,1.0,35,MODERADO,Estilo de condução,[ATENÇÃO] Caminhão da Giovana 3: risco 35 - monitorar na próxima vistoria.
Caminhão da Giovana 5,Junho 2026,-,-,46,1.0,1.0,46,MODERADO,Dificuldade da rota,[ATENÇÃO] Caminhão da Giovana 5: risco 46 - monitorar na próxima vistoria.
Caminhão da Carla 2,Junho 2026,-,-,32,1.0,1.0,32,MODERADO,Dificuldade da rota,[ATENÇÃO] Caminhão da Carla 2: risco 32 - monitorar na próxima vistoria.
Caminhão do Bruno 6,Junho 2026,-,-,39,1.0,1.0,39,MODERADO,Dificuldade da rota,[ATENÇÃO] Caminhão do Bruno 6: risco 39 - monitorar na próxima vistoria.
Caminhão do Marcelo 3,Junho 2026,-,-,41,1.0,1.0,41,MODERADO,Dificuldade da rota,[ATENÇÃO] Caminhão do Marcelo 3: risco 41 - monitorar na próxima vistoria.
Caminhão do Orlando 3,Junho 2026,-,-,43,1.0,1.0,43,MODERADO,Estilo de condução,[ATENÇÃO] Caminhão do Orlando 3: risco 43 - monitorar na próxima vistoria.
Caminhão do Francisco 5,Junho 2026,-,-,35,1.0,1.0,35,MODERADO,Dificuldade da rota,[ATENÇÃO] Caminhão do Francisco 5: risco 35 - monitorar na próxima vistoria.
Caminhão do Ricardo 3,Junho 2026,-,-,56,1.0,1.0,56,ALTO,Estilo de condução,[ALERTA] Caminhão do Ricardo 3: risco 56 - agendar inspeção em breve.
Caminhão do Gustavo 6,Junho 2026,-,-,35,1.0,1.0,35,MODERADO,Desaceleração/frenagem brusca,[ATENÇÃO] Caminhão do Gustavo 6: risco 35 - monitorar na próxima vistoria.
Caminhão do Rodrigo 5,Junho 2026,-,-,26,1.0,1.0,26,MODERADO,Desaceleração/frenagem brusca,[ATENÇÃO] Caminhão do Rodrigo 5: risco 26 - monitorar na próxima vistoria.
Caminhão do Tiago 6,Junho 2026,-,-,30,1.0,1.0,30,MODERADO,Estilo de condução,[ATENÇÃO] Caminhão do Tiago 6: risco 30 - monitorar na próxima vistoria.
Caminhão do Kleber 5,Junho 2026,-,-,57,1.0,1.0,57,ALTO,Estilo de condução,[ALERTA] Caminhão do Kleber 5: risco 57 - agendar inspeção em breve.
Caminhão do Tiago 4,Junho 2026,-,-,54,1.0,1.0,54,ALTO,Estilo de condução,[ALERTA] Caminhão do Tiago 4: risco 54 - agendar inspeção em breve.
Caminhão do Márcio 4,Junho 2026,-,-,44,1.0,1.0,44,MODERADO,Estilo de condução,[ATENÇÃO] Caminhão do Márcio 4: risco 44 - monitorar na próxima vistoria.
Caminhão do Carlos 4,Junho 2026,-,-,59,1.0,1.0,59,ALTO,Estilo de condução,[ALERTA] Caminhão do Carlos 4: risco 59 - agendar inspeção em breve.
Caminhão do Mateus 5,Junho 2026,-,-,54,1.0,1.0,54,ALTO,Estilo de condução,[ALERTA] Caminhão do Mateus 5: risco 54 - agendar inspeção em breve.
Caminhão da Talita 4,Junho 2026,-,-,35,1.0,1.0,35,MODERADO,Desaceleração/frenagem brusca,[ATENÇÃO] Caminhão da Talita 4: risco 35 - monitorar na próxima vistoria.
Caminhão do Zeca 3,Junho 2026,-,-,41,1.0,1.0,41,MODERADO,Desaceleração/frenagem brusca,[ATENÇÃO] Caminhão do Zeca 3: risco 41 - monitorar na próxima vistoria.
Caminhão da Renata,Junho 2026,-,-,45,1.0,1.0,45,MODERADO,Desaceleração/frenagem brusca,[ATENÇÃO] Caminhão da Renata: risco 45 - monitorar na próxima vistoria.
Caminhão do Cristiano,Junho 2026,-,-,31,1.0,1.0,31,MODERADO,Dificuldade da rota,[ATENÇÃO] Caminhão do Cristiano: risco 31 - monitorar na próxima vistoria.
Caminhão do Renato,Junho 2026,-,-,52,1.0,1.0,52,ALTO,Estilo de condução,[ALERTA] Caminhão do Renato: risco 52 - agendar inspeção em breve.
Caminhão do Arthur 5,Junho 2026,-,-,49,1.0,1.0,49,MODERADO,Estilo de condução,[ATENÇÃO] Caminhão do Arthur 5: risco 49 - monitorar na próxima vistoria.
Caminhão do Samuel,Junho 2026,-,-,59,1.0,1.0,59,ALTO,Estilo de condução,[ALERTA] Caminhão do Samuel: risco 59 - agendar inspeção em breve.
Caminhão da Patrícia 2,Junho 2026,-,-,38,1.0,1.0,38,MODERADO,Estilo de condução,[ATENÇÃO] Caminhão da Patrícia 2: risco 38 - monitorar na próxima vistoria.
Caminhão do José 2,Junho 2026,-,-,27,1.0,1.0,27,MODERADO,Estilo de condução,[ATENÇÃO] Caminhão do José 2: risco 27 - monitorar na próxima vistoria.
Caminhão do João 4,Junho 2026,-,-,43,1.0,1.0,43,MODERADO,Estilo de condução,[ATENÇÃO] Caminhão do João 4: risco 43 - monitorar na próxima vistoria.
Caminhão do Leonardo 3,Junho 2026,-,-,59,1.0,1.0,59,ALTO,Estilo de condução,[ALERTA] Caminhão do Leonardo 3: risco 59 - agendar inspeção em breve.
Caminhão do João 5,Junho 2026,-,-,28,1.0,1.0,28,MODERADO,Dificuldade da rota,[ATENÇÃO] Caminhão do João 5: risco 28 - monitorar na próxima vistoria.
Caminhão da Daniela 5,Junho 2026,-,-,39,1.0,1.0,39,MODERADO,Estilo de condução,[ATENÇÃO] Caminhão da Daniela 5: risco 39 - monitorar na próxima vistoria.
Caminhão do Davi 2,Junho 2026,-,-,51,1.0,1.0,51,ALTO,Estilo de condução,[ALERTA] Caminhão do Davi 2: risco 51 - agendar inspeção em breve.
Caminhão do Felipe,Junho 2026,-,-,47,1.0,1.0,47,MODERADO,Estilo de condução,[ATENÇÃO] Caminhão do Felipe: risco 47 - monitorar na próxima vistoria.
Caminhão do Ricardo 2,Junho 2026,-,-,41,1.0,1.0,41,MODERADO,Estilo de condução,[ATENÇÃO] Caminhão do Ricardo 2: risco 41 - monitorar na próxima vistoria.
Caminhão da Débora 4,Junho 2026,-,-,35,1.0,1.0,35,MODERADO,Estilo de condução,[ATENÇÃO] Caminhão da Débora 4: risco 35 - monitorar na próxima vistoria.
Caminhão do Wagner,Junho 2026,-,-,51,1.0,1.0,51,ALTO,Estilo de condução,[ALERTA] Caminhão do Wagner: risco 51 - agendar inspeção em breve.
Caminhão do Pablo 2,Junho 2026,-,-,29,1.0,1.0,29,MODERADO,Desaceleração/frenagem brusca,[ATENÇÃO] Caminhão do Pablo 2: risco 29 - monitorar na próxima vistoria.
Caminhão da Érica,Junho 2026,-,-,38,1.0,1.0,38,MODERADO,Desaceleração/frenagem brusca,[ATENÇÃO] Caminhão da Érica: risco 38 - monitorar na próxima vistoria.
Caminhão do Márcio,Junho 2026,-,-,60,1.0,1.0,60,ALTO,Estilo de condução,[ALERTA] Caminhão do Márcio: risco 60 - agendar inspeção em breve.
Caminhão do Marcos 4,Junho 2026,-,-,46,1.0,1.0,46,MODERADO,Desaceleração/frenagem brusca,[ATENÇÃO] Caminhão do Marcos 4: risco 46 - monitorar na próxima vistoria.
Caminhão da Teresa 5,Junho 2026,-,-,30,1.0,1.0,30,MODERADO,Desaceleração/frenagem brusca,[ATENÇÃO] Caminhão da Teresa 5: risco 30 - monitorar na próxima vistoria.
Caminhão da Heloísa 2,Junho 2026,-,-,28,1.0,1.0,28,MODERADO,Dificuldade da rota,[ATENÇÃO] Caminhão da Heloísa 2: risco 28 - monitorar na próxima vistoria.
Caminhão do Nelson 2,Junho 2026,-,-,52,1.0,1.0,52,ALTO,Estilo de condução,[ALERTA] Caminhão do Nelson 2: risco 52 - agendar inspeção em breve.
Caminhão da Joana 4,Junho 2026,-,-,51,1.0,1.0,51,ALTO,Estilo de condução,[ALERTA] Caminhão da Joana 4: risco 51 - agendar inspeção em breve.
Caminhão da Priscila 4,Junho 2026,-,-,20,1.0,1.0,20,BAIXO,Desaceleração/frenagem brusca,[OK] Caminhão da Priscila 4: risco 20 - dentro do esperado.
Caminhão do Roberto 2,Junho 2026,-,-,32,1.0,1.0,32,MODERADO,Dificuldade da rota,[ATENÇÃO] Caminhão do Roberto 2: risco 32 - monitorar na próxima vistoria.
Caminhão do André 3,Junho 2026,-,-,47,1.0,1.0,47,MODERADO,Estilo de condução,[ATENÇÃO] Caminhão do André 3: risco 47 - monitorar na próxima vistoria.
Caminhão do Daniel 6,Junho 2026,-,-,30,1.0,1.0,30,MODERADO,Estilo de condução,[ATENÇÃO] Caminhão do Daniel 6: risco 30 - monitorar na próxima vistoria.
Caminhão da Camila 2,Junho 2026,-,-,41,1.0,1.0,41,MODERADO,Estilo de condução,[ATENÇÃO] Caminhão da Camila 2: risco 41 - monitorar na próxima vistoria.
Caminhão do Maurício 2,Junho 2026,-,-,57,1.0,1.0,57,ALTO,Estilo de condução,[ALERTA] Caminhão do Maurício 2: risco 57 - agendar inspeção em breve.
Caminhão da Olívia 5,Junho 2026,-,-,34,1.0,1.0,34,MODERADO,Desaceleração/frenagem brusca,[ATENÇÃO] Caminhão da Olívia 5: risco 34 - monitorar na próxima vistoria.
Caminhão da Patrícia 4,Junho 2026,-,-,20,1.0,1.0,20,BAIXO,Estilo de condução,[OK] Caminhão da Patrícia 4: risco 20 - dentro do esperado.
Caminhão do Eduardo 4,Junho 2026,-,-,36,1.0,1.0,36,MODERADO,Desaceleração/frenagem brusca,[ATENÇÃO] Caminhão do Eduardo 4: risco 36 - monitorar na próxima vistoria.
Caminhão da Adriana 4,Junho 2026,-,-,33,1.0,1.0,33,MODERADO,Dificuldade da rota,[ATENÇÃO] Caminhão da Adriana 4: risco 33 - monitorar na próxima vistoria.
Caminhão do Otávio,Junho 2026,-,-,30,1.0,1.0,30,MODERADO,Desaceleração/frenagem brusca,[ATENÇÃO] Caminhão do Otávio: risco 30 - monitorar na próxima vistoria.
Caminhão do Wagner 4,Junho 2026,-,-,48,1.0,1.0,48,MODERADO,Estilo de condução,[ATENÇÃO] Caminhão do Wagner 4: risco 48 - monitorar na próxima vistoria.
Caminhão da Priscila 5,Junho 2026,-,-,51,1.0,1.0,51,ALTO,Estilo de condução,[ALERTA] Caminhão da Priscila 5: risco 51 - agendar inspeção em breve.
Caminhão do Gilberto 3,Junho 2026,-,-,53,1.0,1.0,53,ALTO,Estilo de condução,[ALERTA] Caminhão do Gilberto 3: risco 53 - agendar inspeção em breve.
Caminhão da Érica 2,Junho 2026,-,-,38,1.0,1.0,38,MODERADO,Estilo de frenagem,[ATENÇÃO] Caminhão da Érica 2: risco 38 - monitorar na próxima vistoria.
Caminhão do Miguel 2,Junho 2026,-,-,40,1.0,1.0,40,MODERADO,Estilo de condução,[ATENÇÃO] Caminhão do Miguel 2: risco 40 - monitorar na próxima vistoria.
Caminhão da Karina 5,Junho 2026,-,-,45,1.0,1.0,45,MODERADO,Dificuldade da rota,[ATENÇÃO] Caminhão da Karina 5: risco 45 - monitorar na próxima vistoria.
Caminhão do Fernando 3,Junho 2026,-,-,62,1.0,1.0,62,ALTO,Estilo de condução,[ALERTA] Caminhão do Fernando 3: risco 62 - agendar inspeção em breve.
Caminhão do Cristiano 3,Junho 2026,-,-,39,1.0,1.0,39,MODERADO,Estilo de condução,[ATENÇÃO] Caminhão do Cristiano 3: risco 39 - monitorar na próxima vistoria.
Caminhão do Alexandre 3,Junho 2026,-,-,57,1.0,1.0,57,ALTO,Estilo de condução,[ALERTA] Caminhão do Alexandre 3: risco 57 - agendar inspeção em breve.
Caminhão da Larissa 5,Junho 2026,-,-,44,1.0,1.0,44,MODERADO,Estilo de condução,[ATENÇÃO] Caminhão da Larissa 5: risco 44 - monitorar na próxima vistoria.
Caminhão do Sérgio 3,Junho 2026,-,-,28,1.0,1.0,28,MODERADO,Dificuldade da rota,[ATENÇÃO] Caminhão do Sérgio 3: risco 28 - monitorar na próxima vistoria.
Caminhão da Natália 2,Junho 2026,-,-,46,1.0,1.0,46,MODERADO,Estilo de frenagem,[ATENÇÃO] Caminhão da Natália 2: risco 46 - monitorar na próxima vistoria.
Caminhão do Luiz 2,Junho 2026,-,-,36,1.0,1.0,36,MODERADO,Dificuldade da rota,[ATENÇÃO] Caminhão do Luiz 2: risco 36 - monitorar na próxima vistoria.
Caminhão da Daniela 2,Junho 2026,-,-,31,1.0,1.0,31,MODERADO,Dificuldade da rota,[ATENÇÃO] Caminhão da Daniela 2: risco 31 - monitorar na próxima vistoria.
Caminhão do Antônio 4,Junho 2026,-,-,50,1.0,1.0,50,MODERADO,Estilo de condução,[ATENÇÃO] Caminhão do Antônio 4: risco 50 - monitorar na próxima vistoria.
Caminhão do Mateus 3,Junho 2026,-,-,52,1.0,1.0,52,ALTO,Estilo de condução,[ALERTA] Caminhão do Mateus 3: risco 52 - agendar inspeção em breve.
Caminhão do Carlos 5,Junho 2026,-,-,43,1.0,1.0,43,MODERADO,Desaceleração/frenagem brusca,[ATENÇÃO] Caminhão do Carlos 5: risco 43 - monitorar na próxima vistoria.
Caminhão do Arthur 4,Junho 2026,-,-,37,1.0,1.0,37,MODERADO,Estilo de condução,[ATENÇÃO] Caminhão do Arthur 4: risco 37 - monitorar na próxima vistoria.
Caminhão do André 5,Junho 2026,-,-,27,1.0,1.0,27,MODERADO,Desaceleração/frenagem brusca,[ATENÇÃO] Caminhão do André 5: risco 27 - monitorar na próxima vistoria.
Caminhão da Wilma 2,Junho 2026,-,-,50,1.0,1.0,50,MODERADO,Estilo de condução,[ATENÇÃO] Caminhão da Wilma 2: risco 50 - monitorar na próxima vistoria.
Caminhão da Helena 5,Junho 2026,-,-,34,1.0,1.0,34,MODERADO,Dificuldade da rota,[ATENÇÃO] Caminhão da Helena 5: risco 34 - monitorar na próxima vistoria.
Caminhão da Úrsula 4,Junho 2026,-,-,41,1.0,1.0,41,MODERADO,Estilo de condução,[ATENÇÃO] Caminhão da Úrsula 4: risco 41 - monitorar na próxima vistoria.
Caminhão do Sérgio 6,Junho 2026,-,-,37,1.0,1.0,37,MODERADO,Dificuldade da rota,[ATENÇÃO] Caminhão do Sérgio 6: risco 37 - monitorar na próxima vistoria.
Caminhão da Renata 2,Junho 2026,-,-,57,1.0,1.0,57,ALTO,Estilo de condução,[ALERTA] Caminhão da Renata 2: risco 57 - agendar inspeção em breve.
Caminhão da Fernanda 2,Junho 2026,-,-,44,1.0,1.0,44,MODERADO,Estilo de frenagem,[ATENÇÃO] Caminhão da Fernanda 2: risco 44 - monitorar na próxima vistoria.
Caminhão do Rodrigo 2,Junho 2026,-,-,25,1.0,1.0,25,BAIXO,Dificuldade da rota,[OK] Caminhão do Rodrigo 2: risco 25 - dentro do esperado.
Caminhão do Luiz 3,Junho 2026,-,-,38,1.0,1.0,38,MODERADO,Desaceleração/frenagem brusca,[ATENÇÃO] Caminhão do Luiz 3: risco 38 - monitorar na próxima vistoria.
Caminhão do Paulo,Junho 2026,-,-,30,1.0,1.0,30,MODERADO,Dificuldade da rota,[ATENÇÃO] Caminhão do Paulo: risco 30 - monitorar na próxima vistoria.
Caminhão do Ícaro 3,Junho 2026,-,-,46,1.0,1.0,46,MODERADO,Desaceleração/frenagem brusca,[ATENÇÃO] Caminhão do Ícaro 3: risco 46 - monitorar na próxima vistoria.
Caminhão da Valéria 5,Junho 2026,-,-,39,1.0,1.0,39,MODERADO,Dificuldade da rota,[ATENÇÃO] Caminhão da Valéria 5: risco 39 - monitorar na próxima vistoria.
Caminhão do Valter 4,Junho 2026,-,-,52,1.0,1.0,52,ALTO,Estilo de condução,[ALERTA] Caminhão do Valter 4: risco 52 - agendar inspeção em breve.
Caminhão do Ícaro 2,Junho 2026,-,-,55,1.0,1.0,55,ALTO,Estilo de condução,[ALERTA] Caminhão do Ícaro 2: risco 55 - agendar inspeção em breve.
Caminhão da Débora 2,Junho 2026,-,-,62,1.0,1.0,62,ALTO,Estilo de condução,[ALERTA] Caminhão da Débora 2: risco 62 - agendar inspeção em breve.
Caminhão do Henrique 5,Junho 2026,-,-,53,1.0,1.0,53,ALTO,Estilo de condução,[ALERTA] Caminhão do Henrique 5: risco 53 - agendar inspeção em breve.
Caminhão do João 2,Junho 2026,-,-,24,1.0,1.0,24,BAIXO,Desaceleração/frenagem brusca,[OK] Caminhão do João 2: risco 24 - dentro do esperado.
Caminhão do Marcelo 5,Junho 2026,-,-,61,1.0,1.0,61,ALTO,Estilo de frenagem,[ALERTA] Caminhão do Marcelo 5: risco 61 - agendar inspeção em breve.
Caminhão do André 2,Junho 2026,-,-,27,1.0,1.0,27,MODERADO,Dificuldade da rota,[ATENÇÃO] Caminhão do André 2: risco 27 - monitorar na próxima vistoria.
Caminhão da Natália 4,Junho 2026,-,-,53,1.0,1.0,53,ALTO,Estilo de condução,[ALERTA] Caminhão da Natália 4: risco 53 - agendar inspeção em breve.
Caminhão do Francisco 2,Junho 2026,-,-,33,1.0,1.0,33,MODERADO,Dificuldade da rota,[ATENÇÃO] Caminhão do Francisco 2: risco 33 - monitorar na próxima vistoria.
Caminhão da Débora 5,Junho 2026,-,-,32,1.0,1.0,32,MODERADO,Desaceleração/frenagem brusca,[ATENÇÃO] Caminhão da Débora 5: risco 32 - monitorar na próxima vistoria.
Caminhão da Úrsula,Junho 2026,-,-,21,1.0,1.0,21,BAIXO,Estilo de condução,[OK] Caminhão da Úrsula: risco 21 - dentro do esperado.
Caminhão da Mariana 4,Julho 2026,-,-,42,1.0,1.0,42,MODERADO,Estilo de condução,[ATENÇÃO] Caminhão da Mariana 4: risco 42 - monitorar na próxima vistoria.
Caminhão da Mariana 3,Julho 2026,-,-,60,1.0,1.0,60,ALTO,Estilo de condução,[ALERTA] Caminhão da Mariana 3: risco 60 - agendar inspeção em breve.
Caminhão da Úrsula 5,Julho 2026,-,-,48,1.0,1.0,48,MODERADO,Dificuldade da rota,[ATENÇÃO] Caminhão da Úrsula 5: risco 48 - monitorar na próxima vistoria.
Caminhão do Miguel 4,Julho 2026,-,-,43,1.0,1.0,43,MODERADO,Estilo de condução,[ATENÇÃO] Caminhão do Miguel 4: risco 43 - monitorar na próxima vistoria.
Caminhão da Lúcia 5,Julho 2026,-,-,43,1.0,1.0,43,MODERADO,Estilo de condução,[ATENÇÃO] Caminhão da Lúcia 5: risco 43 - monitorar na próxima vistoria.
Caminhão do Ícaro,Julho 2026,-,-,43,1.0,1.0,43,MODERADO,Desaceleração/frenagem brusca,[ATENÇÃO] Caminhão do Ícaro: risco 43 - monitorar na próxima vistoria.
Caminhão da Yasmin,Julho 2026,-,-,42,1.0,1.0,42,MODERADO,Dificuldade da rota,[ATENÇÃO] Caminhão da Yasmin: risco 42 - monitorar na próxima vistoria.
Caminhão do Otávio 5,Julho 2026,-,-,27,1.0,1.0,27,MODERADO,Desaceleração/frenagem brusca,[ATENÇÃO] Caminhão do Otávio 5: risco 27 - monitorar na próxima vistoria.
Caminhão da Talita 3,Julho 2026,-,-,29,1.0,1.0,29,MODERADO,Dificuldade da rota,[ATENÇÃO] Caminhão da Talita 3: risco 29 - monitorar na próxima vistoria.
Caminhão da Érica 3,Julho 2026,-,-,27,1.0,1.0,27,MODERADO,Dificuldade da rota,[ATENÇÃO] Caminhão da Érica 3: risco 27 - monitorar na próxima vistoria.
Caminhão da Heloísa 5,Julho 2026,-,-,41,1.0,1.0,41,MODERADO,Desaceleração/frenagem brusca,[ATENÇÃO] Caminhão da Heloísa 5: risco 41 - monitorar na próxima vistoria.
Caminhão do Francisco 4,Julho 2026,-,-,37,1.0,1.0,37,MODERADO,Desaceleração/frenagem brusca,[ATENÇÃO] Caminhão do Francisco 4: risco 37 - monitorar na próxima vistoria.
Caminhão do Heitor 2,Julho 2026,-,-,64,1.0,1.0,64,ALTO,Estilo de condução,[ALERTA] Caminhão do Heitor 2: risco 64 - agendar inspeção em breve.
Caminhão da Clotilde 3,Julho 2026,-,-,28,1.0,1.0,28,MODERADO,Dificuldade da rota,[ATENÇÃO] Caminhão da Clotilde 3: risco 28 - monitorar na próxima vistoria.
Caminhão do João 6,Julho 2026,-,-,39,1.0,1.0,39,MODERADO,Estilo de condução,[ATENÇÃO] Caminhão do João 6: risco 39 - monitorar na próxima vistoria.
Caminhão do Marcos 6,Julho 2026,-,-,29,1.0,1.0,29,MODERADO,Dificuldade da rota,[ATENÇÃO] Caminhão do Marcos 6: risco 29 - monitorar na próxima vistoria.
Caminhão do Valter 3,Julho 2026,-,-,56,1.0,1.0,56,ALTO,Estilo de condução,[ALERTA] Caminhão do Valter 3: risco 56 - agendar inspeção em breve.
Caminhão do Diego 5,Julho 2026,-,-,54,1.0,1.0,54,ALTO,Estilo de condução,[ALERTA] Caminhão do Diego 5: risco 54 - agendar inspeção em breve.
Caminhão do Márcio 3,Julho 2026,-,-,62,1.0,1.0,62,ALTO,Estilo de condução,[ALERTA] Caminhão do Márcio 3: risco 62 - agendar inspeção em breve.
Caminhão do Yuri 4,Julho 2026,-,-,54,1.0,1.0,54,ALTO,Estilo de frenagem,[ALERTA] Caminhão do Yuri 4: risco 54 - agendar inspeção em breve.
Caminhão do Ricardo 4,Julho 2026,-,-,60,1.0,1.0,60,ALTO,Estilo de condução,[ALERTA] Caminhão do Ricardo 4: risco 60 - agendar inspeção em breve.
Caminhão da Patrícia 3,Julho 2026,-,-,38,1.0,1.0,38,MODERADO,Desaceleração/frenagem brusca,[ATENÇÃO] Caminhão da Patrícia 3: risco 38 - monitorar na próxima vistoria.
Caminhão da Adriana 4,Julho 2026,-,-,46,1.0,1.0,46,MODERADO,Estilo de condução,[ATENÇÃO] Caminhão da Adriana 4: risco 46 - monitorar na próxima vistoria.
Caminhão do Renato 6,Julho 2026,-,-,49,1.0,1.0,49,MODERADO,Estilo de condução,[ATENÇÃO] Caminhão do Renato 6: risco 49 - monitorar na próxima vistoria.
Caminhão da Isabela 5,Julho 2026,-,-,29,1.0,1.0,29,MODERADO,Estilo de condução,[ATENÇÃO] Caminhão da Isabela 5: risco 29 - monitorar na próxima vistoria.
Caminhão do Caio 3,Julho 2026,-,-,31,1.0,1.0,31,MODERADO,Dificuldade da rota,[ATENÇÃO] Caminhão do Caio 3: risco 31 - monitorar na próxima vistoria.
Caminhão do Maurício 3,Julho 2026,-,-,43,1.0,1.0,43,MODERADO,Dificuldade da rota,[ATENÇÃO] Caminhão do Maurício 3: risco 43 - monitorar na próxima vistoria.
Caminhão da Talita,Julho 2026,-,-,54,1.0,1.0,54,ALTO,Estilo de condução,[ALERTA] Caminhão da Talita: risco 54 - agendar inspeção em breve.
Caminhão da Helena 3,Julho 2026,-,-,39,1.0,1.0,39,MODERADO,Estilo de condução,[ATENÇÃO] Caminhão da Helena 3: risco 39 - monitorar na próxima vistoria.
Caminhão do Renato 4,Julho 2026,-,-,44,1.0,1.0,44,MODERADO,Estilo de condução,[ATENÇÃO] Caminhão do Renato 4: risco 44 - monitorar na próxima vistoria.
Caminhão da Priscila,Julho 2026,-,-,51,1.0,1.0,51,ALTO,Estilo de condução,[ALERTA] Caminhão da Priscila: risco 51 - agendar inspeção em breve.
Caminhão da Adriana,Julho 2026,-,-,42,1.0,1.0,42,MODERADO,Desaceleração/frenagem brusca,[ATENÇÃO] Caminhão da Adriana: risco 42 - monitorar na próxima vistoria.
Caminhão da Nádia 5,Julho 2026,-,-,54,1.0,1.0,54,ALTO,Estilo de condução,[ALERTA] Caminhão da Nádia 5: risco 54 - agendar inspeção em breve.
Caminhão do Samuel 3,Julho 2026,-,-,47,1.0,1.0,47,MODERADO,Dificuldade da rota,[ATENÇÃO] Caminhão do Samuel 3: risco 47 - monitorar na próxima vistoria.
Caminhão do Felipe 3,Julho 2026,-,-,47,1.0,1.0,47,MODERADO,Estilo de condução,[ATENÇÃO] Caminhão do Felipe 3: risco 47 - monitorar na próxima vistoria.
Caminhão da Fernanda,Julho 2026,-,-,18,1.0,1.0,18,BAIXO,Dificuldade da rota,[OK] Caminhão da Fernanda: risco 18 - dentro do esperado.
Caminhão do Paulo 5,Julho 2026,-,-,33,1.0,1.0,33,MODERADO,Dificuldade da rota,[ATENÇÃO] Caminhão do Paulo 5: risco 33 - monitorar na próxima vistoria.
Caminhão do Fernando 4,Julho 2026,-,-,52,1.0,1.0,52,ALTO,Estilo de condução,[ALERTA] Caminhão do Fernando 4: risco 52 - agendar inspeção em breve.
Caminhão do Gabriel 2,Julho 2026,-,-,35,1.0,1.0,35,MODERADO,Desaceleração/frenagem brusca,[ATENÇÃO] Caminhão do Gabriel 2: risco 35 - monitorar na próxima vistoria.
Caminhão da Fernanda 5,Julho 2026,-,-,33,1.0,1.0,33,MODERADO,Desaceleração/frenagem brusca,[ATENÇÃO] Caminhão da Fernanda 5: risco 33 - monitorar na próxima vistoria.
Caminhão do Vinícius 6,Julho 2026,-,-,35,1.0,1.0,35,MODERADO,Desaceleração/frenagem brusca,[ATENÇÃO] Caminhão do Vinícius 6: risco 35 - monitorar na próxima vistoria.
Caminhão da Talita 5,Julho 2026,-,-,35,1.0,1.0,35,MODERADO,Desaceleração/frenagem brusca,[ATENÇÃO] Caminhão da Talita 5: risco 35 - monitorar na próxima vistoria.
Caminhão da Heloísa,Julho 2026,-,-,46,1.0,1.0,46,MODERADO,Desaceleração/frenagem brusca,[ATENÇÃO] Caminhão da Heloísa: risco 46 - monitorar na próxima vistoria.
Caminhão do Benedito 2,Julho 2026,-,-,50,1.0,1.0,50,MODERADO,Estilo de condução,[ATENÇÃO] Caminhão do Benedito 2: risco 50 - monitorar na próxima vistoria.
Caminhão do José 4,Julho 2026,-,-,61,1.0,1.0,61,ALTO,Estilo de condução,[ALERTA] Caminhão do José 4: risco 61 - agendar inspeção em breve.
Caminhão do Francisco 3,Julho 2026,-,-,42,1.0,1.0,42,MODERADO,Desaceleração/frenagem brusca,[ATENÇÃO] Caminhão do Francisco 3: risco 42 - monitorar na próxima vistoria.
Caminhão do Jorge 2,Julho 2026,-,-,43,1.0,1.0,43,MODERADO,Desaceleração/frenagem brusca,[ATENÇÃO] Caminhão do Jorge 2: risco 43 - monitorar na próxima vistoria.
Caminhão do Henrique 3,Julho 2026,-,-,49,1.0,1.0,49,MODERADO,Desaceleração/frenagem brusca,[ATENÇÃO] Caminhão do Henrique 3: risco 49 - monitorar na próxima vistoria.
Caminhão do Cristiano 5,Julho 2026,-,-,47,1.0,1.0,47,MODERADO,Estilo de condução,[ATENÇÃO] Caminhão do Cristiano 5: risco 47 - monitorar na próxima vistoria.
Caminhão do Rafael 2,Julho 2026,-,-,43,1.0,1.0,43,MODERADO,Estilo de condução,[ATENÇÃO] Caminhão do Rafael 2: risco 43 - monitorar na próxima vistoria.
Caminhão do Caio,Julho 2026,-,-,31,1.0,1.0,31,MODERADO,Desaceleração/frenagem brusca,[ATENÇÃO] Caminhão do Caio: risco 31 - monitorar na próxima vistoria.
Caminhão da Vanessa,Julho 2026,-,-,39,1.0,1.0,39,MODERADO,Desaceleração/frenagem brusca,[ATENÇÃO] Caminhão da Vanessa: risco 39 - monitorar na próxima vistoria.
Caminhão da Gabriela 4,Julho 2026,-,-,41,1.0,1.0,41,MODERADO,Desaceleração/frenagem brusca,[ATENÇÃO] Caminhão da Gabriela 4: risco 41 - monitorar na próxima vistoria.
Caminhão do Cristiano 3,Julho 2026,-,-,41,1.0,1.0,41,MODERADO,Dificuldade da rota,[ATENÇÃO] Caminhão do Cristiano 3: risco 41 - monitorar na próxima vistoria.
Caminhão do Orlando,Julho 2026,-,-,22,1.0,1.0,22,BAIXO,Estilo de condução,[OK] Caminhão do Orlando: risco 22 - dentro do esperado.
Caminhão do Tadeu,Julho 2026,-,-,44,1.0,1.0,44,MODERADO,Estilo de condução,[ATENÇÃO] Caminhão do Tadeu: risco 44 - monitorar na próxima vistoria.
Caminhão do Eduardo 5,Julho 2026,-,-,36,1.0,1.0,36,MODERADO,Desaceleração/frenagem brusca,[ATENÇÃO] Caminhão do Eduardo 5: risco 36 - monitorar na próxima vistoria.
Caminhão da Juliana 3,Julho 2026,-,-,43,1.0,1.0,43,MODERADO,Estilo de condução,[ATENÇÃO] Caminhão da Juliana 3: risco 43 - monitorar na próxima vistoria.
Caminhão do Marcos 2,Julho 2026,-,-,44,1.0,1.0,44,MODERADO,Desaceleração/frenagem brusca,[ATENÇÃO] Caminhão do Marcos 2: risco 44 - monitorar na próxima vistoria.
Caminhão da Ana,Julho 2026,-,-,33,1.0,1.0,33,MODERADO,Estilo de condução,[ATENÇÃO] Caminhão da Ana: risco 33 - monitorar na próxima vistoria.
Caminhão do Luiz 4,Julho 2026,-,-,35,1.0,1.0,35,MODERADO,Desaceleração/frenagem brusca,[ATENÇÃO] Caminhão do Luiz 4: risco 35 - monitorar na próxima vistoria.
Caminhão do Antônio,Julho 2026,-,-,46,1.0,1.0,46,MODERADO,Estilo de condução,[ATENÇÃO] Caminhão do Antônio: risco 46 - monitorar na próxima vistoria.
Caminhão da Valéria,Julho 2026,-,-,37,1.0,1.0,37,MODERADO,Desaceleração/frenagem brusca,[ATENÇÃO] Caminhão da Valéria: risco 37 - monitorar na próxima vistoria.
Caminhão da Larissa 4,Julho 2026,-,-,44,1.0,1.0,44,MODERADO,Desaceleração/frenagem brusca,[ATENÇÃO] Caminhão da Larissa 4: risco 44 - monitorar na próxima vistoria.
Caminhão da Daniela 4,Julho 2026,-,-,36,1.0,1.0,36,MODERADO,Estilo de condução,[ATENÇÃO] Caminhão da Daniela 4: risco 36 - monitorar na próxima vistoria.
Caminhão do Zeca 5,Julho 2026,-,-,34,1.0,1.0,34,MODERADO,Desaceleração/frenagem brusca,[ATENÇÃO] Caminhão do Zeca 5: risco 34 - monitorar na próxima vistoria.
Caminhão do Rafael 4,Julho 2026,-,-,30,1.0,1.0,30,MODERADO,Desaceleração/frenagem brusca,[ATENÇÃO] Caminhão do Rafael 4: risco 30 - monitorar na próxima vistoria.
Caminhão do Tadeu 2,Julho 2026,-,-,40,1.0,1.0,40,MODERADO,Estilo de condução,[ATENÇÃO] Caminhão do Tadeu 2: risco 40 - monitorar na próxima vistoria.
Caminhão do Daniel 4,Julho 2026,-,-,34,1.0,1.0,34,MODERADO,Desaceleração/frenagem brusca,[ATENÇÃO] Caminhão do Daniel 4: risco 34 - monitorar na próxima vistoria.
Caminhão da Wilma,Julho 2026,-,-,58,1.0,1.0,58,ALTO,Estilo de condução,[ALERTA] Caminhão da Wilma: risco 58 - agendar inspeção em breve.
Caminhão do Tiago 3,Julho 2026,-,-,36,1.0,1.0,36,MODERADO,Dificuldade da rota,[ATENÇÃO] Caminhão do Tiago 3: risco 36 - monitorar na próxima vistoria.
Caminhão da Lúcia 2,Julho 2026,-,-,43,1.0,1.0,43,MODERADO,Dificuldade da rota,[ATENÇÃO] Caminhão da Lúcia 2: risco 43 - monitorar na próxima vistoria.
Caminhão da Giovana,Julho 2026,-,-,38,1.0,1.0,38,MODERADO,Dificuldade da rota,[ATENÇÃO] Caminhão da Giovana: risco 38 - monitorar na próxima vistoria.
Caminhão do Bruno 4,Julho 2026,-,-,42,1.0,1.0,42,MODERADO,Dificuldade da rota,[ATENÇÃO] Caminhão do Bruno 4: risco 42 - monitorar na próxima vistoria.
Caminhão da Ana 2,Julho 2026,-,-,39,1.0,1.0,39,MODERADO,Estilo de condução,[ATENÇÃO] Caminhão da Ana 2: risco 39 - monitorar na próxima vistoria.
Caminhão do Saulo 5,Julho 2026,-,-,37,1.0,1.0,37,MODERADO,Desaceleração/frenagem brusca,[ATENÇÃO] Caminhão do Saulo 5: risco 37 - monitorar na próxima vistoria.
Caminhão do Sérgio 4,Julho 2026,-,-,27,1.0,1.0,27,MODERADO,Desaceleração/frenagem brusca,[ATENÇÃO] Caminhão do Sérgio 4: risco 27 - monitorar na próxima vistoria.
Caminhão da Joana 3,Julho 2026,-,-,56,1.0,1.0,56,ALTO,Estilo de frenagem,[ALERTA] Caminhão da Joana 3: risco 56 - agendar inspeção em breve.
Caminhão do Yuri,Julho 2026,-,-,42,1.0,1.0,42,MODERADO,Estilo de condução,[ATENÇÃO] Caminhão do Yuri: risco 42 - monitorar na próxima vistoria.
Caminhão do Zeca 2,Julho 2026,-,-,56,1.0,1.0,56,ALTO,Estilo de condução,[ALERTA] Caminhão do Zeca 2: risco 56 - agendar inspeção em breve.
Caminhão do Sérgio 5,Julho 2026,-,-,33,1.0,1.0,33,MODERADO,Dificuldade da rota,[ATENÇÃO] Caminhão do Sérgio 5: risco 33 - monitorar na próxima vistoria.
Caminhão do Rafael 5,Julho 2026,-,-,32,1.0,1.0,32,MODERADO,Dificuldade da rota,[ATENÇÃO] Caminhão do Rafael 5: risco 32 - monitorar na próxima vistoria.
Caminhão do Tadeu 5,Julho 2026,-,-,59,1.0,1.0,59,ALTO,Estilo de condução,[ALERTA] Caminhão do Tadeu 5: risco 59 - agendar inspeção em breve.
Caminhão do Zeca 3,Julho 2026,-,-,36,1.0,1.0,36,MODERADO,Desaceleração/frenagem brusca,[ATENÇÃO] Caminhão do Zeca 3: risco 36 - monitorar na próxima vistoria.
Caminhão do Gustavo 5,Julho 2026,-,-,28,1.0,1.0,28,MODERADO,Estilo de condução,[ATENÇÃO] Caminhão do Gustavo 5: risco 28 - monitorar na próxima vistoria.
Caminhão do Miguel 3,Julho 2026,-,-,44,1.0,1.0,44,MODERADO,Desaceleração/frenagem brusca,[ATENÇÃO] Caminhão do Miguel 3: risco 44 - monitorar na próxima vistoria.
Caminhão do Pedro 6,Julho 2026,-,-,39,1.0,1.0,39,MODERADO,Desaceleração/frenagem brusca,[ATENÇÃO] Caminhão do Pedro 6: risco 39 - monitorar na próxima vistoria.
Caminhão do Miguel,Julho 2026,-,-,43,1.0,1.0,43,MODERADO,Desaceleração/frenagem brusca,[ATENÇÃO] Caminhão do Miguel: risco 43 - monitorar na próxima vistoria.
Caminhão do Luiz 2,Julho 2026,-,-,48,1.0,1.0,48,MODERADO,Estilo de condução,[ATENÇÃO] Caminhão do Luiz 2: risco 48 - monitorar na próxima vistoria.
Caminhão da Sandra,Julho 2026,-,-,31,1.0,1.0,31,MODERADO,Dificuldade da rota,[ATENÇÃO] Caminhão da Sandra: risco 31 - monitorar na próxima vistoria.
Caminhão da Larissa 3,Julho 2026,-,-,43,1.0,1.0,43,MODERADO,Desaceleração/frenagem brusca,[ATENÇÃO] Caminhão da Larissa 3: risco 43 - monitorar na próxima vistoria.
Caminhão do Marcos,Julho 2026,-,-,63,1.0,1.0,63,ALTO,Estilo de condução,[ALERTA] Caminhão do Marcos: risco 63 - agendar inspeção em breve.
Caminhão do Marcelo,Julho 2026,-,-,38,1.0,1.0,38,MODERADO,Desaceleração/frenagem brusca,[ATENÇÃO] Caminhão do Marcelo: risco 38 - monitorar na próxima vistoria.
Caminhão da Natália 4,Julho 2026,-,-,29,1.0,1.0,29,MODERADO,Estilo de condução,[ATENÇÃO] Caminhão da Natália 4: risco 29 - monitorar na próxima vistoria.
Caminhão do Luiz 5,Julho 2026,-,-,32,1.0,1.0,32,MODERADO,Estilo de condução,[ATENÇÃO] Caminhão do Luiz 5: risco 32 - monitorar na próxima vistoria.
Caminhão da Maria,Julho 2026,-,-,35,1.0,1.0,35,MODERADO,Desaceleração/frenagem brusca,[ATENÇÃO] Caminhão da Maria: risco 35 - monitorar na próxima vistoria.
Caminhão do Elias 2,Julho 2026,-,-,28,1.0,1.0,28,MODERADO,Dificuldade da rota,[ATENÇÃO] Caminhão do Elias 2: risco 28 - monitorar na próxima vistoria.
Caminhão da Érica 5,Julho 2026,-,-,24,1.0,1.0,24,BAIXO,Dificuldade da rota,[OK] Caminhão da Érica 5: risco 24 - dentro do esperado.
Caminhão da Bianca,Julho 2026,-,-,56,1.0,1.0,56,ALTO,Estilo de condução,[ALERTA] Caminhão da Bianca: risco 56 - agendar inspeção em breve.
Caminhão do Ícaro 5,Julho 2026,-,-,40,1.0,1.0,40,MODERADO,Estilo de condução,[ATENÇÃO] Caminhão do Ícaro 5: risco 40 - monitorar na próxima vistoria.
Caminhão do Otávio 3,Julho 2026,-,-,47,1.0,1.0,47,MODERADO,Estilo de condução,[ATENÇÃO] Caminhão do Otávio 3: risco 47 - monitorar na próxima vistoria.
Caminhão da Teresa,Julho 2026,-,-,62,1.0,1.0,62,ALTO,Estilo de condução,[ALERTA] Caminhão da Teresa: risco 62 - agendar inspeção em breve.
Caminhão da Sabrina 4,Julho 2026,-,-,45,1.0,1.0,45,MODERADO,Estilo de condução,[ATENÇÃO] Caminhão da Sabrina 4: risco 45 - monitorar na próxima vistoria.
Caminhão do Otávio 4,Julho 2026,-,-,46,1.0,1.0,46,MODERADO,Desaceleração/frenagem brusca,[ATENÇÃO] Caminhão do Otávio 4: risco 46 - monitorar na próxima vistoria.
Caminhão da Priscila 3,Julho 2026,-,-,53,1.0,1.0,53,ALTO,Estilo de condução,[ALERTA] Caminhão da Priscila 3: risco 53 - agendar inspeção em breve.
Caminhão da Sabrina 5,Julho 2026,-,-,36,1.0,1.0,36,MODERADO,Estilo de condução,[ATENÇÃO] Caminhão da Sabrina 5: risco 36 - monitorar na próxima vistoria.
Caminhão do Pablo 4,Julho 2026,-,-,49,1.0,1.0,49,MODERADO,Estilo de condução,[ATENÇÃO] Caminhão do Pablo 4: risco 49 - monitorar na próxima vistoria.
Caminhão da Débora,Julho 2026,-,-,48,1.0,1.0,48,MODERADO,Estilo de condução,[ATENÇÃO] Caminhão da Débora: risco 48 - monitorar na próxima vistoria.
Caminhão do Alexandre 4,Julho 2026,-,-,34,1.0,1.0,34,MODERADO,Dificuldade da rota,[ATENÇÃO] Caminhão do Alexandre 4: risco 34 - monitorar na próxima vistoria.
Caminhão da Úrsula 2,Julho 2026,-,-,43,1.0,1.0,43,MODERADO,Estilo de condução,[ATENÇÃO] Caminhão da Úrsula 2: risco 43 - monitorar na próxima vistoria.
Caminhão da Renata 5,Julho 2026,-,-,44,1.0,1.0,44,MODERADO,Estilo de condução,[ATENÇÃO] Caminhão da Renata 5: risco 44 - monitorar na próxima vistoria.
Caminhão da Juliana,Julho 2026,-,-,37,1.0,1.0,37,MODERADO,Desaceleração/frenagem brusca,[ATENÇÃO] Caminhão da Juliana: risco 37 - monitorar na próxima vistoria.
Caminhão da Maria 4,Julho 2026,-,-,31,1.0,1.0,31,MODERADO,Dificuldade da rota,[ATENÇÃO] Caminhão da Maria 4: risco 31 - monitorar na próxima vistoria.
Caminhão do Paulo 4,Julho 2026,-,-,32,1.0,1.0,32,MODERADO,Dificuldade da rota,[ATENÇÃO] Caminhão do Paulo 4: risco 32 - monitorar na próxima vistoria.
Caminhão do Paulo 6,Julho 2026,-,-,38,1.0,1.0,38,MODERADO,Desaceleração/frenagem brusca,[ATENÇÃO] Caminhão do Paulo 6: risco 38 - monitorar na próxima vistoria.
Caminhão do Cristiano 4,Julho 2026,-,-,34,1.0,1.0,34,MODERADO,Dificuldade da rota,[ATENÇÃO] Caminhão do Cristiano 4: risco 34 - monitorar na próxima vistoria.
Caminhão da Natália 5,Julho 2026,-,-,42,1.0,1.0,42,MODERADO,Desaceleração/frenagem brusca,[ATENÇÃO] Caminhão da Natália 5: risco 42 - monitorar na próxima vistoria.
Caminhão do Daniel 3,Julho 2026,-,-,44,1.0,1.0,44,MODERADO,Desaceleração/frenagem brusca,[ATENÇÃO] Caminhão do Daniel 3: risco 44 - monitorar na próxima vistoria.
Caminhão do Elias 5,Julho 2026,-,-,52,1.0,1.0,52,ALTO,Dificuldade da rota,[ALERTA] Caminhão do Elias 5: risco 52 - agendar inspeção em breve.
Caminhão do Leandro,Julho 2026,-,-,32,1.0,1.0,32,MODERADO,Estilo de condução,[ATENÇÃO] Caminhão do Leandro: risco 32 - monitorar na próxima vistoria.
Caminhão do Diego 2,Julho 2026,-,-,45,1.0,1.0,45,MODERADO,Estilo de condução,[ATENÇÃO] Caminhão do Diego 2: risco 45 - monitorar na próxima vistoria.
Caminhão da Marta 2,Julho 2026,-,-,35,1.0,1.0,35,MODERADO,Estilo de condução,[ATENÇÃO] Caminhão da Marta 2: risco 35 - monitorar na próxima vistoria.
Caminhão da Ivone 2,Julho 2026,-,-,26,1.0,1.0,26,MODERADO,Dificuldade da rota,[ATENÇÃO] Caminhão da Ivone 2: risco 26 - monitorar na próxima vistoria.
Caminhão do Roberto 6,Julho 2026,-,-,43,1.0,1.0,43,MODERADO,Desaceleração/frenagem brusca,[ATENÇÃO] Caminhão do Roberto 6: risco 43 - monitorar na próxima vistoria.
Caminhão do André 2,Julho 2026,-,-,34,1.0,1.0,34,MODERADO,Dificuldade da rota,[ATENÇÃO] Caminhão do André 2: risco 34 - monitorar na próxima vistoria.
Caminhão do Antônio 3,Julho 2026,-,-,57,1.0,1.0,57,ALTO,Estilo de condução,[ALERTA] Caminhão do Antônio 3: risco 57 - agendar inspeção em breve.
Caminhão da Ana 4,Julho 2026,-,-,24,1.0,1.0,24,BAIXO,Dificuldade da rota,[OK] Caminhão da Ana 4: risco 24 - dentro do esperado.
Caminhão do Pedro 5,Julho 2026,-,-,47,1.0,1.0,47,MODERADO,Estilo de condução,[ATENÇÃO] Caminhão do Pedro 5: risco 47 - monitorar na próxima vistoria.
Caminhão da Heloísa 4,Julho 2026,-,-,46,1.0,1.0,46,MODERADO,Estilo de condução,[ATENÇÃO] Caminhão da Heloísa 4: risco 46 - monitorar na próxima vistoria.
Caminhão do Caio 5,Julho 2026,-,-,31,1.0,1.0,31,MODERADO,Dificuldade da rota,[ATENÇÃO] Caminhão do Caio 5: risco 31 - monitorar na próxima vistoria.
Caminhão do Jorge 4,Julho 2026,-,-,44,1.0,1.0,44,MODERADO,Estilo de condução,[ATENÇÃO] Caminhão do Jorge 4: risco 44 - monitorar na próxima vistoria.
Caminhão da Bianca 3,Julho 2026,-,-,41,1.0,1.0,41,MODERADO,Desaceleração/frenagem brusca,[ATENÇÃO] Caminhão da Bianca 3: risco 41 - monitorar na próxima vistoria.
Caminhão do Pedro 4,Julho 2026,-,-,58,1.0,1.0,58,ALTO,Estilo de condução,[ALERTA] Caminhão do Pedro 4: risco 58 - agendar inspeção em breve.
Caminhão do André,Julho 2026,-,-,45,1.0,1.0,45,MODERADO,Dificuldade da rota,[ATENÇÃO] Caminhão do André: risco 45 - monitorar na próxima vistoria.
Caminhão do Roberto 2,Julho 2026,-,-,34,1.0,1.0,34,MODERADO,Dificuldade da rota,[ATENÇÃO] Caminhão do Roberto 2: risco 34 - monitorar na próxima vistoria.
Caminhão da Valéria 2,Julho 2026,-,-,38,1.0,1.0,38,MODERADO,Estilo de condução,[ATENÇÃO] Caminhão da Valéria 2: risco 38 - monitorar na próxima vistoria.
Caminhão do João 5,Julho 2026,-,-,27,1.0,1.0,27,MODERADO,Dificuldade da rota,[ATENÇÃO] Caminhão do João 5: risco 27 - monitorar na próxima vistoria.
Caminhão da Juliana 2,Julho 2026,-,-,39,1.0,1.0,39,MODERADO,Estilo de condução,[ATENÇÃO] Caminhão da Juliana 2: risco 39 - monitorar na próxima vistoria.
Caminhão da Helena 5,Julho 2026,-,-,32,1.0,1.0,32,MODERADO,Dificuldade da rota,[ATENÇÃO] Caminhão da Helena 5: risco 32 - monitorar na próxima vistoria.
Caminhão do Gilberto 2,Julho 2026,-,-,25,1.0,1.0,25,BAIXO,Dificuldade da rota,[OK] Caminhão do Gilberto 2: risco 25 - dentro do esperado.
Caminhão do Leonardo 4,Julho 2026,-,-,38,1.0,1.0,38,MODERADO,Desaceleração/frenagem brusca,[ATENÇÃO] Caminhão do Leonardo 4: risco 38 - monitorar na próxima vistoria.
Caminhão da Camila 3,Julho 2026,-,-,39,1.0,1.0,39,MODERADO,Desaceleração/frenagem brusca,[ATENÇÃO] Caminhão da Camila 3: risco 39 - monitorar na próxima vistoria.
Caminhão da Eliana,Julho 2026,-,-,46,1.0,1.0,46,MODERADO,Desaceleração/frenagem brusca,[ATENÇÃO] Caminhão da Eliana: risco 46 - monitorar na próxima vistoria.
Caminhão do Benedito 5,Julho 2026,-,-,34,1.0,1.0,34,MODERADO,Estilo de condução,[ATENÇÃO] Caminhão do Benedito 5: risco 34 - monitorar na próxima vistoria.
Caminhão da Isabela 3,Julho 2026,-,-,35,1.0,1.0,35,MODERADO,Dificuldade da rota,[ATENÇÃO] Caminhão da Isabela 3: risco 35 - monitorar na próxima vistoria.
Caminhão do Fernando,Julho 2026,-,-,32,1.0,1.0,32,MODERADO,Desaceleração/frenagem brusca,[ATENÇÃO] Caminhão do Fernando: risco 32 - monitorar na próxima vistoria.
Caminhão da Ana 5,Julho 2026,-,-,35,1.0,1.0,35,MODERADO,Dificuldade da rota,[ATENÇÃO] Caminhão da Ana 5: risco 35 - monitorar na próxima vistoria.
Caminhão do Henrique 4,Julho 2026,-,-,36,1.0,1.0,36,MODERADO,Desaceleração/frenagem brusca,[ATENÇÃO] Caminhão do Henrique 4: risco 36 - monitorar na próxima vistoria.
Caminhão do Leandro 3,Julho 2026,-,-,42,1.0,1.0,42,MODERADO,Estilo de condução,[ATENÇÃO] Caminhão do Leandro 3: risco 42 - monitorar na próxima vistoria.
Caminhão do Vitor 4,Julho 2026,-,-,38,1.0,1.0,38,MODERADO,Desaceleração/frenagem brusca,[ATENÇÃO] Caminhão do Vitor 4: risco 38 - monitorar na próxima vistoria.
Caminhão do Wagner,Julho 2026,-,-,46,1.0,1.0,46,MODERADO,Estilo de condução,[ATENÇÃO] Caminhão do Wagner: risco 46 - monitorar na próxima vistoria.
Caminhão do Carlos 6,Julho 2026,-,-,29,1.0,1.0,29,MODERADO,Dificuldade da rota,[ATENÇÃO] Caminhão do Carlos 6: risco 29 - monitorar na próxima vistoria.
Caminhão do Francisco 6,Julho 2026,-,-,30,1.0,1.0,30,MODERADO,Dificuldade da rota,[ATENÇÃO] Caminhão do Francisco 6: risco 30 - monitorar na próxima vistoria.
Caminhão do Yuri 5,Julho 2026,-,-,43,1.0,1.0,43,MODERADO,Dificuldade da rota,[ATENÇÃO] Caminhão do Yuri 5: risco 43 - monitorar na próxima vistoria.
Caminhão do Arthur 4,Julho 2026,-,-,56,1.0,1.0,56,ALTO,Estilo de frenagem,[ALERTA] Caminhão do Arthur 4: risco 56 - agendar inspeção em breve.
Caminhão da Sabrina,Julho 2026,-,-,35,1.0,1.0,35,MODERADO,Desaceleração/frenagem brusca,[ATENÇÃO] Caminhão da Sabrina: risco 35 - monitorar na próxima vistoria.
Caminhão do Wagner 2,Julho 2026,-,-,47,1.0,1.0,47,MODERADO,Estilo de condução,[ATENÇÃO] Caminhão do Wagner 2: risco 47 - monitorar na próxima vistoria.
Caminhão do Davi,Julho 2026,-,-,33,1.0,1.0,33,MODERADO,Desaceleração/frenagem brusca,[ATENÇÃO] Caminhão do Davi: risco 33 - monitorar na próxima vistoria.
Caminhão da Nádia,Julho 2026,-,-,34,1.0,1.0,34,MODERADO,Desaceleração/frenagem brusca,[ATENÇÃO] Caminhão da Nádia: risco 34 - monitorar na próxima vistoria.
Caminhão da Isabela 4,Julho 2026,-,-,40,1.0,1.0,40,MODERADO,Desaceleração/frenagem brusca,[ATENÇÃO] Caminhão da Isabela 4: risco 40 - monitorar na próxima vistoria.
Caminhão do Márcio 2,Julho 2026,-,-,35,1.0,1.0,35,MODERADO,Dificuldade da rota,[ATENÇÃO] Caminhão do Márcio 2: risco 35 - monitorar na próxima vistoria.
Caminhão da Fernanda 4,Julho 2026,-,-,24,1.0,1.0,24,BAIXO,Dificuldade da rota,[OK] Caminhão da Fernanda 4: risco 24 - dentro do esperado.
Caminhão do Pablo 3,Julho 2026,-,-,27,1.0,1.0,27,MODERADO,Dificuldade da rota,[ATENÇÃO] Caminhão do Pablo 3: risco 27 - monitorar na próxima vistoria.
Caminhão do Carlos,Julho 2026,-,-,43,1.0,1.0,43,MODERADO,Desaceleração/frenagem brusca,[ATENÇÃO] Caminhão do Carlos: risco 43 - monitorar na próxima vistoria.
Caminhão do Miguel 5,Julho 2026,-,-,57,1.0,1.0,57,ALTO,Estilo de condução,[ALERTA] Caminhão do Miguel 5: risco 57 - agendar inspeção em breve.
Caminhão do Francisco,Julho 2026,-,-,43,1.0,1.0,43,MODERADO,Estilo de condução,[ATENÇÃO] Caminhão do Francisco: risco 43 - monitorar na próxima vistoria.
Caminhão da Débora 3,Julho 2026,-,-,39,1.0,1.0,39,MODERADO,Estilo de condução,[ATENÇÃO] Caminhão da Débora 3: risco 39 - monitorar na próxima vistoria.
Caminhão da Teresa 5,Julho 2026,-,-,26,1.0,1.0,26,MODERADO,Desaceleração/frenagem brusca,[ATENÇÃO] Caminhão da Teresa 5: risco 26 - monitorar na próxima vistoria.
Caminhão da Mariana 2,Julho 2026,-,-,44,1.0,1.0,44,MODERADO,Estilo de condução,[ATENÇÃO] Caminhão da Mariana 2: risco 44 - monitorar na próxima vistoria.
Caminhão da Olívia,Julho 2026,-,-,43,1.0,1.0,43,MODERADO,Desaceleração/frenagem brusca,[ATENÇÃO] Caminhão da Olívia: risco 43 - monitorar na próxima vistoria.
Caminhão da Nádia 2,Julho 2026,-,-,36,1.0,1.0,36,MODERADO,Desaceleração/frenagem brusca,[ATENÇÃO] Caminhão da Nádia 2: risco 36 - monitorar na próxima vistoria.
Caminhão da Clotilde,Julho 2026,-,-,43,1.0,1.0,43,MODERADO,Estilo de condução,[ATENÇÃO] Caminhão da Clotilde: risco 43 - monitorar na próxima vistoria.
Caminhão do Renato 3,Julho 2026,-,-,39,1.0,1.0,39,MODERADO,Desaceleração/frenagem brusca,[ATENÇÃO] Caminhão do Renato 3: risco 39 - monitorar na próxima vistoria.
Caminhão da Valéria 5,Julho 2026,-,-,45,1.0,1.0,45,MODERADO,Dificuldade da rota,[ATENÇÃO] Caminhão da Valéria 5: risco 45 - monitorar na próxima vistoria.
Caminhão da Beatriz 4,Julho 2026,-,-,54,1.0,1.0,54,ALTO,Estilo de condução,[ALERTA] Caminhão da Beatriz 4: risco 54 - agendar inspeção em breve.
Caminhão do João 3,Julho 2026,-,-,38,1.0,1.0,38,MODERADO,Estilo de condução,[ATENÇÃO] Caminhão do João 3: risco 38 - monitorar na próxima vistoria.
Caminhão da Carla,Julho 2026,-,-,34,1.0,1.0,34,MODERADO,Dificuldade da rota,[ATENÇÃO] Caminhão da Carla: risco 34 - monitorar na próxima vistoria.
Caminhão da Natália,Julho 2026,-,-,31,1.0,1.0,31,MODERADO,Dificuldade da rota,[ATENÇÃO] Caminhão da Natália: risco 31 - monitorar na próxima vistoria.
Caminhão do Eduardo 6,Julho 2026,-,-,27,1.0,1.0,27,MODERADO,Desaceleração/frenagem brusca,[ATENÇÃO] Caminhão do Eduardo 6: risco 27 - monitorar na próxima vistoria.
Caminhão do Leandro 4,Julho 2026,-,-,47,1.0,1.0,47,MODERADO,Estilo de condução,[ATENÇÃO] Caminhão do Leandro 4: risco 47 - monitorar na próxima vistoria.
Caminhão da Eliana 3,Julho 2026,-,-,41,1.0,1.0,41,MODERADO,Dificuldade da rota,[ATENÇÃO] Caminhão da Eliana 3: risco 41 - monitorar na próxima vistoria.
Caminhão da Beatriz 3,Julho 2026,-,-,49,1.0,1.0,49,MODERADO,Estilo de condução,[ATENÇÃO] Caminhão da Beatriz 3: risco 49 - monitorar na próxima vistoria.
Caminhão do Orlando 4,Julho 2026,-,-,51,1.0,1.0,51,ALTO,Estilo de condução,[ALERTA] Caminhão do Orlando 4: risco 51 - agendar inspeção em breve.
Caminhão do Cristiano 2,Julho 2026,-,-,41,1.0,1.0,41,MODERADO,Desaceleração/frenagem brusca,[ATENÇÃO] Caminhão do Cristiano 2: risco 41 - monitorar na próxima vistoria.
Caminhão do Carlos 4,Julho 2026,-,-,52,1.0,1.0,52,ALTO,Estilo de condução,[ALERTA] Caminhão do Carlos 4: risco 52 - agendar inspeção em breve.
Caminhão do Luiz,Julho 2026,-,-,36,1.0,1.0,36,MODERADO,Desaceleração/frenagem brusca,[ATENÇÃO] Caminhão do Luiz: risco 36 - monitorar na próxima vistoria.
Caminhão da Ana 3,Julho 2026,-,-,36,1.0,1.0,36,MODERADO,Dificuldade da rota,[ATENÇÃO] Caminhão da Ana 3: risco 36 - monitorar na próxima vistoria.
Caminhão do Rogério 5,Julho 2026,-,-,52,1.0,1.0,52,ALTO,Estilo de condução,[ALERTA] Caminhão do Rogério 5: risco 52 - agendar inspeção em breve.
Caminhão do Joaquim,Julho 2026,-,-,45,1.0,1.0,45,MODERADO,Dificuldade da rota,[ATENÇÃO] Caminhão do Joaquim: risco 45 - monitorar na próxima vistoria.
Caminhão do Benedito 4,Julho 2026,-,-,42,1.0,1.0,42,MODERADO,Estilo de condução,[ATENÇÃO] Caminhão do Benedito 4: risco 42 - monitorar na próxima vistoria.
Caminhão do Benedito 3,Julho 2026,-,-,61,1.0,1.0,61,ALTO,Estilo de condução,[ALERTA] Caminhão do Benedito 3: risco 61 - agendar inspeção em breve.
Caminhão da Karina 5,Julho 2026,-,-,43,1.0,1.0,43,MODERADO,Dificuldade da rota,[ATENÇÃO] Caminhão da Karina 5: risco 43 - monitorar na próxima vistoria.
Caminhão do Elias 4,Julho 2026,-,-,45,1.0,1.0,45,MODERADO,Desaceleração/frenagem brusca,[ATENÇÃO] Caminhão do Elias 4: risco 45 - monitorar na próxima vistoria.
Caminhão da Ivone 3,Julho 2026,-,-,37,1.0,1.0,37,MODERADO,Estilo de condução,[ATENÇÃO] Caminhão da Ivone 3: risco 37 - monitorar na próxima vistoria.
Caminhão do André 5,Julho 2026,-,-,26,1.0,1.0,26,MODERADO,Desaceleração/frenagem brusca,[ATENÇÃO] Caminhão do André 5: risco 26 - monitorar na próxima vistoria.
Caminhão do Márcio 4,Julho 2026,-,-,45,1.0,1.0,45,MODERADO,Estilo de condução,[ATENÇÃO] Caminhão do Márcio 4: risco 45 - monitorar na próxima vistoria.
Caminhão do Gabriel 3,Julho 2026,-,-,47,1.0,1.0,47,MODERADO,Estilo de condução,[ATENÇÃO] Caminhão do Gabriel 3: risco 47 - monitorar na próxima vistoria.
Caminhão da Joana 2,Julho 2026,-,-,41,1.0,1.0,41,MODERADO,Dificuldade da rota,[ATENÇÃO] Caminhão da Joana 2: risco 41 - monitorar na próxima vistoria.
Caminhão do Francisco 2,Julho 2026,-,-,38,1.0,1.0,38,MODERADO,Dificuldade da rota,[ATENÇÃO] Caminhão do Francisco 2: risco 38 - monitorar na próxima vistoria.
Caminhão do Rafael 6,Julho 2026,-,-,38,1.0,1.0,38,MODERADO,Dificuldade da rota,[ATENÇÃO] Caminhão do Rafael 6: risco 38 - monitorar na próxima vistoria.
Caminhão da Daniela 3,Julho 2026,-,-,33,1.0,1.0,33,MODERADO,Estilo de condução,[ATENÇÃO] Caminhão da Daniela 3: risco 33 - monitorar na próxima vistoria.
Caminhão da Joana 5,Julho 2026,-,-,44,1.0,1.0,44,MODERADO,Desaceleração/frenagem brusca,[ATENÇÃO] Caminhão da Joana 5: risco 44 - monitorar na próxima vistoria.
Caminhão da Maria 2,Julho 2026,-,-,33,1.0,1.0,33,MODERADO,Desaceleração/frenagem brusca,[ATENÇÃO] Caminhão da Maria 2: risco 33 - monitorar na próxima vistoria.
Caminhão da Patrícia 5,Julho 2026,-,-,27,1.0,1.0,27,MODERADO,Desaceleração/frenagem brusca,[ATENÇÃO] Caminhão da Patrícia 5: risco 27 - monitorar na próxima vistoria.
Caminhão do Carlos 5,Julho 2026,-,-,50,1.0,1.0,50,MODERADO,Estilo de frenagem,[ATENÇÃO] Caminhão do Carlos 5: risco 50 - monitorar na próxima vistoria.
Caminhão da Zilda 2,Julho 2026,-,-,39,1.0,1.0,39,MODERADO,Dificuldade da rota,[ATENÇÃO] Caminhão da Zilda 2: risco 39 - monitorar na próxima vistoria.
Caminhão da Natália 3,Julho 2026,-,-,42,1.0,1.0,42,MODERADO,Estilo de condução,[ATENÇÃO] Caminhão da Natália 3: risco 42 - monitorar na próxima vistoria.
Caminhão da Flávia 5,Julho 2026,-,-,30,1.0,1.0,30,MODERADO,Estilo de condução,[ATENÇÃO] Caminhão da Flávia 5: risco 30 - monitorar na próxima vistoria.
Caminhão da Giovana 5,Julho 2026,-,-,45,1.0,1.0,45,MODERADO,Dificuldade da rota,[ATENÇÃO] Caminhão da Giovana 5: risco 45 - monitorar na próxima vistoria.
Caminhão do Marcelo 2,Julho 2026,-,-,38,1.0,1.0,38,MODERADO,Desaceleração/frenagem brusca,[ATENÇÃO] Caminhão do Marcelo 2: risco 38 - monitorar na próxima vistoria.
Caminhão do Lucas 5,Julho 2026,-,-,61,1.0,1.0,61,ALTO,Estilo de condução,[ALERTA] Caminhão do Lucas 5: risco 61 - agendar inspeção em breve.
Caminhão do Jorge 3,Julho 2026,-,-,49,1.0,1.0,49,MODERADO,Estilo de condução,[ATENÇÃO] Caminhão do Jorge 3: risco 49 - monitorar na próxima vistoria.
Caminhão do Bruno 5,Julho 2026,-,-,43,1.0,1.0,43,MODERADO,Dificuldade da rota,[ATENÇÃO] Caminhão do Bruno 5: risco 43 - monitorar na próxima vistoria.
Caminhão da Camila,Julho 2026,-,-,20,1.0,1.0,20,BAIXO,Estilo de condução,[OK] Caminhão da Camila: risco 20 - dentro do esperado.
Caminhão do Vinícius 5,Julho 2026,-,-,28,1.0,1.0,28,MODERADO,Desaceleração/frenagem brusca,[ATENÇÃO] Caminhão do Vinícius 5: risco 28 - monitorar na próxima vistoria.
Caminhão do Heitor,Julho 2026,-,-,40,1.0,1.0,40,MODERADO,Desaceleração/frenagem brusca,[ATENÇÃO] Caminhão do Heitor: risco 40 - monitorar na próxima vistoria.
Caminhão do Mateus 2,Julho 2026,-,-,44,1.0,1.0,44,MODERADO,Desaceleração/frenagem brusca,[ATENÇÃO] Caminhão do Mateus 2: risco 44 - monitorar na próxima vistoria.
Caminhão da Flávia 2,Julho 2026,-,-,33,1.0,1.0,33,MODERADO,Desaceleração/frenagem brusca,[ATENÇÃO] Caminhão da Flávia 2: risco 33 - monitorar na próxima vistoria.
Caminhão do Miguel 2,Julho 2026,-,-,46,1.0,1.0,46,MODERADO,Estilo de condução,[ATENÇÃO] Caminhão do Miguel 2: risco 46 - monitorar na próxima vistoria.
Caminhão da Karina 3,Julho 2026,-,-,32,1.0,1.0,32,MODERADO,Dificuldade da rota,[ATENÇÃO] Caminhão da Karina 3: risco 32 - monitorar na próxima vistoria.
Caminhão do Pablo 2,Julho 2026,-,-,32,1.0,1.0,32,MODERADO,Desaceleração/frenagem brusca,[ATENÇÃO] Caminhão do Pablo 2: risco 32 - monitorar na próxima vistoria.
Caminhão da Camila 4,Julho 2026,-,-,40,1.0,1.0,40,MODERADO,Desaceleração/frenagem brusca,[ATENÇÃO] Caminhão da Camila 4: risco 40 - monitorar na próxima vistoria.
Caminhão do Fernando 2,Julho 2026,-,-,27,1.0,1.0,27,MODERADO,Desaceleração/frenagem brusca,[ATENÇÃO] Caminhão do Fernando 2: risco 27 - monitorar na próxima vistoria.
Caminhão do Ricardo 5,Julho 2026,-,-,34,1.0,1.0,34,MODERADO,Desaceleração/frenagem brusca,[ATENÇÃO] Caminhão do Ricardo 5: risco 34 - monitorar na próxima vistoria.
Caminhão do Eduardo 3,Julho 2026,-,-,56,1.0,1.0,56,ALTO,Estilo de condução,[ALERTA] Caminhão do Eduardo 3: risco 56 - agendar inspeção em breve.
Caminhão do Elias,Julho 2026,-,-,30,1.0,1.0,30,MODERADO,Dificuldade da rota,[ATENÇÃO] Caminhão do Elias: risco 30 - monitorar na próxima vistoria.
Caminhão do André 6,Julho 2026,-,-,41,1.0,1.0,41,MODERADO,Estilo de condução,[ATENÇÃO] Caminhão do André 6: risco 41 - monitorar na próxima vistoria.
Caminhão do Fábio,Julho 2026,-,-,54,1.0,1.0,54,ALTO,Estilo de condução,[ALERTA] Caminhão do Fábio: risco 54 - agendar inspeção em breve.
Caminhão do Luiz 6,Julho 2026,-,-,55,1.0,1.0,55,ALTO,Estilo de condução,[ALERTA] Caminhão do Luiz 6: risco 55 - agendar inspeção em breve.
Caminhão da Clotilde 5,Julho 2026,-,-,60,1.0,1.0,60,ALTO,Estilo de condução,[ALERTA] Caminhão da Clotilde 5: risco 60 - agendar inspeção em breve.
Caminhão do Benedito,Julho 2026,-,-,25,1.0,1.0,25,BAIXO,Dificuldade da rota,[OK] Caminhão do Benedito: risco 25 - dentro do esperado.
Caminhão da Sandra 4,Julho 2026,-,-,42,1.0,1.0,42,MODERADO,Estilo de condução,[ATENÇÃO] Caminhão da Sandra 4: risco 42 - monitorar na próxima vistoria.
Caminhão da Adriana 2,Julho 2026,-,-,40,1.0,1.0,40,MODERADO,Desaceleração/frenagem brusca,[ATENÇÃO] Caminhão da Adriana 2: risco 40 - monitorar na próxima vistoria.
Caminhão do Gabriel 4,Julho 2026,-,-,33,1.0,1.0,33,MODERADO,Desaceleração/frenagem brusca,[ATENÇÃO] Caminhão do Gabriel 4: risco 33 - monitorar na próxima vistoria.
Caminhão do Leonardo 3,Julho 2026,-,-,59,1.0,1.0,59,ALTO,Estilo de condução,[ALERTA] Caminhão do Leonardo 3: risco 59 - agendar inspeção em breve.
Caminhão do Arthur,Julho 2026,-,-,30,1.0,1.0,30,MODERADO,Desaceleração/frenagem brusca,[ATENÇÃO] Caminhão do Arthur: risco 30 - monitorar na próxima vistoria.
Caminhão do Samuel 4,Julho 2026,-,-,41,1.0,1.0,41,MODERADO,Dificuldade da rota,[ATENÇÃO] Caminhão do Samuel 4: risco 41 - monitorar na próxima vistoria.
Caminhão do Joaquim 5,Julho 2026,-,-,57,1.0,1.0,57,ALTO,Estilo de condução,[ALERTA] Caminhão do Joaquim 5: risco 57 - agendar inspeção em breve.
Caminhão do Joaquim 4,Julho 2026,-,-,46,1.0,1.0,46,MODERADO,Estilo de condução,[ATENÇÃO] Caminhão do Joaquim 4: risco 46 - monitorar na próxima vistoria.
Caminhão do Alexandre 3,Julho 2026,-,-,59,1.0,1.0,59,ALTO,Estilo de condução,[ALERTA] Caminhão do Alexandre 3: risco 59 - agendar inspeção em breve.
Caminhão da Gabriela 3,Julho 2026,-,-,32,1.0,1.0,32,MODERADO,Dificuldade da rota,[ATENÇÃO] Caminhão da Gabriela 3: risco 32 - monitorar na próxima vistoria.
Caminhão do Rodrigo 6,Julho 2026,-,-,60,1.0,1.0,60,ALTO,Estilo de condução,[ALERTA] Caminhão do Rodrigo 6: risco 60 - agendar inspeção em breve.
Caminhão do Mateus 5,Julho 2026,-,-,53,1.0,1.0,53,ALTO,Estilo de condução,[ALERTA] Caminhão do Mateus 5: risco 53 - agendar inspeção em breve.
Caminhão do Gilberto 3,Julho 2026,-,-,54,1.0,1.0,54,ALTO,Estilo de condução,[ALERTA] Caminhão do Gilberto 3: risco 54 - agendar inspeção em breve.
Caminhão da Raquel 3,Julho 2026,-,-,38,1.0,1.0,38,MODERADO,Dificuldade da rota,[ATENÇÃO] Caminhão da Raquel 3: risco 38 - monitorar na próxima vistoria.
Caminhão da Daniela 5,Julho 2026,-,-,29,1.0,1.0,29,MODERADO,Desaceleração/frenagem brusca,[ATENÇÃO] Caminhão da Daniela 5: risco 29 - monitorar na próxima vistoria.
Caminhão do Luiz 3,Julho 2026,-,-,44,1.0,1.0,44,MODERADO,Desaceleração/frenagem brusca,[ATENÇÃO] Caminhão do Luiz 3: risco 44 - monitorar na próxima vistoria.
Caminhão do Felipe 2,Julho 2026,-,-,56,1.0,1.0,56,ALTO,Estilo de condução,[ALERTA] Caminhão do Felipe 2: risco 56 - agendar inspeção em breve.
Caminhão do Pedro 2,Julho 2026,-,-,34,1.0,1.0,34,MODERADO,Dificuldade da rota,[ATENÇÃO] Caminhão do Pedro 2: risco 34 - monitorar na próxima vistoria.
Caminhão da Larissa,Julho 2026,-,-,58,1.0,1.0,58,ALTO,Estilo de condução,[ALERTA] Caminhão da Larissa: risco 58 - agendar inspeção em breve.
Caminhão da Mariana,Julho 2026,-,-,46,1.0,1.0,46,MODERADO,Estilo de condução,[ATENÇÃO] Caminhão da Mariana: risco 46 - monitorar na próxima vistoria.
Caminhão do Arthur 3,Julho 2026,-,-,45,1.0,1.0,45,MODERADO,Estilo de condução,[ATENÇÃO] Caminhão do Arthur 3: risco 45 - monitorar na próxima vistoria.
Caminhão do Tiago,Julho 2026,-,-,39,1.0,1.0,39,MODERADO,Estilo de condução,[ATENÇÃO] Caminhão do Tiago: risco 39 - monitorar na próxima vistoria.
Caminhão da Olívia 3,Julho 2026,-,-,42,1.0,1.0,42,MODERADO,Desaceleração/frenagem brusca,[ATENÇÃO] Caminhão da Olívia 3: risco 42 - monitorar na próxima vistoria.
Caminhão do Saulo 3,Julho 2026,-,-,47,1.0,1.0,47,MODERADO,Estilo de condução,[ATENÇÃO] Caminhão do Saulo 3: risco 47 - monitorar na próxima vistoria.
Caminhão do Rogério 4,Julho 2026,-,-,54,1.0,1.0,54,ALTO,Estilo de condução,[ALERTA] Caminhão do Rogério 4: risco 54 - agendar inspeção em breve.
Caminhão da Raquel 5,Julho 2026,-,-,54,1.0,1.0,54,ALTO,Desaceleração/frenagem brusca,[ALERTA] Caminhão da Raquel 5: risco 54 - agendar inspeção em breve.
Caminhão do Lucas 3,Julho 2026,-,-,46,1.0,1.0,46,MODERADO,Estilo de condução,[ATENÇÃO] Caminhão do Lucas 3: risco 46 - monitorar na próxima vistoria.
Caminhão do Davi 3,Julho 2026,-,-,43,1.0,1.0,43,MODERADO,Desaceleração/frenagem brusca,[ATENÇÃO] Caminhão do Davi 3: risco 43 - monitorar na próxima vistoria.
Caminhão da Olívia 2,Julho 2026,-,-,33,1.0,1.0,33,MODERADO,Desaceleração/frenagem brusca,[ATENÇÃO] Caminhão da Olívia 2: risco 33 - monitorar na próxima vistoria.
Caminhão do Renato,Julho 2026,-,-,54,1.0,1.0,54,ALTO,Estilo de condução,[ALERTA] Caminhão do Renato: risco 54 - agendar inspeção em breve.
Caminhão do Márcio 5,Julho 2026,-,-,45,1.0,1.0,45,MODERADO,Estilo de condução,[ATENÇÃO] Caminhão do Márcio 5: risco 45 - monitorar na próxima vistoria.
Caminhão do Carlos 2,Julho 2026,-,-,57,1.0,1.0,57,ALTO,Estilo de condução,[ALERTA] Caminhão do Carlos 2: risco 57 - agendar inspeção em breve.
Caminhão do Jorge,Julho 2026,-,-,42,1.0,1.0,42,MODERADO,Estilo de condução,[ATENÇÃO] Caminhão do Jorge: risco 42 - monitorar na próxima vistoria.
Caminhão do Ricardo 3,Julho 2026,-,-,60,1.0,1.0,60,ALTO,Estilo de condução,[ALERTA] Caminhão do Ricardo 3: risco 60 - agendar inspeção em breve.
Caminhão da Sandra 5,Julho 2026,-,-,35,1.0,1.0,35,MODERADO,Desaceleração/frenagem brusca,[ATENÇÃO] Caminhão da Sandra 5: risco 35 - monitorar na próxima vistoria.
Caminhão da Priscila 2,Julho 2026,-,-,37,1.0,1.0,37,MODERADO,Desaceleração/frenagem brusca,[ATENÇÃO] Caminhão da Priscila 2: risco 37 - monitorar na próxima vistoria.
Caminhão do Tadeu 3,Julho 2026,-,-,39,1.0,1.0,39,MODERADO,Desaceleração/frenagem brusca,[ATENÇÃO] Caminhão do Tadeu 3: risco 39 - monitorar na próxima vistoria.
Caminhão da Bianca 2,Julho 2026,-,-,37,1.0,1.0,37,MODERADO,Desaceleração/frenagem brusca,[ATENÇÃO] Caminhão da Bianca 2: risco 37 - monitorar na próxima vistoria.
Caminhão da Yasmin 3,Julho 2026,-,-,25,1.0,1.0,25,BAIXO,Dificuldade da rota,[OK] Caminhão da Yasmin 3: risco 25 - dentro do esperado.
Caminhão do Cristiano,Julho 2026,-,-,35,1.0,1.0,35,MODERADO,Dificuldade da rota,[ATENÇÃO] Caminhão do Cristiano: risco 35 - monitorar na próxima vistoria.
Caminhão da Joana,Julho 2026,-,-,42,1.0,1.0,42,MODERADO,Desaceleração/frenagem brusca,[ATENÇÃO] Caminhão da Joana: risco 42 - monitorar na próxima vistoria.
Caminhão do Leandro 6,Julho 2026,-,-,45,1.0,1.0,45,MODERADO,Desaceleração/frenagem brusca,[ATENÇÃO] Caminhão do Leandro 6: risco 45 - monitorar na próxima vistoria.
Caminhão do Antônio 5,Julho 2026,-,-,36,1.0,1.0,36,MODERADO,Estilo de condução,[ATENÇÃO] Caminhão do Antônio 5: risco 36 - monitorar na próxima vistoria.
Caminhão do Rafael,Julho 2026,-,-,31,1.0,1.0,31,MODERADO,Dificuldade da rota,[ATENÇÃO] Caminhão do Rafael: risco 31 - monitorar na próxima vistoria.
Caminhão da Carla 3,Julho 2026,-,-,49,1.0,1.0,49,MODERADO,Estilo de condução,[ATENÇÃO] Caminhão da Carla 3: risco 49 - monitorar na próxima vistoria.
Caminhão do Diego,Julho 2026,-,-,31,1.0,1.0,31,MODERADO,Desaceleração/frenagem brusca,[ATENÇÃO] Caminhão do Diego: risco 31 - monitorar na próxima vistoria.
Caminhão do Diego 3,Julho 2026,-,-,47,1.0,1.0,47,MODERADO,Estilo de condução,[ATENÇÃO] Caminhão do Diego 3: risco 47 - monitorar na próxima vistoria.
Caminhão da Vanessa 3,Julho 2026,-,-,41,1.0,1.0,41,MODERADO,Estilo de condução,[ATENÇÃO] Caminhão da Vanessa 3: risco 41 - monitorar na próxima vistoria.
Caminhão do Arthur 2,Julho 2026,-,-,53,1.0,1.0,53,ALTO,Estilo de condução,[ALERTA] Caminhão do Arthur 2: risco 53 - agendar inspeção em breve.
Caminhão do Vinícius 2,Julho 2026,-,-,50,1.0,1.0,50,MODERADO,Estilo de condução,[ATENÇÃO] Caminhão do Vinícius 2: risco 50 - monitorar na próxima vistoria.
Caminhão do Gilberto 4,Julho 2026,-,-,59,1.0,1.0,59,ALTO,Estilo de condução,[ALERTA] Caminhão do Gilberto 4: risco 59 - agendar inspeção em breve.
Caminhão do Rodrigo 5,Julho 2026,-,-,24,1.0,1.0,24,BAIXO,Desaceleração/frenagem brusca,[OK] Caminhão do Rodrigo 5: risco 24 - dentro do esperado.
Caminhão do João,Julho 2026,-,-,31,1.0,1.0,31,MODERADO,Dificuldade da rota,[ATENÇÃO] Caminhão do João: risco 31 - monitorar na próxima vistoria.
Caminhão da Bianca 5,Julho 2026,-,-,40,1.0,1.0,40,MODERADO,Desaceleração/frenagem brusca,[ATENÇÃO] Caminhão da Bianca 5: risco 40 - monitorar na próxima vistoria.
Caminhão do Gabriel 5,Julho 2026,-,-,35,1.0,1.0,35,MODERADO,Estilo de condução,[ATENÇÃO] Caminhão do Gabriel 5: risco 35 - monitorar na próxima vistoria.
Caminhão da Yasmin 2,Julho 2026,-,-,27,1.0,1.0,27,MODERADO,Desaceleração/frenagem brusca,[ATENÇÃO] Caminhão da Yasmin 2: risco 27 - monitorar na próxima vistoria.
Caminhão do Mateus 4,Julho 2026,-,-,43,1.0,1.0,43,MODERADO,Desaceleração/frenagem brusca,[ATENÇÃO] Caminhão do Mateus 4: risco 43 - monitorar na próxima vistoria.
Caminhão do Felipe 4,Julho 2026,-,-,28,1.0,1.0,28,MODERADO,Dificuldade da rota,[ATENÇÃO] Caminhão do Felipe 4: risco 28 - monitorar na próxima vistoria.
Caminhão do Nelson 4,Julho 2026,-,-,28,1.0,1.0,28,MODERADO,Dificuldade da rota,[ATENÇÃO] Caminhão do Nelson 4: risco 28 - monitorar na próxima vistoria.
Caminhão da Nádia 4,Julho 2026,-,-,32,1.0,1.0,32,MODERADO,Desaceleração/frenagem brusca,[ATENÇÃO] Caminhão da Nádia 4: risco 32 - monitorar na próxima vistoria.
Caminhão da Sabrina 3,Julho 2026,-,-,49,1.0,1.0,49,MODERADO,Estilo de condução,[ATENÇÃO] Caminhão da Sabrina 3: risco 49 - monitorar na próxima vistoria.
Caminhão do Davi 5,Julho 2026,-,-,42,1.0,1.0,42,MODERADO,Desaceleração/frenagem brusca,[ATENÇÃO] Caminhão do Davi 5: risco 42 - monitorar na próxima vistoria.
Caminhão do Kleber 4,Julho 2026,-,-,35,1.0,1.0,35,MODERADO,Desaceleração/frenagem brusca,[ATENÇÃO] Caminhão do Kleber 4: risco 35 - monitorar na próxima vistoria.
Caminhão do Lucas,Julho 2026,-,-,51,1.0,1.0,51,ALTO,Estilo de condução,[ALERTA] Caminhão do Lucas: risco 51 - agendar inspeção em breve.
Caminhão do Tadeu 4,Julho 2026,-,-,49,1.0,1.0,49,MODERADO,Estilo de condução,[ATENÇÃO] Caminhão do Tadeu 4: risco 49 - monitorar na próxima vistoria.
Caminhão da Heloísa 3,Julho 2026,-,-,30,1.0,1.0,30,MODERADO,Dificuldade da rota,[ATENÇÃO] Caminhão da Heloísa 3: risco 30 - monitorar na próxima vistoria.
Caminhão do Kleber,Julho 2026,-,-,43,1.0,1.0,43,MODERADO,Desaceleração/frenagem brusca,[ATENÇÃO] Caminhão do Kleber: risco 43 - monitorar na próxima vistoria.
Caminhão do Henrique 6,Julho 2026,-,-,35,1.0,1.0,35,MODERADO,Desaceleração/frenagem brusca,[ATENÇÃO] Caminhão do Henrique 6: risco 35 - monitorar na próxima vistoria.
Caminhão da Carla 4,Julho 2026,-,-,45,1.0,1.0,45,MODERADO,Estilo de condução,[ATENÇÃO] Caminhão da Carla 4: risco 45 - monitorar na próxima vistoria.
Caminhão do Lucas 6,Julho 2026,-,-,26,1.0,1.0,26,MODERADO,Desaceleração/frenagem brusca,[ATENÇÃO] Caminhão do Lucas 6: risco 26 - monitorar na próxima vistoria.
Caminhão do Roberto,Julho 2026,-,-,39,1.0,1.0,39,MODERADO,Desaceleração/frenagem brusca,[ATENÇÃO] Caminhão do Roberto: risco 39 - monitorar na próxima vistoria.
Caminhão do Bruno,Julho 2026,-,-,30,1.0,1.0,30,MODERADO,Dificuldade da rota,[ATENÇÃO] Caminhão do Bruno: risco 30 - monitorar na próxima vistoria.
Caminhão do Leandro 2,Julho 2026,-,-,30,1.0,1.0,30,MODERADO,Dificuldade da rota,[ATENÇÃO] Caminhão do Leandro 2: risco 30 - monitorar na próxima vistoria.
Caminhão da Vanessa 2,Julho 2026,-,-,27,1.0,1.0,27,MODERADO,Dificuldade da rota,[ATENÇÃO] Caminhão da Vanessa 2: risco 27 - monitorar na próxima vistoria.
Caminhão do José 3,Julho 2026,-,-,43,1.0,1.0,43,MODERADO,Estilo de condução,[ATENÇÃO] Caminhão do José 3: risco 43 - monitorar na próxima vistoria.
Caminhão da Lúcia,Julho 2026,-,-,49,1.0,1.0,49,MODERADO,Estilo de condução,[ATENÇÃO] Caminhão da Lúcia: risco 49 - monitorar na próxima vistoria.
Caminhão da Marta 4,Julho 2026,-,-,36,1.0,1.0,36,MODERADO,Dificuldade da rota,[ATENÇÃO] Caminhão da Marta 4: risco 36 - monitorar na próxima vistoria.
Caminhão da Teresa 4,Julho 2026,-,-,36,1.0,1.0,36,MODERADO,Estilo de condução,[ATENÇÃO] Caminhão da Teresa 4: risco 36 - monitorar na próxima vistoria.
Caminhão da Maria 3,Julho 2026,-,-,46,1.0,1.0,46,MODERADO,Estilo de condução,[ATENÇÃO] Caminhão da Maria 3: risco 46 - monitorar na próxima vistoria.
Caminhão do Gabriel,Julho 2026,-,-,29,1.0,1.0,29,MODERADO,Desaceleração/frenagem brusca,[ATENÇÃO] Caminhão do Gabriel: risco 29 - monitorar na próxima vistoria.
Caminhão do Sérgio,Julho 2026,-,-,39,1.0,1.0,39,MODERADO,Estilo de condução,[ATENÇÃO] Caminhão do Sérgio: risco 39 - monitorar na próxima vistoria.
Caminhão do Samuel,Julho 2026,-,-,47,1.0,1.0,47,MODERADO,Desaceleração/frenagem brusca,[ATENÇÃO] Caminhão do Samuel: risco 47 - monitorar na próxima vistoria.
Caminhão do Antônio 2,Julho 2026,-,-,32,1.0,1.0,32,MODERADO,Dificuldade da rota,[ATENÇÃO] Caminhão do Antônio 2: risco 32 - monitorar na próxima vistoria.
Caminhão da Isabela,Julho 2026,-,-,35,1.0,1.0,35,MODERADO,Dificuldade da rota,[ATENÇÃO] Caminhão da Isabela: risco 35 - monitorar na próxima vistoria.
Caminhão do Davi 2,Julho 2026,-,-,56,1.0,1.0,56,ALTO,Estilo de condução,[ALERTA] Caminhão do Davi 2: risco 56 - agendar inspeção em breve.
Caminhão do Leonardo 2,Julho 2026,-,-,31,1.0,1.0,31,MODERADO,Desaceleração/frenagem brusca,[ATENÇÃO] Caminhão do Leonardo 2: risco 31 - monitorar na próxima vistoria.
Caminhão da Karina 2,Julho 2026,-,-,31,1.0,1.0,31,MODERADO,Estilo de condução,[ATENÇÃO] Caminhão da Karina 2: risco 31 - monitorar na próxima vistoria.
Caminhão do Ricardo,Julho 2026,-,-,60,1.0,1.0,60,ALTO,Estilo de condução,[ALERTA] Caminhão do Ricardo: risco 60 - agendar inspeção em breve.
Caminhão da Valéria 3,Julho 2026,-,-,37,1.0,1.0,37,MODERADO,Estilo de condução,[ATENÇÃO] Caminhão da Valéria 3: risco 37 - monitorar na próxima vistoria.
Caminhão do Nelson 2,Julho 2026,-,-,48,1.0,1.0,48,MODERADO,Estilo de condução,[ATENÇÃO] Caminhão do Nelson 2: risco 48 - monitorar na próxima vistoria.
Caminhão do Pablo,Julho 2026,-,-,46,1.0,1.0,46,MODERADO,Dificuldade da rota,[ATENÇÃO] Caminhão do Pablo: risco 46 - monitorar na próxima vistoria.
Caminhão do Nelson 3,Julho 2026,-,-,59,1.0,1.0,59,ALTO,Estilo de condução,[ALERTA] Caminhão do Nelson 3: risco 59 - agendar inspeção em breve.
Caminhão da Gabriela,Julho 2026,-,-,53,1.0,1.0,53,ALTO,Estilo de condução,[ALERTA] Caminhão da Gabriela: risco 53 - agendar inspeção em breve.
Caminhão do Leandro 5,Julho 2026,-,-,27,1.0,1.0,27,MODERADO,Estilo de condução,[ATENÇÃO] Caminhão do Leandro 5: risco 27 - monitorar na próxima vistoria.
Caminhão do Caio 2,Julho 2026,-,-,44,1.0,1.0,44,MODERADO,Estilo de condução,[ATENÇÃO] Caminhão do Caio 2: risco 44 - monitorar na próxima vistoria.
Caminhão do Paulo 3,Julho 2026,-,-,28,1.0,1.0,28,MODERADO,Dificuldade da rota,[ATENÇÃO] Caminhão do Paulo 3: risco 28 - monitorar na próxima vistoria.
Caminhão da Flávia 3,Julho 2026,-,-,42,1.0,1.0,42,MODERADO,Estilo de condução,[ATENÇÃO] Caminhão da Flávia 3: risco 42 - monitorar na próxima vistoria.
Caminhão da Wilma 5,Julho 2026,-,-,43,1.0,1.0,43,MODERADO,Desaceleração/frenagem brusca,[ATENÇÃO] Caminhão da Wilma 5: risco 43 - monitorar na próxima vistoria.
Caminhão do Felipe,Julho 2026,-,-,42,1.0,1.0,42,MODERADO,Estilo de condução,[ATENÇÃO] Caminhão do Felipe: risco 42 - monitorar na próxima vistoria.
Caminhão da Karina 4,Julho 2026,-,-,25,1.0,1.0,25,BAIXO,Dificuldade da rota,[OK] Caminhão da Karina 4: risco 25 - dentro do esperado.
Caminhão do Orlando 2,Julho 2026,-,-,60,1.0,1.0,60,ALTO,Estilo de condução,[ALERTA] Caminhão do Orlando 2: risco 60 - agendar inspeção em breve.
Caminhão do Bruno 3,Julho 2026,-,-,52,1.0,1.0,52,ALTO,Estilo de condução,[ALERTA] Caminhão do Bruno 3: risco 52 - agendar inspeção em breve.
Caminhão do Valter,Julho 2026,-,-,33,1.0,1.0,33,MODERADO,Dificuldade da rota,[ATENÇÃO] Caminhão do Valter: risco 33 - monitorar na próxima vistoria.
Caminhão do Francisco 5,Julho 2026,-,-,37,1.0,1.0,37,MODERADO,Dificuldade da rota,[ATENÇÃO] Caminhão do Francisco 5: risco 37 - monitorar na próxima vistoria.
Caminhão do Fernando 6,Julho 2026,-,-,27,1.0,1.0,27,MODERADO,Desaceleração/frenagem brusca,[ATENÇÃO] Caminhão do Fernando 6: risco 27 - monitorar na próxima vistoria.
Caminhão do Arthur 5,Julho 2026,-,-,48,1.0,1.0,48,MODERADO,Estilo de condução,[ATENÇÃO] Caminhão do Arthur 5: risco 48 - monitorar na próxima vistoria.
Caminhão do Vinícius,Julho 2026,-,-,48,1.0,1.0,48,MODERADO,Estilo de condução,[ATENÇÃO] Caminhão do Vinícius: risco 48 - monitorar na próxima vistoria.
Caminhão da Yasmin 5,Julho 2026,-,-,37,1.0,1.0,37,MODERADO,Desaceleração/frenagem brusca,[ATENÇÃO] Caminhão da Yasmin 5: risco 37 - monitorar na próxima vistoria.
Caminhão da Ivone 4,Julho 2026,-,-,37,1.0,1.0,37,MODERADO,Desaceleração/frenagem brusca,[ATENÇÃO] Caminhão da Ivone 4: risco 37 - monitorar na próxima vistoria.
Caminhão do Fábio 3,Julho 2026,-,-,21,1.0,1.0,21,BAIXO,Dificuldade da rota,[OK] Caminhão do Fábio 3: risco 21 - dentro do esperado.
Caminhão do Gilberto,Julho 2026,-,-,53,1.0,1.0,53,ALTO,Estilo de condução,[ALERTA] Caminhão do Gilberto: risco 53 - agendar inspeção em breve.
Caminhão da Flávia,Julho 2026,-,-,26,1.0,1.0,26,MODERADO,Dificuldade da rota,[ATENÇÃO] Caminhão da Flávia: risco 26 - monitorar na próxima vistoria.
Caminhão da Clotilde 2,Julho 2026,-,-,41,1.0,1.0,41,MODERADO,Desaceleração/frenagem brusca,[ATENÇÃO] Caminhão da Clotilde 2: risco 41 - monitorar na próxima vistoria.
Caminhão do Vitor,Julho 2026,-,-,54,1.0,1.0,54,ALTO,Estilo de condução,[ALERTA] Caminhão do Vitor: risco 54 - agendar inspeção em breve.
Caminhão do Eduardo,Julho 2026,-,-,57,1.0,1.0,57,ALTO,Estilo de condução,[ALERTA] Caminhão do Eduardo: risco 57 - agendar inspeção em breve.
Caminhão da Gabriela 5,Julho 2026,-,-,46,1.0,1.0,46,MODERADO,Estilo de condução,[ATENÇÃO] Caminhão da Gabriela 5: risco 46 - monitorar na próxima vistoria.
Caminhão do Marcos 3,Julho 2026,-,-,45,1.0,1.0,45,MODERADO,Estilo de condução,[ATENÇÃO] Caminhão do Marcos 3: risco 45 - monitorar na próxima vistoria.
Caminhão do Maurício 4,Julho 2026,-,-,42,1.0,1.0,42,MODERADO,Estilo de condução,[ATENÇÃO] Caminhão do Maurício 4: risco 42 - monitorar na próxima vistoria.
Caminhão da Bianca 4,Julho 2026,-,-,40,1.0,1.0,40,MODERADO,Dificuldade da rota,[ATENÇÃO] Caminhão da Bianca 4: risco 40 - monitorar na próxima vistoria.
Caminhão da Yasmin 4,Julho 2026,-,-,49,1.0,1.0,49,MODERADO,Estilo de condução,[ATENÇÃO] Caminhão da Yasmin 4: risco 49 - monitorar na próxima vistoria.
Caminhão da Eliana 2,Julho 2026,-,-,25,1.0,1.0,25,BAIXO,Dificuldade da rota,[OK] Caminhão da Eliana 2: risco 25 - dentro do esperado.
Caminhão do Felipe 5,Julho 2026,-,-,52,1.0,1.0,52,ALTO,Estilo de condução,[ALERTA] Caminhão do Felipe 5: risco 52 - agendar inspeção em breve.
Caminhão da Úrsula 3,Julho 2026,-,-,49,1.0,1.0,49,MODERADO,Estilo de condução,[ATENÇÃO] Caminhão da Úrsula 3: risco 49 - monitorar na próxima vistoria.
Caminhão do Carlos 3,Julho 2026,-,-,57,1.0,1.0,57,ALTO,Estilo de condução,[ALERTA] Caminhão do Carlos 3: risco 57 - agendar inspeção em breve.
Caminhão do Sérgio 2,Julho 2026,-,-,57,1.0,1.0,57,ALTO,Estilo de condução,[ALERTA] Caminhão do Sérgio 2: risco 57 - agendar inspeção em breve.
Caminhão do Yuri 3,Julho 2026,-,-,35,1.0,1.0,35,MODERADO,Desaceleração/frenagem brusca,[ATENÇÃO] Caminhão do Yuri 3: risco 35 - monitorar na próxima vistoria.
Caminhão do Valter 2,Julho 2026,-,-,26,1.0,1.0,26,MODERADO,Desaceleração/frenagem brusca,[ATENÇÃO] Caminhão do Valter 2: risco 26 - monitorar na próxima vistoria.
Caminhão da Talita 2,Julho 2026,-,-,51,1.0,1.0,51,ALTO,Estilo de condução,[ALERTA] Caminhão da Talita 2: risco 51 - agendar inspeção em breve.
Caminhão do Wagner 4,Julho 2026,-,-,48,1.0,1.0,48,MODERADO,Estilo de condução,[ATENÇÃO] Caminhão do Wagner 4: risco 48 - monitorar na próxima vistoria.
Caminhão do Fábio 4,Julho 2026,-,-,42,1.0,1.0,42,MODERADO,Desaceleração/frenagem brusca,[ATENÇÃO] Caminhão do Fábio 4: risco 42 - monitorar na próxima vistoria.
Caminhão do Ricardo 2,Julho 2026,-,-,38,1.0,1.0,38,MODERADO,Desaceleração/frenagem brusca,[ATENÇÃO] Caminhão do Ricardo 2: risco 38 - monitorar na próxima vistoria.
Caminhão da Wilma 4,Julho 2026,-,-,58,1.0,1.0,58,ALTO,Estilo de condução,[ALERTA] Caminhão da Wilma 4: risco 58 - agendar inspeção em breve.
Caminhão do Maurício 2,Julho 2026,-,-,60,1.0,1.0,60,ALTO,Estilo de condução,[ALERTA] Caminhão do Maurício 2: risco 60 - agendar inspeção em breve.
Caminhão do Eduardo 2,Julho 2026,-,-,57,1.0,1.0,57,ALTO,Estilo de condução,[ALERTA] Caminhão do Eduardo 2: risco 57 - agendar inspeção em breve.
Caminhão do Pablo 5,Julho 2026,-,-,44,1.0,1.0,44,MODERADO,Desaceleração/frenagem brusca,[ATENÇÃO] Caminhão do Pablo 5: risco 44 - monitorar na próxima vistoria.
Caminhão do Vitor 3,Julho 2026,-,-,44,1.0,1.0,44,MODERADO,Desaceleração/frenagem brusca,[ATENÇÃO] Caminhão do Vitor 3: risco 44 - monitorar na próxima vistoria.
Caminhão da Helena 2,Julho 2026,-,-,45,1.0,1.0,45,MODERADO,Estilo de condução,[ATENÇÃO] Caminhão da Helena 2: risco 45 - monitorar na próxima vistoria.
Caminhão do Ícaro 3,Julho 2026,-,-,45,1.0,1.0,45,MODERADO,Desaceleração/frenagem brusca,[ATENÇÃO] Caminhão do Ícaro 3: risco 45 - monitorar na próxima vistoria.
Caminhão do Maurício 5,Julho 2026,-,-,58,1.0,1.0,58,ALTO,Estilo de condução,[ALERTA] Caminhão do Maurício 5: risco 58 - agendar inspeção em breve.
Caminhão da Érica,Julho 2026,-,-,43,1.0,1.0,43,MODERADO,Desaceleração/frenagem brusca,[ATENÇÃO] Caminhão da Érica: risco 43 - monitorar na próxima vistoria.
Caminhão da Daniela,Julho 2026,-,-,40,1.0,1.0,40,MODERADO,Desaceleração/frenagem brusca,[ATENÇÃO] Caminhão da Daniela: risco 40 - monitorar na próxima vistoria.
Caminhão da Zilda 5,Julho 2026,-,-,42,1.0,1.0,42,MODERADO,Desaceleração/frenagem brusca,[ATENÇÃO] Caminhão da Zilda 5: risco 42 - monitorar na próxima vistoria.
Caminhão do Rogério 2,Julho 2026,-,-,56,1.0,1.0,56,ALTO,Estilo de condução,[ALERTA] Caminhão do Rogério 2: risco 56 - agendar inspeção em breve.
Caminhão da Zilda 3,Julho 2026,-,-,49,1.0,1.0,49,MODERADO,Estilo de condução,[ATENÇÃO] Caminhão da Zilda 3: risco 49 - monitorar na próxima vistoria.
Caminhão do Sérgio 3,Julho 2026,-,-,39,1.0,1.0,39,MODERADO,Estilo de frenagem,[ATENÇÃO] Caminhão do Sérgio 3: risco 39 - monitorar na próxima vistoria.
Caminhão do Paulo,Julho 2026,-,-,27,1.0,1.0,27,MODERADO,Dificuldade da rota,[ATENÇÃO] Caminhão do Paulo: risco 27 - monitorar na próxima vistoria.
Caminhão do Rogério,Julho 2026,-,-,39,1.0,1.0,39,MODERADO,Dificuldade da rota,[ATENÇÃO] Caminhão do Rogério: risco 39 - monitorar na próxima vistoria.
Caminhão do Bruno 6,Julho 2026,-,-,32,1.0,1.0,32,MODERADO,Dificuldade da rota,[ATENÇÃO] Caminhão do Bruno 6: risco 32 - monitorar na próxima vistoria.
Caminhão da Maria 5,Julho 2026,-,-,32,1.0,1.0,32,MODERADO,Desaceleração/frenagem brusca,[ATENÇÃO] Caminhão da Maria 5: risco 32 - monitorar na próxima vistoria.
Caminhão da Talita 4,Julho 2026,-,-,38,1.0,1.0,38,MODERADO,Desaceleração/frenagem brusca,[ATENÇÃO] Caminhão da Talita 4: risco 38 - monitorar na próxima vistoria.
Caminhão do Vitor 2,Julho 2026,-,-,25,1.0,1.0,25,BAIXO,Dificuldade da rota,[OK] Caminhão do Vitor 2: risco 25 - dentro do esperado.
Caminhão do Gustavo 3,Julho 2026,-,-,39,1.0,1.0,39,MODERADO,Dificuldade da rota,[ATENÇÃO] Caminhão do Gustavo 3: risco 39 - monitorar na próxima vistoria.
Caminhão do José 5,Julho 2026,-,-,48,1.0,1.0,48,MODERADO,Estilo de condução,[ATENÇÃO] Caminhão do José 5: risco 48 - monitorar na próxima vistoria.
Caminhão do Gustavo 2,Julho 2026,-,-,44,1.0,1.0,44,MODERADO,Estilo de condução,[ATENÇÃO] Caminhão do Gustavo 2: risco 44 - monitorar na próxima vistoria.
Caminhão da Joana 4,Julho 2026,-,-,38,1.0,1.0,38,MODERADO,Desaceleração/frenagem brusca,[ATENÇÃO] Caminhão da Joana 4: risco 38 - monitorar na próxima vistoria.
Caminhão do Fábio 5,Julho 2026,-,-,52,1.0,1.0,52,ALTO,Estilo de condução,[ALERTA] Caminhão do Fábio 5: risco 52 - agendar inspeção em breve.
Caminhão do Davi 4,Julho 2026,-,-,42,1.0,1.0,42,MODERADO,Dificuldade da rota,[ATENÇÃO] Caminhão do Davi 4: risco 42 - monitorar na próxima vistoria.
Caminhão do João 2,Julho 2026,-,-,43,1.0,1.0,43,MODERADO,Estilo de condução,[ATENÇÃO] Caminhão do João 2: risco 43 - monitorar na próxima vistoria.
Caminhão do Alexandre 5,Julho 2026,-,-,36,1.0,1.0,36,MODERADO,Dificuldade da rota,[ATENÇÃO] Caminhão do Alexandre 5: risco 36 - monitorar na próxima vistoria.
Caminhão da Raquel,Julho 2026,-,-,49,1.0,1.0,49,MODERADO,Estilo de condução,[ATENÇÃO] Caminhão da Raquel: risco 49 - monitorar na próxima vistoria.
Caminhão da Larissa 5,Julho 2026,-,-,41,1.0,1.0,41,MODERADO,Estilo de condução,[ATENÇÃO] Caminhão da Larissa 5: risco 41 - monitorar na próxima vistoria.
Caminhão do Henrique 5,Julho 2026,-,-,47,1.0,1.0,47,MODERADO,Estilo de condução,[ATENÇÃO] Caminhão do Henrique 5: risco 47 - monitorar na próxima vistoria.
Caminhão da Helena 4,Julho 2026,-,-,29,1.0,1.0,29,MODERADO,Dificuldade da rota,[ATENÇÃO] Caminhão da Helena 4: risco 29 - monitorar na próxima vistoria.
Caminhão da Débora 4,Julho 2026,-,-,22,1.0,1.0,22,BAIXO,Dificuldade da rota,[OK] Caminhão da Débora 4: risco 22 - dentro do esperado.
Caminhão do Vinícius 3,Julho 2026,-,-,46,1.0,1.0,46,MODERADO,Estilo de condução,[ATENÇÃO] Caminhão do Vinícius 3: risco 46 - monitorar na próxima vistoria.
Caminhão do Gustavo 4,Julho 2026,-,-,39,1.0,1.0,39,MODERADO,Estilo de condução,[ATENÇÃO] Caminhão do Gustavo 4: risco 39 - monitorar na próxima vistoria.
Caminhão do Marcelo 3,Julho 2026,-,-,31,1.0,1.0,31,MODERADO,Desaceleração/frenagem brusca,[ATENÇÃO] Caminhão do Marcelo 3: risco 31 - monitorar na próxima vistoria.
Caminhão do Daniel 2,Julho 2026,-,-,59,1.0,1.0,59,ALTO,Estilo de condução,[ALERTA] Caminhão do Daniel 2: risco 59 - agendar inspeção em breve.
Caminhão do Vitor 5,Julho 2026,-,-,37,1.0,1.0,37,MODERADO,Dificuldade da rota,[ATENÇÃO] Caminhão do Vitor 5: risco 37 - monitorar na próxima vistoria.
Caminhão da Mariana 5,Julho 2026,-,-,43,1.0,1.0,43,MODERADO,Desaceleração/frenagem brusca,[ATENÇÃO] Caminhão da Mariana 5: risco 43 - monitorar na próxima vistoria.
Caminhão do Joaquim 2,Julho 2026,-,-,46,1.0,1.0,46,MODERADO,Estilo de condução,[ATENÇÃO] Caminhão do Joaquim 2: risco 46 - monitorar na próxima vistoria.
Caminhão do Heitor 5,Julho 2026,-,-,42,1.0,1.0,42,MODERADO,Desaceleração/frenagem brusca,[ATENÇÃO] Caminhão do Heitor 5: risco 42 - monitorar na próxima vistoria.
Caminhão do Valter 5,Julho 2026,-,-,39,1.0,1.0,39,MODERADO,Estilo de condução,[ATENÇÃO] Caminhão do Valter 5: risco 39 - monitorar na próxima vistoria.
Caminhão da Marta,Julho 2026,-,-,38,1.0,1.0,38,MODERADO,Estilo de condução,[ATENÇÃO] Caminhão da Marta: risco 38 - monitorar na próxima vistoria.
Caminhão do Kleber 5,Julho 2026,-,-,53,1.0,1.0,53,ALTO,Estilo de condução,[ALERTA] Caminhão do Kleber 5: risco 53 - agendar inspeção em breve.
Caminhão do Alexandre,Julho 2026,-,-,46,1.0,1.0,46,MODERADO,Estilo de condução,[ATENÇÃO] Caminhão do Alexandre: risco 46 - monitorar na próxima vistoria.
Caminhão do Ricardo 6,Julho 2026,-,-,21,1.0,1.0,21,BAIXO,Dificuldade da rota,[OK] Caminhão do Ricardo 6: risco 21 - dentro do esperado.
Caminhão do Otávio,Julho 2026,-,-,34,1.0,1.0,34,MODERADO,Desaceleração/frenagem brusca,[ATENÇÃO] Caminhão do Otávio: risco 34 - monitorar na próxima vistoria.
Caminhão do Antônio 4,Julho 2026,-,-,35,1.0,1.0,35,MODERADO,Desaceleração/frenagem brusca,[ATENÇÃO] Caminhão do Antônio 4: risco 35 - monitorar na próxima vistoria.
Caminhão do Fernando 3,Julho 2026,-,-,46,1.0,1.0,46,MODERADO,Desaceleração/frenagem brusca,[ATENÇÃO] Caminhão do Fernando 3: risco 46 - monitorar na próxima vistoria.
Caminhão do Alexandre 2,Julho 2026,-,-,34,1.0,1.0,34,MODERADO,Dificuldade da rota,[ATENÇÃO] Caminhão do Alexandre 2: risco 34 - monitorar na próxima vistoria.
Caminhão do Ícaro 4,Julho 2026,-,-,45,1.0,1.0,45,MODERADO,Estilo de condução,[ATENÇÃO] Caminhão do Ícaro 4: risco 45 - monitorar na próxima vistoria.
Caminhão da Renata 4,Julho 2026,-,-,39,1.0,1.0,39,MODERADO,Desaceleração/frenagem brusca,[ATENÇÃO] Caminhão da Renata 4: risco 39 - monitorar na próxima vistoria.
Caminhão da Beatriz 2,Julho 2026,-,-,30,1.0,1.0,30,MODERADO,Desaceleração/frenagem brusca,[ATENÇÃO] Caminhão da Beatriz 2: risco 30 - monitorar na próxima vistoria.
Caminhão do Otávio 2,Julho 2026,-,-,32,1.0,1.0,32,MODERADO,Desaceleração/frenagem brusca,[ATENÇÃO] Caminhão do Otávio 2: risco 32 - monitorar na próxima vistoria.
Caminhão da Patrícia,Julho 2026,-,-,44,1.0,1.0,44,MODERADO,Estilo de condução,[ATENÇÃO] Caminhão da Patrícia: risco 44 - monitorar na próxima vistoria.
Caminhão do Daniel 5,Julho 2026,-,-,28,1.0,1.0,28,MODERADO,Dificuldade da rota,[ATENÇÃO] Caminhão do Daniel 5: risco 28 - monitorar na próxima vistoria.
Caminhão do Heitor 4,Julho 2026,-,-,42,1.0,1.0,42,MODERADO,Estilo de condução,[ATENÇÃO] Caminhão do Heitor 4: risco 42 - monitorar na próxima vistoria.
Caminhão da Patrícia 4,Julho 2026,-,-,23,1.0,1.0,23,BAIXO,Estilo de condução,[OK] Caminhão da Patrícia 4: risco 23 - dentro do esperado.
Caminhão do Roberto 4,Julho 2026,-,-,29,1.0,1.0,29,MODERADO,Desaceleração/frenagem brusca,[ATENÇÃO] Caminhão do Roberto 4: risco 29 - monitorar na próxima vistoria.
Caminhão do Fernando 5,Julho 2026,-,-,42,1.0,1.0,42,MODERADO,Estilo de condução,[ATENÇÃO] Caminhão do Fernando 5: risco 42 - monitorar na próxima vistoria.
Caminhão do Zeca 4,Julho 2026,-,-,25,1.0,1.0,25,BAIXO,Desaceleração/frenagem brusca,[OK] Caminhão do Zeca 4: risco 25 - dentro do esperado.
Caminhão do Roberto 5,Julho 2026,-,-,24,1.0,1.0,24,BAIXO,Desaceleração/frenagem brusca,[OK] Caminhão do Roberto 5: risco 24 - dentro do esperado.
Caminhão da Eliana 5,Julho 2026,-,-,37,1.0,1.0,37,MODERADO,Dificuldade da rota,[ATENÇÃO] Caminhão da Eliana 5: risco 37 - monitorar na próxima vistoria.
Caminhão do Henrique 2,Julho 2026,-,-,34,1.0,1.0,34,MODERADO,Desaceleração/frenagem brusca,[ATENÇÃO] Caminhão do Henrique 2: risco 34 - monitorar na próxima vistoria.
Caminhão da Marta 3,Julho 2026,-,-,38,1.0,1.0,38,MODERADO,Desaceleração/frenagem brusca,[ATENÇÃO] Caminhão da Marta 3: risco 38 - monitorar na próxima vistoria.
Caminhão do Antônio 6,Julho 2026,-,-,39,1.0,1.0,39,MODERADO,Estilo de condução,[ATENÇÃO] Caminhão do Antônio 6: risco 39 - monitorar na próxima vistoria.
Caminhão do José 2,Julho 2026,-,-,36,1.0,1.0,36,MODERADO,Estilo de condução,[ATENÇÃO] Caminhão do José 2: risco 36 - monitorar na próxima vistoria.
Caminhão do Leonardo 5,Julho 2026,-,-,39,1.0,1.0,39,MODERADO,Estilo de condução,[ATENÇÃO] Caminhão do Leonardo 5: risco 39 - monitorar na próxima vistoria.
Caminhão do Lucas 4,Julho 2026,-,-,30,1.0,1.0,30,MODERADO,Dificuldade da rota,[ATENÇÃO] Caminhão do Lucas 4: risco 30 - monitorar na próxima vistoria.
Caminhão do Mateus,Julho 2026,-,-,27,1.0,1.0,27,MODERADO,Estilo de condução,[ATENÇÃO] Caminhão do Mateus: risco 27 - monitorar na próxima vistoria.
Caminhão da Adriana 3,Julho 2026,-,-,30,1.0,1.0,30,MODERADO,Dificuldade da rota,[ATENÇÃO] Caminhão da Adriana 3: risco 30 - monitorar na próxima vistoria.
Caminhão do Maurício,Julho 2026,-,-,20,1.0,1.0,20,BAIXO,Desaceleração/frenagem brusca,[OK] Caminhão do Maurício: risco 20 - dentro do esperado.
Caminhão do Jorge 5,Julho 2026,-,-,51,1.0,1.0,51,ALTO,Estilo de condução,[ALERTA] Caminhão do Jorge 5: risco 51 - agendar inspeção em breve.
Caminhão da Juliana 4,Julho 2026,-,-,44,1.0,1.0,44,MODERADO,Estilo de condução,[ATENÇÃO] Caminhão da Juliana 4: risco 44 - monitorar na próxima vistoria.
Caminhão do Marcelo 6,Julho 2026,-,-,53,1.0,1.0,53,ALTO,Estilo de condução,[ALERTA] Caminhão do Marcelo 6: risco 53 - agendar inspeção em breve.
Caminhão do Miguel 6,Julho 2026,-,-,31,1.0,1.0,31,MODERADO,Dificuldade da rota,[ATENÇÃO] Caminhão do Miguel 6: risco 31 - monitorar na próxima vistoria.
Caminhão da Valéria 4,Julho 2026,-,-,32,1.0,1.0,32,MODERADO,Desaceleração/frenagem brusca,[ATENÇÃO] Caminhão da Valéria 4: risco 32 - monitorar na próxima vistoria.
Caminhão da Carla 2,Julho 2026,-,-,34,1.0,1.0,34,MODERADO,Dificuldade da rota,[ATENÇÃO] Caminhão da Carla 2: risco 34 - monitorar na próxima vistoria.
Caminhão da Marta 5,Julho 2026,-,-,61,1.0,1.0,61,ALTO,Estilo de condução,[ALERTA] Caminhão da Marta 5: risco 61 - agendar inspeção em breve.
Caminhão da Eliana 4,Julho 2026,-,-,49,1.0,1.0,49,MODERADO,Desaceleração/frenagem brusca,[ATENÇÃO] Caminhão da Eliana 4: risco 49 - monitorar na próxima vistoria.
Caminhão da Carla 5,Julho 2026,-,-,51,1.0,1.0,51,ALTO,Estilo de condução,[ALERTA] Caminhão da Carla 5: risco 51 - agendar inspeção em breve.
Caminhão do Gustavo 6,Julho 2026,-,-,36,1.0,1.0,36,MODERADO,Desaceleração/frenagem brusca,[ATENÇÃO] Caminhão do Gustavo 6: risco 36 - monitorar na próxima vistoria.
Caminhão do Valter 4,Julho 2026,-,-,31,1.0,1.0,31,MODERADO,Dificuldade da rota,[ATENÇÃO] Caminhão do Valter 4: risco 31 - monitorar na próxima vistoria.
Caminhão do Marcos 4,Julho 2026,-,-,36,1.0,1.0,36,MODERADO,Desaceleração/frenagem brusca,[ATENÇÃO] Caminhão do Marcos 4: risco 36 - monitorar na próxima vistoria.
Caminhão da Raquel 2,Julho 2026,-,-,42,1.0,1.0,42,MODERADO,Estilo de condução,[ATENÇÃO] Caminhão da Raquel 2: risco 42 - monitorar na próxima vistoria.
Caminhão da Débora 5,Julho 2026,-,-,47,1.0,1.0,47,MODERADO,Estilo de frenagem,[ATENÇÃO] Caminhão da Débora 5: risco 47 - monitorar na próxima vistoria.
Caminhão do Paulo 2,Julho 2026,-,-,35,1.0,1.0,35,MODERADO,Desaceleração/frenagem brusca,[ATENÇÃO] Caminhão do Paulo 2: risco 35 - monitorar na próxima vistoria.
Caminhão do Rodrigo,Julho 2026,-,-,35,1.0,1.0,35,MODERADO,Dificuldade da rota,[ATENÇÃO] Caminhão do Rodrigo: risco 35 - monitorar na próxima vistoria.
Caminhão do Orlando 3,Julho 2026,-,-,30,1.0,1.0,30,MODERADO,Dificuldade da rota,[ATENÇÃO] Caminhão do Orlando 3: risco 30 - monitorar na próxima vistoria.
Caminhão da Daniela 2,Julho 2026,-,-,47,1.0,1.0,47,MODERADO,Estilo de condução,[ATENÇÃO] Caminhão da Daniela 2: risco 47 - monitorar na próxima vistoria.
Caminhão do Daniel 6,Julho 2026,-,-,49,1.0,1.0,49,MODERADO,Estilo de condução,[ATENÇÃO] Caminhão do Daniel 6: risco 49 - monitorar na próxima vistoria.
Caminhão da Olívia 5,Julho 2026,-,-,30,1.0,1.0,30,MODERADO,Desaceleração/frenagem brusca,[ATENÇÃO] Caminhão da Olívia 5: risco 30 - monitorar na próxima vistoria.
Caminhão da Clotilde 4,Julho 2026,-,-,53,1.0,1.0,53,ALTO,Estilo de condução,[ALERTA] Caminhão da Clotilde 4: risco 53 - agendar inspeção em breve.
Caminhão do Roberto 3,Julho 2026,-,-,31,1.0,1.0,31,MODERADO,Dificuldade da rota,[ATENÇÃO] Caminhão do Roberto 3: risco 31 - monitorar na próxima vistoria.
Caminhão da Úrsula,Julho 2026,-,-,20,1.0,1.0,20,BAIXO,Dificuldade da rota,[OK] Caminhão da Úrsula: risco 20 - dentro do esperado.
Caminhão do André 4,Julho 2026,-,-,47,1.0,1.0,47,MODERADO,Desaceleração/frenagem brusca,[ATENÇÃO] Caminhão do André 4: risco 47 - monitorar na próxima vistoria.
Caminhão da Zilda 4,Julho 2026,-,-,34,1.0,1.0,34,MODERADO,Estilo de condução,[ATENÇÃO] Caminhão da Zilda 4: risco 34 - monitorar na próxima vistoria.
Caminhão do Renato 5,Julho 2026,-,-,33,1.0,1.0,33,MODERADO,Dificuldade da rota,[ATENÇÃO] Caminhão do Renato 5: risco 33 - monitorar na próxima vistoria.
Caminhão do Wagner 3,Julho 2026,-,-,25,1.0,1.0,25,BAIXO,Desaceleração/frenagem brusca,[OK] Caminhão do Wagner 3: risco 25 - dentro do esperado.
Caminhão do Marcelo 4,Julho 2026,-,-,47,1.0,1.0,47,MODERADO,Estilo de condução,[ATENÇÃO] Caminhão do Marcelo 4: risco 47 - monitorar na próxima vistoria.
Caminhão da Érica 4,Julho 2026,-,-,42,1.0,1.0,42,MODERADO,Desaceleração/frenagem brusca,[ATENÇÃO] Caminhão da Érica 4: risco 42 - monitorar na próxima vistoria.
Caminhão do Márcio,Julho 2026,-,-,51,1.0,1.0,51,ALTO,Estilo de condução,[ALERTA] Caminhão do Márcio: risco 51 - agendar inspeção em breve.
Caminhão do Wagner 5,Julho 2026,-,-,21,1.0,1.0,21,BAIXO,Dificuldade da rota,[OK] Caminhão do Wagner 5: risco 21 - dentro do esperado.
Caminhão do Gabriel 6,Julho 2026,-,-,46,1.0,1.0,46,MODERADO,Estilo de condução,[ATENÇÃO] Caminhão do Gabriel 6: risco 46 - monitorar na próxima vistoria.
Caminhão do Henrique,Julho 2026,-,-,42,1.0,1.0,42,MODERADO,Estilo de condução,[ATENÇÃO] Caminhão do Henrique: risco 42 - monitorar na próxima vistoria.
Caminhão do Renato 2,Julho 2026,-,-,48,1.0,1.0,48,MODERADO,Estilo de condução,[ATENÇÃO] Caminhão do Renato 2: risco 48 - monitorar na próxima vistoria.
Caminhão da Úrsula 4,Julho 2026,-,-,33,1.0,1.0,33,MODERADO,Estilo de condução,[ATENÇÃO] Caminhão da Úrsula 4: risco 33 - monitorar na próxima vistoria.
Caminhão da Débora 2,Julho 2026,-,-,54,1.0,1.0,54,ALTO,Estilo de condução,[ALERTA] Caminhão da Débora 2: risco 54 - agendar inspeção em breve.
Caminhão do Rogério 3,Julho 2026,-,-,46,1.0,1.0,46,MODERADO,Estilo de condução,[ATENÇÃO] Caminhão do Rogério 3: risco 46 - monitorar na próxima vistoria.
Caminhão da Giovana 2,Julho 2026,-,-,45,1.0,1.0,45,MODERADO,Desaceleração/frenagem brusca,[ATENÇÃO] Caminhão da Giovana 2: risco 45 - monitorar na próxima vistoria.
Caminhão do Eduardo 4,Julho 2026,-,-,30,1.0,1.0,30,MODERADO,Dificuldade da rota,[ATENÇÃO] Caminhão do Eduardo 4: risco 30 - monitorar na próxima vistoria.
Caminhão do Nelson,Julho 2026,-,-,30,1.0,1.0,30,MODERADO,Dificuldade da rota,[ATENÇÃO] Caminhão do Nelson: risco 30 - monitorar na próxima vistoria.
Caminhão do Mateus 6,Julho 2026,-,-,43,1.0,1.0,43,MODERADO,Desaceleração/frenagem brusca,[ATENÇÃO] Caminhão do Mateus 6: risco 43 - monitorar na próxima vistoria.
Caminhão do Rodrigo 2,Julho 2026,-,-,37,1.0,1.0,37,MODERADO,Desaceleração/frenagem brusca,[ATENÇÃO] Caminhão do Rodrigo 2: risco 37 - monitorar na próxima vistoria.
Caminhão do João 4,Julho 2026,-,-,47,1.0,1.0,47,MODERADO,Estilo de condução,[ATENÇÃO] Caminhão do João 4: risco 47 - monitorar na próxima vistoria.
Caminhão do Pedro 3,Julho 2026,-,-,59,1.0,1.0,59,ALTO,Estilo de condução,[ALERTA] Caminhão do Pedro 3: risco 59 - agendar inspeção em breve.
Caminhão da Wilma 2,Julho 2026,-,-,26,1.0,1.0,26,MODERADO,Desaceleração/frenagem brusca,[ATENÇÃO] Caminhão da Wilma 2: risco 26 - monitorar na próxima vistoria.
Caminhão da Patrícia 2,Julho 2026,-,-,22,1.0,1.0,22,BAIXO,Desaceleração/frenagem brusca,[OK] Caminhão da Patrícia 2: risco 22 - dentro do esperado.
Caminhão da Olívia 4,Julho 2026,-,-,61,1.0,1.0,61,ALTO,Estilo de condução,[ALERTA] Caminhão da Olívia 4: risco 61 - agendar inspeção em breve.
Caminhão da Karina,Julho 2026,-,-,53,1.0,1.0,53,ALTO,Estilo de condução,[ALERTA] Caminhão da Karina: risco 53 - agendar inspeção em breve.
Caminhão da Giovana 3,Julho 2026,-,-,27,1.0,1.0,27,MODERADO,Dificuldade da rota,[ATENÇÃO] Caminhão da Giovana 3: risco 27 - monitorar na próxima vistoria.
Caminhão da Natália 2,Julho 2026,-,-,47,1.0,1.0,47,MODERADO,Estilo de frenagem,[ATENÇÃO] Caminhão da Natália 2: risco 47 - monitorar na próxima vistoria.
Caminhão da Renata,Julho 2026,-,-,57,1.0,1.0,57,ALTO,Estilo de condução,[ALERTA] Caminhão da Renata: risco 57 - agendar inspeção em breve.
Caminhão da Ivone 5,Julho 2026,-,-,26,1.0,1.0,26,MODERADO,Dificuldade da rota,[ATENÇÃO] Caminhão da Ivone 5: risco 26 - monitorar na próxima vistoria.
Caminhão da Flávia 4,Julho 2026,-,-,43,1.0,1.0,43,MODERADO,Desaceleração/frenagem brusca,[ATENÇÃO] Caminhão da Flávia 4: risco 43 - monitorar na próxima vistoria.
Caminhão da Helena,Julho 2026,-,-,26,1.0,1.0,26,MODERADO,Desaceleração/frenagem brusca,[ATENÇÃO] Caminhão da Helena: risco 26 - monitorar na próxima vistoria.
Caminhão da Priscila 4,Julho 2026,-,-,45,1.0,1.0,45,MODERADO,Estilo de condução,[ATENÇÃO] Caminhão da Priscila 4: risco 45 - monitorar na próxima vistoria.
Caminhão da Camila 5,Julho 2026,-,-,37,1.0,1.0,37,MODERADO,Desaceleração/frenagem brusca,[ATENÇÃO] Caminhão da Camila 5: risco 37 - monitorar na próxima vistoria.
Caminhão da Isabela 2,Julho 2026,-,-,27,1.0,1.0,27,MODERADO,Desaceleração/frenagem brusca,[ATENÇÃO] Caminhão da Isabela 2: risco 27 - monitorar na próxima vistoria.
Caminhão da Vanessa 4,Julho 2026,-,-,53,1.0,1.0,53,ALTO,Estilo de condução,[ALERTA] Caminhão da Vanessa 4: risco 53 - agendar inspeção em breve.
Caminhão do Joaquim 3,Julho 2026,-,-,54,1.0,1.0,54,ALTO,Estilo de condução,[ALERTA] Caminhão do Joaquim 3: risco 54 - agendar inspeção em breve.
Caminhão do Kleber 2,Julho 2026,-,-,27,1.0,1.0,27,MODERADO,Desaceleração/frenagem brusca,[ATENÇÃO] Caminhão do Kleber 2: risco 27 - monitorar na próxima vistoria.
Caminhão do Diego 4,Julho 2026,-,-,36,1.0,1.0,36,MODERADO,Dificuldade da rota,[ATENÇÃO] Caminhão do Diego 4: risco 36 - monitorar na próxima vistoria.
